RatingID,ProviderID,RatingSourceID,RatingSourceName,RatingType,RatingValue,RatingStartDate,RatingEndDate
ed0f37de-d9b8-496c-99a0-b81eb57ae7eb,9cce144a-a1e2-4d09-b5c5-6af3c93c2ef3,9d93e900-793b-46a7-918b-a483d525825b,Internal Audit,Peer,2.7,08-01-2022,05-06-2024
c4b7ad62-f8e7-4bf2-a126-a82040cbed61,6de87d10-a676-40a6-8f74-fe5f86a68327,29b5c4ba-3db6-4432-8fc0-fc7d46605ffc,Vitals,Internal,1.9,07-11-2021,15-09-2022
84f758ad-3752-4747-b1af-0dd8abc1a56c,b1f9f8b9-d074-4bde-9de1-56ee5f807ded,275a8458-17cb-4675-a214-ca9f4739f1b6,Internal Audit,Internal,1.4,08-06-2021,28-02-2024
e1d0c9f7-f658-45b2-9ea3-0e24b10ec5c5,22f83106-4e2d-4c64-8d94-af4b260aaa4f,4c09a3d7-51a8-4440-a099-4d085dd7f0f9,Vitals,Patient,3,11-09-2022,29-11-2024
e79a91e7-fa3f-4c3a-bb18-d07bd4a3a5d8,70e78c27-6acc-4f4e-b68e-d6a19e4df317,70ae1e87-47e3-4ef2-96f7-c247b990f69b,Vitals,Internal,4.5,15-12-2022,24-08-2024
f2295ce6-dafd-4136-9e0b-b23929ad9e69,ec794cf5-db73-495c-b537-9f04a4838730,8cbb3524-e37f-4bec-a1ee-3fea91656d03,Internal Audit,Patient,3.4,15-09-2022,27-10-2023
a1af7f18-4761-427a-90c9-ee9249e25dd2,0771df48-3857-48af-8640-516b3af6ef00,40a96a05-05e0-422b-8d35-6cd8b01287bb,Internal Audit,Peer,3.1,24-01-2021,05-09-2021
436283b6-42a0-4159-a1cd-78e77806eda5,8b56088e-3c02-429e-b522-586325be2907,ea30e990-25cd-43ad-8ecb-aad024e0c5f9,Vitals,Patient,4.6,24-11-2023,12-03-2024
8713d2de-3347-4614-844d-ee6010b25c59,0d3f7937-cc5a-4d6f-83b9-4e07cdc35479,bbde9306-3d9d-4437-9339-7ece5ca65f94,Internal Audit,Patient,2.2,06-11-2020,24-09-2022
03b08bb1-d994-4100-8628-880e7ebb0470,d075e02a-594b-4d20-ad16-fb60423c3498,c80017ed-0d08-4543-b284-dc5ec589c9aa,Healthgrades,Patient,2.7,20-06-2022,05-04-2023
ed3cb0ae-2760-4360-ab40-a2be6f620801,405cb933-321d-435a-92cf-3d95f160f3dc,6ff8774a-7edc-4480-b5b0-e996d948f370,Healthgrades,Patient,2.9,08-11-2022,26-12-2022
42d4f876-03c0-4f9c-912e-20be151fd7e5,40993c5a-fcc2-4818-a7be-96b4b22239ec,a42c1b71-be96-4983-b949-5722d535fd7e,RateMDs,Internal,4.3,10-01-2024,05-03-2025
9886c72d-1fc1-44c0-845f-3a9a92a77f43,b51b3ebc-1c24-4efd-8020-60b6f42fdf8d,0ca11a56-d79d-4ad4-a066-6c8473a8f77f,Internal Audit,Internal,4,03-06-2021,09-08-2022
fed25fe2-c75f-467a-be46-616ba90acab8,df0d3f76-78c9-453f-b23a-d61d895a7b8a,e9f4400d-ca70-497a-ba76-edb02a5f462e,Healthgrades,Internal,3.7,09-12-2021,03-04-2022
4a698fba-d617-46fb-8e4c-b812a6e71539,85473c77-2574-44b8-b979-114e5107f22a,e83d3d93-5273-46cc-b4bd-a78fd291e9dd,Healthgrades,Internal,2.4,18-03-2023,18-02-2024
31a9541b-7509-47fa-9042-b4d35fd9447d,f5aa8ddf-9655-43aa-ab30-e0172eea0828,645a5ea3-4694-455b-b82d-56a7bc125de7,Healthgrades,Peer,1.2,09-03-2023,26-10-2024
e6974bb7-38aa-49a1-aa02-87e5404ec803,ecf652f9-46ca-497a-88e5-a2042b76f9a2,ac9dfba8-afec-44f0-b225-b203ccbd692e,Healthgrades,Internal,4.9,09-09-2022,09-10-2022
5e2399db-4638-4396-b023-db005290345f,58eab510-fcba-4b11-8292-ff57f85b240b,f3dbe358-5f4a-4896-b00a-5fb3c5496c13,Vitals,Patient,4.4,27-12-2020,18-10-2021
89b43949-37be-4f1f-be73-8a045b5e8c0f,03d8303d-b678-4220-a8d7-f0d3863e9fe0,a29e208e-f348-4b67-880f-0f71792d3275,RateMDs,Internal,2.3,17-05-2024,18-05-2025
c3584ac5-4add-4c1d-90df-ebddfb3250b4,80069fb2-8c38-42a5-8488-01f7b93bd013,be1879ab-bb23-4991-85c3-a9ac92c90d9e,Healthgrades,Patient,2.6,21-03-2024,21-04-2025
8178ce8d-0012-4322-85c3-caed33748d0c,405e62cc-620e-482c-a26b-470e25687be3,1a888658-46c2-445a-a6ef-7e0954f52591,Healthgrades,Patient,3.1,07-07-2020,08-10-2020
8ddef00e-fd23-419c-9f15-eb4ff59be99d,3bdec61b-b1d7-4f6d-bc5f-8a873bb6eced,54fbc4d6-807e-470a-bc66-6babf88fcf2e,Internal Audit,Patient,2.2,06-01-2021,26-01-2023
33ac9cb4-9880-4130-a0f9-abafcf9050f6,aebb84d3-5c79-4921-ae0a-4e6dd3fae96d,8ddcccb0-3c96-495e-82db-c1fa7cf166c1,Vitals,Patient,2.7,18-12-2021,14-01-2023
2408728a-2e01-4657-9b3f-aa72989d420a,c4fe0c44-1ce7-431f-830b-0ffd5ef44067,ac186636-faea-4087-bba4-c215b5570ac1,Internal Audit,Patient,2.8,13-10-2022,11-08-2024
9b82578c-0141-49e5-b9f4-4a840599f382,3a74387c-cade-4433-8bd3-157412b302a8,14e08277-6aa0-4826-897f-69452d28ec90,Vitals,Internal,3,20-12-2023,02-07-2025
08ba290e-0a1a-47e4-a9b4-15a3cd4bb1a5,e46571fe-07e4-45a6-893d-f07cd9dd9117,6d0e5357-4972-4750-9da8-8aa72f3a1ce6,Vitals,Peer,3.6,19-07-2021,08-03-2024
b9036abd-56ed-4514-88ad-61c756d36d15,7ef37887-1877-4be9-86f2-c6fceca52d5a,706fffe4-42f7-4d0a-86ea-d7e653c195b8,Healthgrades,Peer,3.9,02-02-2023,02-07-2025
f5fe80dc-7904-425b-adaa-b89e468fafed,58983713-d051-4e41-98b9-1ad68d3d9522,8632ac34-5faf-43b3-ab13-70529d650339,Vitals,Internal,4.3,20-02-2024,02-07-2025
302bb9b4-1611-4669-b370-2b85fbeccd9d,a5bab3fc-694f-4dc5-85b1-05a5ad78a7af,fad8f595-9e12-4778-a69f-19248de1b418,Internal Audit,Peer,4.1,27-01-2021,13-06-2021
2ef7841a-8ff1-47b7-9051-98611c534324,2d8659ca-c760-4839-8ddd-4f7e25de2bc7,86bdc580-f76d-47ed-9170-f8ff3f00e4a3,Internal Audit,Patient,1.5,21-12-2022,05-08-2023
0f6082fc-d370-4d54-917b-814e3d7899a6,58c398f7-0812-4e97-8a0b-bcfe1b5dbf21,3be14a68-afd6-4059-a5c8-352fe2a8b6dc,RateMDs,Peer,4,09-10-2022,02-04-2024
ee4730dd-cb2c-4b72-ba9b-317ade626a37,520bc35d-cdd1-4007-b1af-7bd374e41250,c438f118-7ff4-4627-ab1d-149b66966904,Healthgrades,Patient,4.4,06-09-2022,08-05-2025
1d98b829-3609-434b-8717-79d6280055a1,61003682-6150-4367-9417-7b2cfdfbe9b8,ac6063fd-465b-47af-a15b-41441d3a56d6,Internal Audit,Patient,1.4,18-03-2022,21-11-2022
4b86e352-490d-459a-8b85-976ee303adb0,796228d5-1e00-4e63-b294-a519bed89701,2afb84f9-0e07-4ba1-86fc-890c49f855d3,Vitals,Patient,4.8,21-11-2021,03-06-2022
1db2a7ba-512b-475c-93c5-9fb9fb891c91,62451773-ac86-4ce6-a61d-3ace3ba77955,26159d57-ab8f-4703-aee7-a1b439c0b1cf,Internal Audit,Internal,4,15-11-2020,28-05-2022
33eeae17-1c0c-4d30-bef8-a4779b69f18a,92f56086-f0c7-4792-b7ea-925d2657d2f6,a825dcfe-2254-4d46-89f9-8c6e48a7cf7f,RateMDs,Peer,1.6,28-02-2022,28-10-2023
92a74178-df22-4a9c-98b4-bbb654265898,4cd5d6ac-e0ca-4945-a5e9-f2e3105bffa9,2de44a12-d648-4bde-b4d0-6776d5d0bf38,Internal Audit,Peer,3,30-01-2024,02-07-2025
d3956a97-8579-4175-bd5b-b1b10e1b8f92,dd813dc4-1366-4aa3-ae19-8499e145c826,d7ba997b-f292-4625-b583-068595e1a0d7,RateMDs,Internal,4.7,21-11-2022,17-06-2024
a3fbafd9-efb9-454c-8c5e-f6b012ad0c2f,6a111c9f-f2c2-4e07-be66-8c8cad8ea67c,5f02c308-5da6-47f7-a113-e45eaf7f7ffb,RateMDs,Patient,1.9,01-01-2023,23-07-2024
b05f3e6e-bf0f-47cc-8e79-1561dd1915b2,f5cf9a2c-f1ed-435f-97da-8d9713e2293b,aaed8353-2f50-4b7f-bf68-4d8fd3ba3020,Healthgrades,Patient,1.2,31-07-2021,23-06-2022
640ca0b8-aad6-49c3-b2a9-47e7c633232f,b0956c5b-d918-4445-94fa-3890e7f4aeac,50a6ff29-fa0d-4671-a7a2-416f0803ccdc,Vitals,Peer,4,06-04-2022,28-08-2024
0ae0b3bc-0b20-4505-8266-30ddc5cd79f9,5effb935-5090-4af6-a276-6f49028efa7f,0c4ded9b-e510-4c0c-aa5e-6fda718f67ee,Internal Audit,Internal,2,01-04-2024,07-04-2025
9e6864d8-dc0e-4a88-b871-0983eef4003e,afbb8da0-1ad9-4e9b-8eb4-59c02959cc3f,2da8f243-2d8b-44fd-aaed-9486c654c1dd,Healthgrades,Patient,2.1,25-06-2021,06-04-2023
fef23006-d5a6-4cc0-8a65-c0e72af0f020,88229580-f7e9-4e95-8add-135709284134,b87c32d2-05d5-4c4c-863e-b78425f8b878,RateMDs,Patient,2.8,17-12-2023,02-07-2025
4f3d98f8-9029-4244-a14c-3663ab3f8243,b3ce6a89-ee48-4fd0-b4e5-a897d7fe4544,212003d7-9b6a-402a-8812-1f89eba5bc01,RateMDs,Internal,1.2,21-02-2024,02-07-2025
b0d6a30c-44b8-48c7-83e2-f5e78006500f,63e6f90b-6c5e-4228-83b8-c77f9db76e8c,2de845ec-fa53-4027-8e76-7d7568802e7a,Vitals,Peer,3.2,20-03-2024,02-07-2025
44137b90-ef69-43d0-a8f1-96b252df82cc,b4ed3446-cb1e-472c-91a8-1749ec3b4891,136845c4-5729-4db6-8801-606d11c644d3,Vitals,Internal,4.1,12-09-2023,02-04-2024
1f3c3a86-8f53-42e3-b710-e452ba16db34,f30d824a-7137-4ceb-8e9e-db40ab2f349d,14316183-e0cc-4f2e-af2f-83e367ea394f,Healthgrades,Internal,2.5,25-04-2021,03-08-2023
2df948c0-7e30-4683-8e3a-a2200bae2df6,fa4a3ba4-8f7c-4178-b69d-eb516023717d,219e32c2-74ad-4b65-a6b4-4308159394f6,Healthgrades,Peer,4,20-06-2024,02-07-2025
44affac8-ef86-4703-aa3e-ff68a2491c86,d2e1594a-3439-498b-8160-5e22c0316398,945b3ce3-5b96-448b-8e21-b89229d0b0b8,Vitals,Internal,4.3,01-10-2021,17-10-2022
30611e6a-94fe-413a-83df-37102a8c1d07,be65a248-e6b2-4e58-b809-3c57948d5a80,a8a1a5cd-fd4b-450b-b12d-4514087f5dc6,Vitals,Internal,2.1,16-08-2023,30-07-2024
c9a3fe31-c2a9-4036-8454-2165667aab94,36837759-3a72-46ef-a614-4dfa96ca523c,da8b5b11-20b9-4c88-a6e0-bc1a84610dcd,Vitals,Peer,2.4,15-12-2022,18-05-2023
5aa1f22c-6f21-4336-bc57-df53bfdae60e,7ced3223-39e9-4665-846d-a318da87ab19,a1fe8463-030a-4b60-8cd9-7316e3be0186,Internal Audit,Internal,2.9,05-06-2024,27-08-2024
7399ba42-4061-4cd6-8342-5658834f1d9a,38407f8a-0d16-42f1-8a34-4c29cf9de508,693c7bd1-8dc0-4717-8d01-512f891788e2,Internal Audit,Patient,1.1,06-01-2024,02-07-2025
39abe965-cc51-4b9d-8b14-48822ec69fd7,37c27e78-fad2-428b-864e-0018499a4697,8e6e3b65-ef3e-46cb-9119-ea8295c84ca9,Internal Audit,Internal,1.3,08-06-2023,02-07-2025
ac0cc2f3-9e4d-4e89-8f80-734799de4422,ebb44c98-2f95-4fe7-8b6a-f91face14769,2bf5991d-4b4b-434f-adb3-2ee7a898e90e,RateMDs,Peer,4.8,03-08-2020,08-08-2021
c8dc18f6-7a0b-423b-bcdf-8035d8c40a0b,011d7b5d-c89c-4fde-9c5d-fc1bf1ea87b9,36e13351-69d8-4c4a-b37a-1a6ed0bb10db,Vitals,Patient,1.2,18-06-2023,26-03-2024
aa3cdf73-aa3c-4234-94eb-050d9d123ef9,e2899908-098d-452a-94be-6e2f38caa0bc,8929358b-0e83-4eb5-a3a4-bd399df5b1fa,RateMDs,Internal,4.2,09-08-2022,18-08-2024
5f75f63b-194a-4279-9ad2-e3c9f9765ae1,4aa85d29-41e8-47ea-97eb-71600e185ee5,8a6e2b90-a322-422e-b33e-5db522ef2b68,Healthgrades,Internal,4.7,09-12-2020,02-12-2021
2ed46cca-5dad-43f0-8a08-c748eec2a939,14b842b1-8da0-407b-aa05-bcc4a1bc9d72,4d338475-d5a9-454b-8fd5-ff794bc0edaa,RateMDs,Patient,4.5,03-07-2023,15-10-2023
90004b7f-4f83-44d6-a635-14eddb9d474c,7554c3ea-f22e-434b-8017-72f8ee6b8e23,70bf0923-ee68-4815-ace6-293ed3ea9a4a,RateMDs,Peer,2.1,25-01-2022,28-01-2024
56325c9d-7ef7-4f10-b0b7-9dbca15b0221,a5df2d84-41bf-4028-8a8c-c8d45e266b6a,043becd6-5c9c-4b86-a578-dfdf72938e9d,Internal Audit,Internal,3.8,27-12-2021,26-04-2022
9d93fc6c-00f7-4b59-bf1f-89e364da31a7,34a96adf-668c-4569-a77f-8e1ca34dab28,a2cb3ca2-aa23-49fe-b07f-c7a9ba117795,RateMDs,Peer,2.4,29-01-2023,12-06-2023
23d36e21-8854-48d6-be06-b95155f371f8,54103731-fb3d-4b97-b839-596c2f0c25a9,fd7282d7-d3a2-48b2-a6f5-b2c4fd4f9622,RateMDs,Patient,2,14-03-2023,10-08-2023
73b26b01-e060-4a13-8b6c-0780df958388,5936c7c4-9c23-4a2e-8c91-32234e59f6b6,cbc2b673-81ff-4a37-9e4c-628c61c40518,RateMDs,Patient,1.4,29-01-2023,31-03-2023
c685baaf-7198-4b4b-a775-1d0f2031ac47,3a94d889-00fa-476d-b70c-20047cfd251f,2009162c-5df5-44d1-94ca-fef019eb5fe9,Internal Audit,Patient,2.6,11-03-2023,02-07-2025
4be3299f-d4a3-409d-8763-5e0a35bcaf56,aa979b99-077d-4dda-afaf-01c76d36a4cd,6966b308-41db-4f5c-a5d0-a51dcefcd320,Healthgrades,Peer,2.9,28-09-2021,27-03-2024
e054fca2-8eef-48f8-9db0-9902819195ab,f4c2883a-a780-4540-9081-bb613d5f3016,be7de61a-f947-4dc6-bb93-47e8571ca14b,RateMDs,Internal,1.6,13-02-2021,24-01-2022
8c33e482-f9ed-416e-8687-96eaff7f858c,f1a69259-1d65-4c0c-ae58-9422a6091ae7,715b5540-6bfd-45f9-af59-df92ddbbba3b,RateMDs,Peer,4.9,29-09-2020,03-07-2022
0c52008d-527e-44ef-8115-ed4bc00b9356,d36a0892-ba61-40d3-a3cf-912ecb58ed55,cdcba6d3-64dc-4447-80a3-d7648e0dc7a7,Healthgrades,Patient,2.3,01-06-2024,09-01-2025
e71c3c28-0039-4baf-9e83-21c1b1d66658,0198128f-da8c-4281-a7b9-a722de37368d,7d79092e-ec2d-4104-bb67-f9bd6e28c189,Internal Audit,Internal,4.7,01-08-2021,31-01-2023
f5ed08b4-cc16-4270-94a6-16bb43096ea2,b5e0b7d5-751f-48f8-9d44-ab68d80a338b,de366ec7-2e2c-4fd8-b26c-45141433add9,Healthgrades,Internal,1.6,24-11-2021,09-11-2022
17e8d1d5-532f-4f8c-82a1-501dbc4049c0,d03275de-9296-442e-8b34-34d3bb5ddc7d,122455d7-7a52-4ac6-a55f-0c9d20cd69b2,Internal Audit,Internal,2,27-05-2024,15-07-2024
6ebfa6ed-d8c8-44b5-8712-edb8fde31afa,2a25c33b-675b-43f1-a48c-6362037563fd,7f8f2388-ef9b-4bc6-a73a-71e0278e2f3b,Healthgrades,Internal,2.1,05-05-2023,16-02-2025
c3605122-01d9-448a-abce-9b9c3b72ba18,364ead85-392c-4378-94d9-c1f1964b4aff,c467168a-b366-415a-b512-84845e937334,Internal Audit,Internal,3.4,03-01-2023,15-05-2023
4d387a11-1756-4ef5-bf68-23de06712e75,3de6cced-f8b0-45ac-b037-9260238186c0,8c32a2cf-06cf-48b9-b541-df6afcc7732e,Vitals,Peer,1.9,31-08-2020,22-08-2021
60a9307d-3912-4914-853d-ad4ac13b78e9,e30a1cf7-f0ca-44a5-bb4b-ef60a3a87d6d,36bc6da5-b2d8-4c91-a1d9-0712aabdc741,Healthgrades,Internal,3.3,01-10-2021,03-08-2023
ac5444c2-0ef7-4692-a5ff-17f44f7c4c2d,dc07e21c-7de9-4473-b863-0e76bdb4aad3,794f1797-580b-4b9f-95db-0b1eaaca7e1d,RateMDs,Patient,4.2,06-01-2024,02-07-2025
b233a926-227f-48bb-8e1b-a52e32101752,63c1158c-6dd8-43b6-afa3-eeca8312126f,53f6e7ba-194e-494d-9baa-a869c6f6c43d,Vitals,Patient,2.2,04-03-2021,20-04-2022
5093005b-6756-4913-9dff-476fe52626d3,78d36cbe-4fd6-4af6-911d-a62ff72dfdad,c2b2085e-2102-4278-aac1-71e7512642cc,Vitals,Internal,4.2,08-07-2022,23-06-2023
65732523-6426-41de-b405-b1cf39f58a0c,905ea4e8-7d2b-49b9-8d76-2be6b9cf710e,7a5bd43e-3e73-4236-8701-3bed69ef6162,RateMDs,Peer,3.3,18-07-2022,06-02-2025
d091abc7-6bfe-4086-b4c9-0ae65a437d76,0e646161-1d19-4b8b-bbdd-dbc4af838eca,8945b5b6-3cd7-48ee-926f-4a2b6f49ff69,Internal Audit,Patient,3.2,18-02-2024,02-07-2025
2b8ba344-00e9-4b57-924d-9e8dd2096d61,b4441ba7-e9ea-4e4b-9ed1-d62f172bb394,669e0171-80b9-4634-8b6b-e71838b0e64f,RateMDs,Peer,4.8,01-03-2022,12-04-2024
5446f03d-892b-43df-9257-787a00cf58fa,211885d8-efbf-47dd-8da8-b682ee071ad3,fac3e942-1e05-4c39-87e6-4f87a2099761,Internal Audit,Internal,2.6,09-08-2021,09-03-2022
be06cd14-2958-4b24-8651-70a8e20a3bc1,03b397ee-fd91-43b9-8d18-6695a04b1613,f4021608-6b46-41af-a368-8d3c2aa8659b,RateMDs,Internal,2.4,31-10-2022,31-03-2023
1799c1b0-7bc8-453e-a630-902389e4cbd7,908f31ad-4c5b-4dfb-9fef-f6a0f910eed6,d93237a5-949c-4c85-8c30-b0d80a394817,RateMDs,Internal,1.4,04-08-2021,12-10-2022
efb9b67e-a91a-42ea-9bcc-8f1037844eb4,9e4747eb-f566-4438-a7b3-670421d7b6d5,48b90888-a32f-4abc-9722-ffba78625f58,Vitals,Internal,2.2,22-12-2021,24-08-2023
af27b082-9d83-40b5-9b18-2be191a520f8,ac657077-fc1d-4a72-b8d5-8d79549263f3,76b2097a-fd7a-489d-b7a9-1e77f5f7e27a,Internal Audit,Peer,2.8,09-05-2021,26-12-2021
ab25f3fb-a54f-4d6f-8cdb-d7101021ce41,dbb54508-b49b-48cd-8906-cb874f6b89d3,23082094-d7f3-4813-a9a9-b11af690003f,RateMDs,Patient,4.5,27-01-2023,06-11-2024
76e67d30-7748-4bac-98c3-66a577ea53d0,ae064b1b-ad19-45a8-81c3-6219ed180155,1e3171e3-f53e-4995-a510-93dae35b2db2,RateMDs,Peer,2.1,16-11-2020,22-04-2022
7a97f925-5606-46e0-a1da-68cf6c8bcae0,88291d97-d60a-4df3-9209-97dad08b3602,c076e93b-ad03-42a4-845a-5f57539baea9,Healthgrades,Internal,3.8,06-06-2022,06-04-2023
4ce0f9e1-b1dc-4b7d-a43c-a4afb72fbd9d,88d14c74-d30c-4ef3-a625-23c9b3642dca,030e521d-c9e8-438c-808b-2cd376bdc503,Healthgrades,Patient,4.2,20-09-2020,08-02-2023
c2678fed-ed55-4fe6-b637-b1eb8b2650f3,25f55abe-a3b8-487c-b7cc-fbd5eb4c687d,e5d6501e-1892-4f52-8e5e-3f82ad6ac1e3,Internal Audit,Patient,3.4,14-02-2021,04-11-2022
8c5e1a5e-8c23-4ffe-afae-851ce0cf11f4,75c540a0-fce9-48ec-b643-8e2559f41856,b44ec508-8025-4a52-add2-89b8c200fdff,Internal Audit,Internal,2.7,22-04-2023,22-02-2025
ad32a9a2-bd1f-4d2d-ba74-eb53cdfb8e8d,aeb5a877-8528-45f7-9bac-5fdf946c5287,435d223c-f696-4b53-96b6-dd2f42479f36,Vitals,Patient,3,25-10-2020,13-08-2022
66c9df27-dfc2-40ba-bfd1-432bece0e8b3,36e2ba78-7315-44d8-ad08-1d8bd07c2651,620b902f-b6a7-4eff-9f0a-ede4f5b3ca0d,Vitals,Patient,2.7,25-02-2023,27-05-2023
c9280f9f-3f20-4287-8b57-19d0837d2aed,a765f1c7-685a-4e39-855f-4d8d54f15743,4aa7e629-d6fc-460a-8fd0-606bfc21730e,Internal Audit,Patient,4.7,20-03-2021,05-03-2023
99cbd9e4-e0f3-43ff-ae77-3629ea070cc9,00915b1b-872e-4c84-ab53-c9c8b55e56fc,ec5d430d-27e2-4083-a67e-7a1243adeec9,Vitals,Peer,4.4,13-10-2023,02-07-2025
eccb9ab5-3f61-4017-b135-1eb56e954f16,8add2a87-3e58-403d-bc79-5d420706eae3,9da80b91-b750-40a0-8902-f613fb51bb4b,Internal Audit,Peer,4,07-02-2021,14-12-2021
1538369f-a669-428c-a66f-7369401c9e82,a787b00a-b16e-47c4-b230-021c14a8798d,8159bda9-03c4-4bf7-ad88-6573bee83a7e,Vitals,Patient,3.6,06-11-2020,04-08-2022
cf592eb7-794f-4e76-8efe-bdf8ef921c13,06c47b90-9199-4c12-b950-42378d999569,8ba589d2-2dbc-40b5-8ae2-8339104dc011,RateMDs,Internal,2.6,16-07-2023,05-11-2023
3547de71-6451-42fe-8475-c9fbb39bdeda,f735cde1-2274-4383-ae07-1d3f14e2688f,afd3c37b-ec0e-4f90-b62e-3849e3c36ad1,Internal Audit,Internal,3.9,13-05-2024,02-07-2025
d39bf9bd-2524-4237-b10e-05f55ea19665,843176e2-d4fd-4b38-8421-347ab2aad1eb,5a90fcfb-417c-4416-87e5-3e1b2935d5a7,Healthgrades,Peer,1.4,12-07-2023,30-04-2025
eea239ff-041a-4fd6-ba42-9ec96180b4cd,e31ce2ff-0f5d-4867-90b6-31a8da28a520,2d77f3fe-e5e2-40f1-acd4-5aee21d552d9,Vitals,Internal,4,23-11-2022,24-04-2023
b0c87246-e211-4193-b847-1e8dcb5f0aa2,f73834b4-df51-4ba9-933c-a82e30697b6a,af1f099f-d24d-4d55-bacb-0be29d2b9edb,Healthgrades,Internal,3.8,02-02-2024,02-07-2025
c7387aa5-a15a-4f02-9a04-202ff01a6728,d7123480-1a5f-4044-83d8-dc238444c0d5,f7e42161-fd99-4e17-ad67-5d3aaf0f90f7,Internal Audit,Peer,2.9,23-09-2023,14-12-2024
cd11a289-84ad-4d61-a372-343168e16aad,80e91034-db71-4e54-89c5-864d5ba77248,b658e23e-0a4d-4e81-853b-17b61dfdc7d8,Internal Audit,Patient,3.8,26-04-2021,01-04-2023
f8e72b2e-34d4-4731-ac9f-ae566f43e74f,21fd72a2-b3be-4cb6-af70-441a4364674a,782bcaf2-7579-4387-9103-173ac9e3f556,RateMDs,Internal,4,03-07-2021,06-01-2024
1b85e9c6-38af-4fae-954a-99585d24a81e,e4ccc1b3-e26f-4e22-9724-fb8bb96701d3,b18a7a5e-3e73-4d25-a738-3bd162269708,RateMDs,Internal,4.2,31-01-2022,22-11-2022
c9bd8bf0-8346-4bf2-8c10-f4f7ca2312fa,25dee17c-4b69-418f-bc34-5482ca9b46bd,99908318-f19e-42ff-9542-a92ecafa3803,Internal Audit,Internal,4,26-05-2023,03-04-2025
951e5f0c-3cdd-4617-a673-b81f7432fc88,611928a6-5139-491f-8b98-2d200dea7d5f,f398b434-7d78-44d6-9fae-608e3a8dff33,RateMDs,Internal,3.6,16-08-2023,28-02-2025
a7ccc856-7fa4-4558-af77-921dea5fa371,240b60eb-fe11-42ca-8859-8e4ae61bc19f,80af41d0-35a1-485a-b4ae-47ec45b839b3,RateMDs,Peer,3.2,08-02-2023,27-10-2023
b3c4f200-f5b7-4381-9308-654e3011533c,40fcb372-25a2-4ecd-9197-bd6392e8239a,b3c94283-65f1-4d50-bfbe-53d35eaf67b0,RateMDs,Patient,5,08-04-2022,10-02-2024
45369892-343b-4d52-8fbc-3f705ebbed30,44ffc001-6b36-4342-bcd9-3901dd84f015,400dff8d-1acf-4cbf-919d-400ea58b14fd,Healthgrades,Internal,2.8,07-02-2022,06-11-2023
571ec8d9-1c18-460d-ba5d-b8b3f9e2c9fd,36dc0e13-c3f8-4e8d-97a9-79efcce081d2,81cb8a84-a712-44f0-9e42-61a2a16e9ca2,Internal Audit,Peer,4.4,13-10-2021,04-11-2023
34187564-89dc-464f-b042-c39ae57e86b6,272963c7-7a2d-4141-8558-44e6b765f551,fd22200d-59e5-4bfc-aefc-2056d6fe9e0d,Healthgrades,Internal,3.2,20-07-2022,29-07-2024
c1eaa785-331e-465a-a91b-49c3c9fc2a6e,801dd376-1570-4a06-bf1d-1d24f51db861,a2fbf94c-3c40-44da-a70e-e89e3474b98b,Vitals,Internal,4.8,26-01-2023,04-03-2024
bc8d89be-f9e4-4225-859b-7b79126949da,a6c97243-831c-403a-b7c3-23dcad6d01e8,de92445c-b561-46dc-992c-945c0d68d5a2,Healthgrades,Patient,4.8,18-08-2022,04-11-2023
77289f14-54dc-4ef2-98e8-0a85d944cbc5,d5b8d7a4-c30d-4eef-81ae-a7eede4b5b03,41621fe0-c0e4-4f3b-82c9-bf3fa79593e0,Healthgrades,Patient,2.1,30-10-2022,27-05-2025
5469e0fc-173b-46b5-86d6-345b2868e738,b2982ef5-ec94-40cf-8fbf-9a6226ed52a9,62d3fc34-6a8e-4513-9c6c-dcb57230af8f,Vitals,Internal,4.1,11-09-2020,17-07-2022
ef1c71aa-d005-4cd2-96bc-fdb56fd112bd,88e92ebe-6a45-4719-89c1-a6d2403a2e1d,6a5eaf65-2909-40ec-9bfd-c66f068cfd16,Internal Audit,Peer,1.6,04-08-2023,02-07-2025
ccaa735d-4a78-43d9-a659-3558feb14535,b6ae4878-57b3-46e4-be81-dee272e298f9,3dced258-def8-4c2f-9598-d863dc90390e,Internal Audit,Patient,3.6,11-04-2021,02-06-2023
1cf8971f-d1e4-4b10-888f-9d3b1b8453e7,6d929496-1ca2-48b1-a21b-2c559d8c30c2,3bb37273-c8e5-4f4f-b4f9-d03d22793774,Vitals,Patient,4.9,13-03-2021,20-08-2023
c4781224-90c9-43d5-a71f-acdfb2b2d503,9a36fc1d-f583-4ead-97fc-62fd0c5f0a12,8bf1da5c-3521-406a-ace9-afc80594194b,Healthgrades,Internal,2.9,09-01-2023,12-04-2023
0ef85e8b-fdf7-4b28-9c0b-845d86fdb860,092dd92b-f690-425b-8df4-bf06c4af94a6,880e98c3-4ae9-49c2-9cc0-01e269ce7aff,Vitals,Patient,1.3,10-10-2021,27-05-2022
b62621b5-1c2d-4cd8-a5e2-c47f8dd2b805,8fbb3e3f-7e04-42ff-adf2-5e3a2ae4ab97,1fbf7eda-81e4-4b7b-b9f6-e72d8de22bc8,RateMDs,Patient,2.8,22-06-2023,23-07-2023
c1e8cf97-b8da-4e38-9944-4b00f6901228,61a8dbe1-bf1a-4a42-874e-f54b2a95d405,44842088-cdb9-47f3-8e14-f04090ef51a0,Healthgrades,Patient,4.2,03-04-2024,02-07-2025
637af968-0315-410b-9202-27a104959deb,c2c0648e-3758-4f16-b62f-30f043b1e63a,fe3acd09-9c4f-4fb4-80f0-fde1ef22d686,Internal Audit,Peer,3.8,26-01-2024,16-10-2024
e6839811-10b1-4fae-a45e-63c662817699,bcf1e407-3d2e-4e6b-86ca-cb60df4217af,864dcf08-c0c5-4293-b004-924e1398b56a,Healthgrades,Patient,2.8,10-06-2021,24-06-2022
effd625b-e681-4686-9ee1-4285e19e076b,d790e0b8-ec5d-4682-b9d6-ebdc5e7a771e,7c6c3e35-77f7-4cde-a273-581fb72a4c3a,Vitals,Patient,1.5,22-08-2020,20-10-2022
69b8d5ad-abf2-4f97-9ff5-bd93dbfbc4f7,a99b137d-ae43-497b-8e06-d099185f97a9,235bc968-994a-407a-b6ce-28589cb06be4,Internal Audit,Patient,2.4,21-04-2022,01-11-2023
efaf5a5a-ffb2-411c-a06a-71736a7a5ebf,381bc2bc-65a6-4a38-8c37-016d7744b9ba,ec3d528e-9fbe-4d9d-9c3b-f9a0a2f6dfe1,Internal Audit,Internal,3.4,01-10-2023,04-01-2024
1e61caf3-1839-46d1-85cd-17c77067a909,4411a3de-3027-4d51-ad4f-d828e1030a4c,615ca6c1-92f8-455d-9e9f-547f1555f818,Internal Audit,Internal,1,11-12-2023,02-07-2025
f6159fdf-9f69-4493-8bd0-3d88fb0fa8b1,6b674a3c-c3c9-4c12-93e6-58d84264c336,c52f6285-fc32-4c73-9659-358ecede1a8c,Healthgrades,Peer,2.1,15-05-2022,02-03-2024
e14645a8-5d0b-46ef-a3d6-785d14242eb9,007d1df1-b680-482c-8e7a-c570330cfc9e,f54c87f9-dacc-4cbc-83c3-5661a0074e74,RateMDs,Internal,3.7,11-01-2023,09-02-2024
076a5711-3f51-42a4-a5f1-b689e90a713a,337bd5a0-5638-4d61-981d-87890d165479,c5a36836-b092-40e5-8db9-65d57988bdf4,RateMDs,Internal,3.6,10-08-2020,07-07-2022
6758cb14-7d18-4cb7-95d6-0db7494562b8,17158c37-1a15-4c0e-967d-2d2401d89792,fcb0d3a7-d566-4cc6-8bf2-dd58de32cc5f,Healthgrades,Peer,4.2,30-04-2022,22-04-2024
e30b27a2-53ff-4b82-8f33-14f343d87fb0,4068b31a-7aa1-4aa3-9f71-4b784efe6916,9edbf31c-1325-4f94-a12a-663a3b1f5fb2,Healthgrades,Peer,4.2,07-11-2020,11-09-2021
749f9419-d201-45c3-921e-85f44d8eb248,59cb966c-d899-465b-a150-84fad5c50d70,8592780f-78e3-4fa3-a209-54edf81c6109,RateMDs,Peer,3.3,26-03-2023,22-10-2024
1ad5e39a-5590-4748-ac61-85242962bc91,57e63dbe-3d4f-4fce-9eb4-ad7c1c1863eb,3a5bc841-4a3c-46d0-b508-4addf4e60e94,RateMDs,Peer,3.6,29-09-2020,22-12-2021
819d30ab-0164-4e2e-a32f-4439ac5d5542,cbce4ec1-694b-40d6-b7e7-c93959384060,d678c8ea-3fd3-4b94-908e-f575d7fd0076,Internal Audit,Patient,1.6,15-08-2023,12-01-2024
af329dfc-4f19-456e-95bf-14daa9125d61,b82314ef-2ce6-40ab-8ba8-612511655bc4,1cb09bad-14e0-47c1-9002-95a98029e635,Healthgrades,Internal,1.3,30-09-2022,19-11-2023
bf60dc1b-33d9-4b5e-a234-4c4f201e36dd,b06808df-b575-47e7-b17f-e101bec6a4e8,34ef9f5a-2520-4d76-b9d8-86e9dfb54741,RateMDs,Patient,4.7,16-05-2021,08-02-2024
35015430-726a-49dc-9575-91411829c8ba,6aaf46a9-abca-4a16-b64f-a298303ad247,5e10e8c5-c269-412d-bf2c-f56e498761ce,RateMDs,Patient,3.3,02-04-2021,21-01-2023
640ce4aa-e865-42d5-bba5-7ba5d519f840,4f4e34d1-279f-4fc1-8d30-34bd6dc07804,b4bae3a9-e25d-49ff-9f74-74de2e0e9a5e,RateMDs,Patient,4.1,29-09-2020,08-08-2021
829de11f-3de3-4009-9623-0cd0c715367c,11b60810-75a4-48f1-8714-08bfef770583,a8c9fff1-501b-4a2a-a258-8a209f5a3bb6,RateMDs,Patient,4.5,25-02-2021,09-10-2021
f5ed6a83-2fbc-4369-80a0-40e6b4ed0c60,d3a58ff5-657b-4eab-8edf-9e0e0019bcd6,f5b145c1-0e5c-4c07-9958-83584d58abd2,RateMDs,Patient,4.4,14-05-2023,23-07-2023
1a561b81-2ffc-4a78-a02a-5eaba1dc44a1,058a2bff-65cc-42e2-a0b1-1ca10534f573,b3736aad-ac1a-4c5c-bbe1-588867731e12,RateMDs,Internal,1.2,24-01-2024,02-07-2025
1be1beac-1f59-4e5e-9f40-b407dda07a94,99abf511-f7d6-4714-b129-5ffbedfff6c6,7b73e0b0-b551-49ca-842e-17d795a5c464,Internal Audit,Patient,2.8,24-11-2022,28-04-2024
f54338d5-3ae8-4ecd-82f2-de758d708b87,d049c22e-272b-4998-b3e5-2c1bdc245a7a,a311e548-9bf9-4369-b02c-6550e35d06bf,Healthgrades,Patient,4.3,31-01-2024,02-07-2025
b3d38984-ce8a-46a6-9a57-86dc3168bc91,d563fd75-b1a3-4aa0-bd83-d901fc7b0819,2cc430a4-0458-4ba0-8f09-d1be611a6488,Internal Audit,Peer,4.1,13-06-2023,02-07-2025
4361c505-7195-4ec3-b3c0-5fc86e9ac26d,ba263c64-8560-43d7-95c4-86ff5114f7fb,7e549605-9b52-4d76-a055-9c3a594bde16,RateMDs,Peer,3.3,12-07-2023,29-05-2025
ce062c92-da0d-4559-84fe-83eb5793856f,e4f5b957-0c4f-4cc0-9b13-adaa2bb1167d,0b066d94-ca0e-46c2-b4da-f06cfcc7d178,Internal Audit,Patient,2.2,13-09-2021,02-11-2022
9ddbb3ed-4d04-44a0-a4cf-8e547a0e5526,cdf7e463-a0de-43b5-a2b7-cd0524273c5d,8dc41760-9be8-4c66-85aa-a8cf6ddc1b65,Vitals,Peer,4.7,24-07-2021,08-08-2023
0e692553-7533-47b5-9b01-8e860e52c6dd,74034907-648d-4198-a341-044ad1f86ab3,8b79c528-e8a9-42ad-91c7-d4a443740dc8,Vitals,Peer,1.5,05-05-2023,02-07-2025
5ae80c4c-c1f6-47cb-9b02-815df8ffc459,de50fe8c-b5e8-4bbf-b567-668ee520b07d,fcfa0f8f-6275-443a-bec1-c28d9d16aff5,Vitals,Patient,1.9,03-06-2024,21-12-2024
b087e7fb-e3eb-4eec-90a9-0836ecede8a0,cfbf390f-4f95-4030-b95b-856bf082c0cc,f978efee-2943-4650-bad9-00fc21321938,Internal Audit,Peer,4.7,04-09-2021,27-05-2024
a2a686cf-a52f-4348-87bf-f23e40e1cf62,15e2e515-4838-405f-9250-ccf777047905,73957b98-6ece-449b-b707-f6f8e5764581,Internal Audit,Peer,1.3,09-01-2022,19-10-2022
ce0d84b9-0112-4093-aef8-d1414477b6ca,e3a6d56f-0c87-4de3-8037-9e11d987d2fc,73f7457e-11e6-4871-a9e6-c577d2b5fead,Internal Audit,Patient,3.5,05-01-2021,15-07-2022
b85e9115-1779-4675-b383-dea5e311a7b3,e4d55dd8-e160-4953-ac89-78606c3fb45a,2bfff4cf-cba9-4394-820e-7d8c33fd210d,Vitals,Internal,5,12-08-2020,15-06-2022
c75ae5bb-b2e4-40de-ac46-1850bf4b4ac3,1c3becdc-28ed-44c4-a841-fa50e3484b8d,6941ae3c-ae0a-4d58-892c-1e46b40db17d,Internal Audit,Peer,4.9,01-01-2022,20-10-2022
83915461-9d32-4107-94f5-904bfc54a9bd,bbf3b56f-f9fe-4498-908c-59380020932c,d3debcc9-b841-454e-9432-6bff58c15687,Internal Audit,Patient,2.3,06-11-2022,30-06-2025
589d4e9e-553b-49f6-85bf-ad29d7c2e0a1,66e0302c-2d58-4715-9dca-65d93a135194,7b222abb-fc33-4ac1-a4dd-367af9c43da4,RateMDs,Internal,3.6,20-06-2024,14-01-2025
a0867110-498d-4347-a167-439da93f8fec,0c650398-f0ed-4085-b5b6-485a6608f0fe,255aaedb-b8ec-4ed4-9e44-309d27fb7f8d,RateMDs,Patient,4.1,24-11-2020,05-06-2022
d2e4e06e-26e0-4e3b-81a6-abb6b335fe4d,b80ce382-5bc2-45bc-9f6d-8be1f033eb9f,177222e3-ae7f-4f99-a536-d16f6cbc31c1,Healthgrades,Internal,4.8,29-08-2020,14-03-2022
4cb63e23-3b89-458b-8b3c-8ab1716cbf0e,4f37502c-ffc2-48b6-a9b2-eab094a74be6,9ac50c8d-9894-418a-96fc-882308f72a86,Internal Audit,Peer,2.1,16-01-2023,14-01-2024
2e04897e-53da-4c41-a663-8177d752bae0,98d0f6f6-2452-43ec-b2aa-9561a4cfc817,dbec2cc4-95b4-432d-aa95-fb477073bbd6,Healthgrades,Peer,4.2,11-11-2022,13-01-2025
153073c4-6a32-4127-b323-4cd1fee5ecc1,fc2f79c6-b752-45ad-8340-1ca1ae710b1f,ec148db9-33cd-4192-9b74-275c59360d45,RateMDs,Internal,4.8,22-11-2021,03-12-2023
c61ba34f-3465-430f-88e5-5ef118177657,070a1b75-6328-442a-b74d-a3cfff883ee8,b4de690c-9f0c-47d3-81bb-4b0638336c92,Internal Audit,Internal,2.8,24-01-2023,11-08-2023
e697f34b-7714-4fb3-9de1-5b94c50e5aba,d67fe8ea-3983-431f-acd9-addd089c3dfb,7a25c182-5bcb-4fbb-9fd9-5978337cda91,RateMDs,Patient,2.1,15-07-2022,07-02-2024
a6620558-4f63-49fc-aed6-dc366f305956,9e0ac5bf-fbc8-4c17-a7a9-630af1d69f5c,fc077adf-8ce3-4152-9c43-df31c14783a3,Internal Audit,Patient,3.4,14-01-2021,17-08-2022
18e0b7db-146c-477a-bab6-0a08fe312dae,d08b3436-eaab-40b8-b89b-62f5cd849884,46343ca1-ec03-47ea-b0a8-c5796ea97451,Vitals,Internal,2.5,19-09-2020,18-06-2022
017cf722-3f9c-4885-89fc-87a76d2c0992,b45fd164-e4d6-4af2-9e31-e01f6ff8c20a,dff32dd3-503e-4086-93e2-962b6e90ea31,Healthgrades,Patient,3.2,21-01-2022,06-07-2023
274a0209-f5e4-4e35-bca5-9b0719721f74,dbef7df7-8b23-4572-baa7-09967cbac02f,ecd17038-1b0a-4242-9bb5-4a23a343b71d,RateMDs,Peer,1.2,24-07-2020,16-03-2021
f7067607-8c18-402e-aa10-72d15ec70672,3630c879-0a14-4e84-8ba8-f43e35815757,475a7aab-f0ed-42b8-839a-199c4ea4c997,Healthgrades,Internal,1.3,23-07-2020,26-02-2021
103b6f0c-4e39-489e-948b-73e5bc4455a7,f8df6870-b460-482a-babc-dae72b5a6c92,cbc4134c-4393-441c-ba28-d105b269deb7,Healthgrades,Peer,4.7,11-11-2021,16-05-2022
7c3e3576-7da2-4a44-8de2-1285b7169744,d63d9364-4f7f-4b31-8d17-6601f6a3907a,2920e54a-4647-4d31-9401-69b677557d19,RateMDs,Patient,2,02-01-2023,06-11-2023
f5134ed0-5227-4a04-8f22-94837bc47491,c382f007-ae1f-4aa3-88f4-c3e89e1e743a,da4ba210-99c0-4f3e-9dba-3ca46756f2f6,Internal Audit,Patient,4.9,13-04-2024,02-07-2025
cfe7f5a9-4fd3-4fc5-ba3d-8317ae169946,eb007fc5-47f5-4bbf-99b2-34e85efda78b,96cc18dd-8c53-4fad-aba6-1cb7f792e0a7,RateMDs,Peer,2.2,10-01-2024,02-07-2025
392fae93-e338-40b5-9c4c-d074d7e70449,77040c82-52da-4f69-bdb1-b690484dad63,5aba7a29-d99e-4c65-a6e2-7873c942704f,Internal Audit,Internal,3.8,10-09-2022,14-02-2024
41d9ff3e-c362-4904-8bab-62885487623e,10ef430d-a7a0-45b4-9fed-08141fb520c9,d585b95c-2c33-4fcd-9edc-26b008c79d4d,RateMDs,Peer,2.2,12-02-2023,08-12-2024
631db5a6-237e-4702-94b0-d2047c1f5f03,1434edb2-0427-4768-b022-afb927e51724,2d08b16a-41b7-4849-8536-59d08cc43749,Internal Audit,Internal,4.5,22-08-2021,15-03-2022
0a0fe894-4c36-4a9b-802d-e849f58172d4,e7e400f7-0292-4aa5-a043-7cb0909a92d9,e42eb49c-3a7c-4b4c-a7d0-505e0c4a7217,Vitals,Internal,3.7,10-02-2024,02-07-2025
f11a9051-77d6-4014-9e4a-eb41abcbb7aa,31af81bc-4d6a-4407-a8a9-4b01fd392a20,f5aca1d0-eed7-46db-80ce-f3ad28fff12b,Internal Audit,Internal,3.8,27-09-2022,19-04-2023
a08aee82-944a-452f-803a-529641b10290,6e51f1f8-54ee-4632-8bb6-a4e457a952ef,d0c46aaa-9686-4cdf-9b9e-9af8712f3557,RateMDs,Internal,2.7,17-02-2022,11-05-2022
b5272eb3-5f49-4c75-84f2-cc6a06ad4bc3,6b1097e2-8cf7-435a-a535-dfae132da57f,57c3c583-c52b-4307-9a3b-471112e79194,Internal Audit,Internal,3.3,25-03-2023,02-07-2025
113b70da-f246-42b8-9a77-1412fdcb147f,b0d14395-0b9b-4652-a7d3-53e81ed9c405,8eebea11-b13b-4c01-8619-7c13788d3ca7,RateMDs,Patient,5,27-02-2022,18-08-2024
7e2df6e6-0b3d-4220-bfe5-31b6960343c3,eaab35af-787d-4a7b-882f-6dffbfaea47a,155322a5-c73a-4e19-ba0b-5c9e17d48d81,RateMDs,Patient,2.5,16-12-2023,02-07-2025
c118577b-6874-4478-9241-7a0020327ab4,4c9f9252-3d29-4433-afa2-17b6b3715596,73db14f2-ae5f-4e98-ad71-410bdb94c9bd,Vitals,Peer,2.6,23-04-2021,07-05-2023
bb2b0341-c20d-44df-8ee7-6c951b94e22b,72448fc1-4e0f-46f0-b7f9-1fd6bceb1a6f,43ec2141-37df-484a-8328-e5225a6745e0,Internal Audit,Patient,2.8,31-05-2022,28-10-2023
500cf4a4-a6ce-4f5b-be8e-a26a07d0ea1e,c5de1ad9-daa4-4ccb-90cb-b69bccf15539,82608e57-0cf9-4968-a253-c63c782d166b,Healthgrades,Peer,4,26-12-2023,02-07-2025
08577ad7-3055-43b0-98bf-05852652987f,649ad85d-dd59-47cc-8ce5-774be6eb8c33,295d418b-d751-4759-a6c5-95563662eeec,RateMDs,Patient,4.3,25-03-2024,05-02-2025
70e9a38b-9390-4902-bd88-a8ae6a6cdbf3,b42e3b35-cfac-48fc-b996-953a21a9190d,a3abdab8-376c-4a92-8d74-f82cc7dbb87c,Vitals,Peer,1.2,31-07-2022,02-08-2023
5f10aaea-5757-4502-a331-7ac3ae2a6024,0916d118-26fa-40b3-b731-7bda4c0e558b,0f3f7c6a-b948-41b4-ae8b-b86be7bae91c,Internal Audit,Patient,2.2,01-02-2023,13-03-2024
dad8f96b-3037-4b25-b185-d96f5f3bd6b1,3e0e4734-ab64-401e-8661-42f849d7b71f,7737797e-c845-4837-a3cb-9624d283d3fd,RateMDs,Internal,3,08-08-2023,12-06-2024
3843d12c-6124-4032-bf9b-f87846244d6a,e1dd28b9-a866-4262-ac03-66dd025b0837,09460569-6a42-4081-9cb9-33288e52d515,Internal Audit,Patient,4.4,30-11-2020,03-03-2021
7f83baa0-61a1-429e-9b51-b9c62811055b,ea59e903-012c-4270-9a68-a8905c9d8071,efe2d968-04fd-42d1-91be-e373c7ce88a1,Internal Audit,Internal,3.7,24-05-2022,15-10-2022
3ff6fc49-c91b-4ff5-87a6-848a3859b425,98d708e2-35e1-4139-ab2e-bd84079a2e86,ff24ad8e-5f02-4024-8e88-00774f48ffdf,Internal Audit,Patient,1.2,06-11-2022,09-01-2025
46a7c7b3-884b-4892-a850-2ff26a2cd943,02294215-4e46-4f84-b827-06e90cfd9079,cfc53ab3-203c-41c8-b674-f8d1be9bbecc,Internal Audit,Patient,4.7,25-02-2022,08-10-2024
32cbb562-4d39-4716-b435-d67c668c0f57,a941d146-f870-4d8b-923b-ecd6273f8f03,70dcd7de-93b2-4de8-aa78-7eabef8ada90,Healthgrades,Peer,2.1,27-04-2024,08-03-2025
99d4d20b-8777-45bf-9f12-ad0f3936a951,6827349c-c8c1-428f-aced-b45dc9cab408,1ff67330-c24b-44cd-8b42-b2656ee24868,Internal Audit,Patient,4.3,10-05-2021,27-02-2023
7f11b6cb-ce85-4eb4-9a23-520d734576ba,4d202fcb-3d5a-4dbf-b21f-cb81c4004aad,1c94c748-2678-4877-9cb6-2a59f89e198a,RateMDs,Peer,4.5,16-02-2023,27-10-2023
af7e44ca-eb0f-4e54-b9d5-d805576be457,6e93291f-69e4-4f2f-8a42-eebfc76837ee,58fe0c47-da2a-461a-af44-a7f85cb322d8,Vitals,Peer,2.3,05-02-2024,15-03-2025
932b96c1-645a-412d-8231-6859b6a39abb,2ccc1686-4e34-4e3c-a22a-c3dbaffab584,8f6adbfc-31f1-465e-8a02-121ecb906008,Healthgrades,Peer,3.1,17-07-2022,23-09-2024
717be2ed-0e15-4c61-9e73-5c3de8612efb,68a1b883-6203-4ce9-8ccb-b18b05171332,c42cc30b-6536-4f1f-8e87-f6966c8e37a0,Internal Audit,Internal,3.9,16-08-2020,13-12-2021
bd56efb0-e96a-4e20-b02b-cfe5c598d921,3a296e95-61db-4feb-9ff5-0c5c61aa4da6,d44e84d2-77e8-48c7-b33d-957b9bac4e07,Healthgrades,Patient,3.8,05-02-2023,13-05-2023
fc8a5d5b-ced5-4953-8975-9cbf51156617,46d3aedd-1219-40ff-9f02-30f47b712a54,9997ad1b-40ac-458c-951d-752238ff15c7,Healthgrades,Internal,2.6,14-09-2023,25-01-2025
0ae2e74a-6571-4963-827e-b270621eff93,b6e0c314-8938-46cf-be65-b34206a3b245,646deae8-281b-4dc4-a7fa-0636321456b3,RateMDs,Internal,3,22-02-2024,31-07-2024
506e6ba5-3387-4c89-9a87-216da0c6c8e5,fdec2698-9d6d-492e-b01b-8c0ddf1e4b17,c48c21d4-9505-4ecc-be52-d114914a02e5,Vitals,Internal,3.2,23-09-2023,23-03-2025
2f93f1f7-d2cd-4bd6-a159-6279ccf839c8,f2c71b12-0c02-4136-9e27-1604bbb4a0ac,6a8c18ef-9468-4990-a651-dd5ffaeda8cd,Internal Audit,Peer,2.1,03-10-2021,17-05-2024
95df47a8-5640-4902-b05a-3fd377f445fb,c08bcebe-8aa3-43eb-8647-8de62beb3846,8774feeb-28a9-4a24-be81-42670b74dade,Internal Audit,Internal,2.1,09-11-2022,24-03-2024
87c840b1-e88b-4469-b326-2d542ba110f6,54af93a9-3d86-48c3-9973-9c4f7ae2cbd3,2754ec66-7a5b-4983-976f-249218176513,Vitals,Internal,2.9,14-11-2021,04-01-2022
617c6ba0-f008-4e34-8162-aa085d490eb4,badbef05-79fd-4508-973e-684fef0bcab8,f3fd0b48-fc0c-44b4-a25b-725b0c76fe4a,Vitals,Internal,2.7,22-01-2024,02-07-2025
02a0b432-24c7-4ba6-bafe-96063b615513,e41e0424-cbd7-4eb5-b8f7-6a999db6ebb4,820bb487-de9b-452d-bafe-71c57591d4ab,RateMDs,Peer,3.4,07-11-2022,31-12-2024
bf67eb46-403a-4f50-83ac-7c74fac5dda7,8774c62d-5692-49ae-9d68-cb096a9307da,4881b671-6d87-4a17-8549-ac5ef1fa8ff1,Healthgrades,Peer,3.1,20-12-2022,13-04-2023
359513b8-379b-413c-b7c3-77eeba5ac07c,88f055d2-fcc7-4bf0-8a54-261601244a20,8c2d2d84-eca4-4679-9382-572bcdc32409,Vitals,Patient,2.2,06-05-2021,12-06-2022
022c2e43-321c-458b-aef0-cf9cbf65226e,ab047ee7-7fba-48c7-94a3-a5f526c47397,c9c53fa5-cdcd-4041-a282-488225e84d45,RateMDs,Internal,2.2,20-01-2021,03-01-2023
0759c688-b732-4a99-b5c8-897c61ed72fb,32b6edf8-6366-419e-80f1-45ea6452623a,72a1b03d-ce01-4585-aa89-c9954feb7174,Vitals,Peer,3.8,10-09-2021,21-01-2022
41fcfbae-9e64-4fa5-a814-50da5b910be7,055e6d8d-a22b-4682-8ffa-0c8c008c2743,479cc477-65e1-49e7-a19f-5ebc7823a0c1,RateMDs,Internal,3.1,30-09-2020,18-09-2021
26ca81c8-dc4b-47b8-adf7-cb6e58f08f8e,826276d5-285d-4a1a-a2ea-4add6db10838,9b3fe008-6cd1-4601-ac68-1fe0c295e960,RateMDs,Peer,2.8,16-03-2024,02-07-2025
5c3340ab-8a00-494d-966b-9bd26875754c,41502485-deb2-45a1-ad2b-53633a300c85,348a128d-a32f-4ba7-91da-d8a321a8f4a4,Vitals,Internal,1.1,04-10-2021,18-04-2024
fd8b9967-a56e-4eea-ad3a-be8410e5d73b,2e165245-600a-49c7-bc71-effac0a7fd16,f3076328-9bb3-4b39-8dcb-d0cb9a47e584,Healthgrades,Internal,1.7,14-07-2023,27-05-2025
3ee4a282-65dd-42e7-8c09-1bd507fcdd97,2e11326e-b329-4cbd-a611-20f3adeb5408,f3e3a84c-14ab-410d-aef9-7e93ef368d2f,RateMDs,Patient,2.2,27-06-2024,02-07-2025
f1ab163f-e7c1-4df6-a320-cc7080457112,1f5ca301-c455-4d81-9969-589f0f2a8b5b,0ae7d34a-a261-471c-ad73-8654cf395eba,RateMDs,Peer,3.4,23-08-2022,14-03-2025
969650a2-1267-4d5e-a1c1-02d6a0978e9b,62507609-80c1-43ab-8865-d402da5d9f99,4c2fbd3e-4533-493d-97cd-5b9a1813d3d3,Internal Audit,Patient,1.8,22-07-2023,10-02-2025
bb43b568-394a-46b2-92ee-e4d63ef1ab6b,4d71f5f0-984c-468c-9ac1-2b6526a33af9,7cb61166-9e72-49de-95b0-81929a2489e6,Healthgrades,Peer,2.9,13-04-2024,02-07-2025
d1b579a1-5199-425f-919d-e7b3bf9d67fa,f576fbec-794c-4252-b6b8-1618a5026930,3f9efddc-80f4-48de-b34c-3cefc96dcfe5,Healthgrades,Peer,3.3,16-08-2023,24-10-2024
ae5b2e21-1d25-475e-9a78-d4c43a947e64,28bf2263-0e36-4f04-adbd-b5b0cae36dd0,1ecc3831-3fb1-4f08-b1c3-9ae19e2a7ba6,Vitals,Peer,3.4,10-08-2023,22-03-2024
3c5b6b40-2a8b-4659-9479-a1a55a0db545,7a96dfde-b486-47f8-bcda-a971b2cfa062,55b2467f-8174-4b09-862b-db27a240cad5,Vitals,Internal,3.5,13-08-2021,14-05-2022
c7d72d59-32ca-421f-baf6-b7640301f1f6,da849c68-6442-4ddc-b4b1-47afb6743ddd,be615a1c-a752-40dd-aba5-281903867aa6,Internal Audit,Internal,3.7,02-07-2020,01-02-2021
4a582aa6-ec48-4e32-ad70-d8f1e033400c,270debf7-a79a-4a7f-99e9-ba7ce0dadc93,5e36eea3-388d-4a3d-8eee-c21a77148a1c,RateMDs,Patient,4.7,17-03-2022,14-10-2024
d8f77a69-e30f-4740-9017-a6eebcf3f08e,47df5475-b95c-4c62-bfb0-c1a052f29d2f,08bc0368-5d95-43c2-b9a7-ce9430258712,Internal Audit,Peer,4.1,04-03-2023,10-06-2025
518f93df-20af-46d9-8070-c01a359b9b93,bf6e2dd4-fd02-44a4-be78-a5d61eb2e4bb,05ee2752-3c51-4461-b040-4c6a1d991d5d,RateMDs,Patient,3.6,08-09-2021,19-11-2023
7c4dee9d-2647-4137-8ccc-1204f5ec8715,843a4690-2db9-4724-988a-b000338f52f6,76038e8e-6a27-42b6-a62f-22126986a136,Healthgrades,Patient,1.8,22-07-2021,20-12-2023
ee9df55f-4bc6-4c6b-860c-250e378730ee,3f7074d3-feba-4189-b7ef-222df97f4858,76e0d24e-5378-4404-89ec-41440a8a1ac8,Vitals,Patient,2.1,28-05-2022,15-06-2024
66bcbdbc-cca5-4191-b001-20bd5dfac284,ca87a9a6-a9ff-448e-9aaa-2d31ef56dfba,c1be8b8b-4493-47d7-aa9f-74c88da940ac,Vitals,Internal,4.3,25-12-2022,01-10-2024
66ecdd78-7e49-48a4-bda4-4a964fc12fc2,287ceab3-0c38-480b-96d3-de6c1f7bcdb7,5cac5a71-d83d-4075-a6d7-0d2d3dbbf906,Internal Audit,Patient,2.5,18-09-2023,02-07-2025
872e5685-120a-48ca-8e10-6f5d85f5ec91,add73e1c-5344-4ea7-b86d-9167f8e1fec2,5227fd4f-a825-4c01-add1-9d7ef65f14e2,RateMDs,Internal,3.7,07-07-2023,02-07-2025
f36fb665-bcff-41db-a0ca-400e64c058b3,9b585900-8bf4-451f-97ef-4dfab41ea9e8,e722d2a0-0b4f-4f91-b5a9-67165d8f5d0f,Vitals,Patient,3,19-08-2022,19-09-2024
e0124530-94fc-4526-92a1-9665ccc57d07,ef3dd63c-02e1-4957-bba2-f51d6e7a9da4,424a490e-0c9f-4e96-a61c-bbbe428b1864,RateMDs,Peer,2.8,15-02-2024,02-07-2025
20fcad7f-6364-4b14-8208-1d8ac3c67ba8,2c4d0bcd-c751-4846-83ff-63f42fb47c2a,46567e1f-865a-47c7-a4d8-6010c5dc1866,RateMDs,Patient,1.9,03-12-2020,29-09-2021
e1550bce-319c-4c4a-a543-31ce6886bce1,3b434f54-9fb8-41cd-ada5-21bcfacdb8b3,58ea224b-b6b7-46ba-9b94-5443cfc4bd83,Healthgrades,Peer,1.1,03-06-2023,22-06-2024
1d88a8d6-f502-4edf-a2c7-f1c879e257b6,9b6691e1-6cf6-4b82-8b14-007cc8d2a290,a7247e41-8e8f-4b56-a633-2d12fcd4e13f,Healthgrades,Patient,3.5,06-10-2020,04-05-2021
4419765e-8494-4817-8006-efcc96528bd1,c093789f-d58b-4b9d-a752-9f49ca2977cc,7c25f709-06a7-4cfb-9ef7-d6e1f3492ffb,Vitals,Internal,1.9,07-07-2020,24-02-2022
f83f1be3-ab1f-4e8a-baee-8c0c6e1a6ea6,13dbce3e-ce4a-4c7f-ab96-c6bd8a382859,43f63ac5-27c2-4a33-9914-f493a945bcbd,Vitals,Internal,4.1,22-12-2020,30-05-2023
21a4b0d0-1341-4a94-b6b2-edce53ea5aef,6fad0d64-70af-4b34-bc69-baafdb8c8b3e,c0ea4397-6b29-468d-aa37-8e11cc1eaa39,Vitals,Patient,3.1,16-04-2021,12-10-2021
73013c06-6dda-4097-aafc-b366de244f53,1b084ea9-b7d4-4039-88e4-89402a08da49,3d430a4f-8e12-4313-90fd-b3c9b173754d,RateMDs,Patient,1.1,02-01-2021,23-05-2023
f44b0af7-e573-4ccb-bc7a-760fbb882eff,b0844ba1-a0d1-48be-b13f-8a9c8c6d4a2e,22763972-0091-41bd-ba1b-f81cca4dc72c,Healthgrades,Peer,1.9,03-08-2020,05-11-2021
30aa002a-e88f-4938-9c79-13bbd1e94dcd,cd86b247-fe0b-4378-a2d9-3a343528fbec,f7fe2031-49f1-4164-9790-2cf4eb45c875,Healthgrades,Peer,1.6,25-04-2024,01-06-2024
b637e793-8aaa-4dac-b992-34faeec877b3,b4372f0d-9c1f-42a1-8224-d7a5c7968d39,e2765c3b-9fdd-4f93-a672-6e837221d21d,Vitals,Internal,3.8,20-08-2020,08-09-2022
c6f3b7fc-1f7e-440e-b764-567ff04038bd,ea3331a3-18a3-4469-9ee5-fd2832b7ffd3,19a50bc4-03af-4bca-8d77-b746ec7dfa95,Vitals,Patient,2.8,13-03-2022,26-05-2024
d58a1b50-c64f-4943-bd64-5c945c08bfbc,f90df0cd-1a70-4d58-934b-a02004fb43c3,daeb7d43-0188-4599-92b7-2c184941714a,RateMDs,Patient,3.8,07-01-2022,15-10-2022
e3e077fb-931b-4d95-b2ed-1c8a51afce39,b07f88ce-a56e-4270-accd-35aedda53cfd,561f67dd-6e7b-4f98-8e2a-89a336e659f6,Internal Audit,Peer,3.4,26-06-2022,20-11-2023
7c3c3a1f-a70b-44a4-93d3-f37c45227892,4716bbb2-a271-481f-a452-02dcecab934b,3a696b3c-789f-473c-a1dc-bac5713e4782,RateMDs,Internal,3,19-11-2020,18-04-2021
dd552602-ae87-4dec-a618-ec19edf7d6c6,3aa78f82-061b-4bb4-9cba-9319eeb0d1fd,dbd0b368-2ea1-4fea-a33e-aea358f55290,RateMDs,Patient,4.6,28-02-2022,11-04-2023
80c033cc-ad5c-4317-9675-6157885706f0,ef53046e-ea26-48f8-91a0-709ff559d3f2,b2544b1e-ce30-425b-819b-fce294c0c97f,RateMDs,Internal,3.9,10-10-2020,30-06-2022
f78369a9-37ae-447c-a171-7d24d2cc6ed3,2168d0d2-c20e-4bb3-a884-ff20b2dccb28,2a4edb51-b89a-48e3-a2d5-95b061b07441,Vitals,Internal,2.8,12-05-2021,14-01-2024
6ff33515-2e5e-436d-9870-2fff73e92798,3dad2252-170e-49c6-964b-212b32e7767f,0c0fb46c-dfa7-4475-a3de-d15f72d9bb9c,Vitals,Patient,2.9,21-10-2021,08-07-2022
96dc32b9-d5d6-4bdb-a2d6-fdd78b8d7a24,8bc82ea3-9f74-4718-8742-356fe310aa30,d5a777ca-8659-4f70-a8e5-55931b76ae86,Vitals,Peer,4.5,05-05-2024,02-07-2025
0a785bd8-e4be-416d-8443-88e23d0f07fc,86558de9-1f8c-4635-b893-5cce215e2f29,917957cc-5179-4fe7-bfe3-948752399c19,Internal Audit,Internal,2.2,25-09-2023,03-04-2025
3ad25ccc-0fd2-45d9-bf85-3a0511a52c0c,76b410ab-e9e1-4a99-9dbb-3b82845691df,b666f64e-2086-4943-949e-1dddec92620b,Healthgrades,Internal,3.9,17-09-2022,19-12-2024
2fff486e-e197-4c10-a0b2-4485f6ffd324,11f7c164-5df7-4c43-9603-daa2726f698e,3ba39b5a-f4d0-4275-8468-a69d0beac874,Vitals,Internal,1.7,01-05-2024,02-07-2025
334323a1-8ca0-4f56-89e0-d4e258089961,ea3a1b11-3949-405c-9f7a-727476cdbc8b,140dbfc3-2e84-4a20-b5bf-92a7de490e1c,Healthgrades,Peer,2.7,09-02-2022,28-06-2024
bca90841-5a22-4553-b5f9-a9b1635670a3,f0bcc689-7af7-4676-843f-f4a01cf91a07,9106f4fc-ee6e-4f87-b760-ae64dec6d46e,Internal Audit,Peer,1.4,12-11-2020,17-01-2022
484182ad-8234-414a-b753-dee4b01dc119,700d1152-4241-44b9-9490-895bcbc3773d,c6d9bd8f-7a6d-40fc-9afc-66a83e36140d,Healthgrades,Internal,1.5,26-11-2023,08-11-2024
c6d6fd6a-ba81-42ff-a412-68aa0079047a,66ec207a-64a0-4d37-a90f-bdf0c682e801,e3043a06-ec1c-44bc-a122-12591e7b4d4f,Vitals,Patient,2.5,28-05-2024,02-07-2025
efd350af-93a3-4f03-8bb6-dc1228914a8f,45ddd210-a7fb-456f-a258-8ea2011ec02d,eaa6e246-fae3-4c51-980d-524e42e10e03,RateMDs,Peer,2.5,18-05-2022,18-07-2024
b65aa915-006a-4a1a-ae8e-339596024a98,904836bd-d5c5-449f-9734-bc65f41f113f,e7034e0d-0966-4220-bba6-3adacf2a4446,Healthgrades,Internal,3.4,21-02-2022,12-09-2022
70ec8962-3845-4975-9d7f-0c6ed1241545,c273e862-ac30-42ac-af33-61b3176dfa89,981a9729-fec1-43cb-9f15-e73989ff627d,RateMDs,Internal,3.7,14-11-2021,14-04-2022
496f89a5-bb39-4347-a568-03af39fd8fe7,bd87c322-33ea-43db-9745-704e941a9117,2a33187f-1aea-453f-a855-0be498515096,Internal Audit,Peer,4,03-02-2024,02-07-2025
e5b28946-3d8f-4108-9142-9b94bc811b65,9c3c46d9-5a24-4247-b7bc-ffea3e780d40,0faad6c3-cf37-4f58-bc01-3eea3225659a,Internal Audit,Internal,3.4,31-01-2021,18-06-2023
11be1021-f35e-420f-8229-9604259755d1,90e4661b-9907-4cf5-aa10-a1f31523914f,d2827118-c4b5-49c9-83bc-8099a43efe4f,RateMDs,Internal,3.1,01-09-2020,07-11-2022
a2028a87-dc0b-4a4a-99bc-cb6aa44af850,e010ccd3-0fe4-419b-92ca-24e9d8d7dc30,da8c414e-78f5-46d0-af25-378510e3eeda,RateMDs,Patient,2.4,24-08-2020,09-10-2021
9467c22a-1fc3-4cff-b671-2c17d6a8abb6,d0ea2f05-82c9-4fc6-bda2-d37fae277506,3dcbdaaa-d62a-412d-ac42-cb05a7d565f9,Vitals,Patient,4.3,21-03-2023,13-04-2025
3ce09dc0-9589-4c14-bedd-3cc17e5d684b,2e0db3c9-73ca-4291-97fa-914e45e49d8d,b3a411ba-73b7-4b18-b06f-285862f81edc,RateMDs,Patient,2.4,30-09-2020,18-04-2022
61b59df9-78b1-4133-a4ae-d9cac4eb5c03,b652f342-123a-4a9d-86f2-75fa8aed793d,f95ed79c-101f-4773-a57e-4e1712e3b0b2,RateMDs,Patient,1.8,30-06-2022,16-06-2024
adcaff65-33c6-4450-b242-2b457aa0fe3a,39c122b5-d01e-4fd8-858e-1145a770010f,f98c6a6f-2674-4078-b811-cfa777cccb1f,RateMDs,Peer,2.1,10-04-2021,30-11-2022
89741f5a-ca0a-49ee-a967-7f4d1f6d77e6,eb6422e9-4f74-4371-8575-d49cf1026341,9c1230af-d709-49de-9be1-cdba50142166,Vitals,Patient,2.8,19-02-2022,15-11-2024
00522656-429b-4abf-a31d-471c45104cf6,48870600-5980-4d06-91a8-e5e5bd996345,29d6fc46-5c61-43a9-bc4f-47cbb4d0fe52,Internal Audit,Internal,2,20-11-2020,29-11-2022
85018997-46d5-4ccf-bc6d-7aba9125d08f,1938c3fa-861f-43f1-b5fb-79bcafa0210f,7ddee6f0-5503-4d72-b074-fda783a5c6b7,RateMDs,Internal,2.6,10-03-2022,28-03-2023
5c806f0b-5d27-4310-98a0-264e8c4c2c09,21475c55-94f5-48c4-9d62-5b38e3816d92,875285ee-f959-4e82-829f-d93f5ae1e8a4,Vitals,Internal,3.1,29-12-2022,06-11-2024
6c824888-b2b8-4d31-85df-5745e853de2e,0f8e9015-2f48-4489-b4c6-091289965fa4,407eb4e3-537e-46cf-b3cf-d0ee880ecc24,Internal Audit,Peer,3.6,01-10-2023,02-07-2025
6050ca20-84b0-4f7b-9e35-b3a5019fa3f3,f68bcd36-e7a1-4b25-b53f-e2cf6ac005c4,28528501-6a76-469f-8adb-a083c2fb5658,Internal Audit,Patient,2.2,03-08-2021,06-07-2023
78b7a14b-29f0-4949-ba64-aa753d631daf,9d9c4370-c5a4-43ba-af59-b8ec3c750108,1da34fe7-dbdb-4a66-ac27-cb9956a21f12,Healthgrades,Peer,3.1,11-09-2022,09-02-2023
cc896991-4478-4abb-a953-39c0610d7540,20efe7c6-1d09-4f31-9284-e2308df1f4a0,73c3b5cb-5ad4-46e4-8b3c-ccb732271f36,RateMDs,Internal,3.5,21-05-2024,02-07-2025
dedd99d4-1456-428d-8fb6-009d06db8b25,0891e6f9-7b77-4d8c-9a5f-a89b12028f12,8b6ecd3d-b8f7-427c-89f5-8c1fd59db003,Vitals,Patient,4.5,13-04-2023,01-11-2023
714ba0cd-c84f-4b88-bd52-26583c412d8b,be47e76e-c844-4126-a6a1-192cd13e9c6e,35006212-5199-4a42-a412-a69c9feb0e52,Internal Audit,Peer,3.7,30-04-2023,24-05-2024
aa150408-8839-4db0-bad0-d40cd535e124,9f223c1b-2132-4f39-8ae1-3084d61ef031,c9adcaaa-836e-46e1-b9d8-2d49068b4040,Healthgrades,Peer,1.8,06-05-2021,10-10-2022
647e2b00-6512-46cb-a7db-c18111c2806c,9653c5e7-917d-40c9-b54e-12901aadee15,e8a0dc2c-5181-433b-a262-8eab644745bc,Vitals,Peer,3.5,15-03-2023,05-07-2023
6a09b2d2-32f6-4ada-b61f-be30dcb41347,70c2efc3-d191-41f7-ad42-da4185e80d5b,138d5010-f63e-4be3-b764-8b26efa92c54,Healthgrades,Patient,2.3,27-05-2023,23-12-2023
5d2ef6b2-bcad-4f06-bb22-d6be43e24938,7eece1d3-7113-43f9-88d6-208c213f42e2,b007f8ca-3ed5-4492-bf10-32f4b2e78582,Vitals,Peer,3.3,17-12-2022,13-11-2024
f4069328-3165-4fa2-b905-7f21d0613a50,35078373-5898-4bd2-94ec-e95b559b7445,49804e1c-1bd0-4a42-bf4e-86cebb0d99bb,RateMDs,Internal,3.8,10-05-2023,02-01-2025
367c2e32-7320-422d-adbf-62b76c28f7ac,d26aa766-5637-46ce-85cf-56f4e850d1de,58cb40c9-b1f8-4e6f-9621-3e07b45f02e5,Healthgrades,Patient,3.9,17-12-2023,02-07-2025
29fb4f45-2b4e-4d3f-a57c-36a9323326e4,5f09737e-c4d1-4bcd-89a5-cf25f610abbe,5e2c8f72-6a8c-4fbb-a121-773731ad35d1,Healthgrades,Internal,1.9,03-04-2023,02-12-2023
d2573b2c-a1ea-4fdd-ae9f-a3b492c7fbab,4fe8da49-0d37-459f-ab0d-d5021d8f6f16,91c14f1c-f7a3-4cab-a007-20d7c1773dc9,Internal Audit,Patient,2.2,17-01-2024,02-07-2025
1e2ceed4-9391-478b-b00d-e921c90862c7,4d3febde-d77d-4fce-9bcd-dae75b81072f,fb355c1b-6f44-44da-b695-7f0f3924ee50,Healthgrades,Internal,2.9,08-12-2021,15-02-2024
43328231-baaa-4b6f-986e-7ed4ab838db8,30ee250f-2068-49cb-b9c0-5a0834a5fa9a,2e0f1af8-88ec-4c8b-9d4d-3fda63453ab7,RateMDs,Patient,3.3,29-07-2022,10-11-2022
dd7dafc3-9bf9-4ba6-8b2a-25e3ce3fe431,63122131-90e4-42fc-894c-1bdd1e032fb0,dcc8f13d-2d54-4fde-9cc2-61505336e6b9,Healthgrades,Patient,3.3,24-12-2022,07-03-2024
dcb632b4-d797-43f3-8dd0-570447165df7,f66c5647-d815-4cc4-a8c3-2cc9920099ca,84d3c798-4b0b-4243-bb6a-325cef688ae1,Healthgrades,Peer,1.6,18-11-2021,16-07-2023
05b727a0-9610-4365-840c-34a187e26c21,1bd4ba1a-ae18-46ee-a98e-1a7b4f738119,68ec2727-dfca-45b5-abc4-391d42a8bb58,Internal Audit,Patient,3.5,08-12-2022,15-04-2023
287af831-f9c0-4e21-af56-1d92a542b69d,a870a816-1528-4537-9d8b-4b627d71e6ba,131c799c-33cd-4fb1-87ee-5167a0ccf7ce,RateMDs,Internal,1.4,11-01-2024,02-07-2025
daa2b839-fc5b-4d5d-addb-941d6070ec2f,c1bbe1bc-83f5-466b-89ab-271be547518e,c102fea7-7327-4193-a613-cfa9eeb7cbae,RateMDs,Peer,2,17-12-2020,28-07-2023
5e5ba8a9-95f4-498e-9b92-19705f472a69,f097282a-2d93-463a-96af-4398049f04e0,bb18cf2e-b109-497c-8113-ade56e9e0bea,Vitals,Patient,2.3,22-02-2022,01-09-2022
f4564ed0-5bd3-40be-9a55-ed82ee8a6386,dc1740cc-7a9b-4565-adbf-48977795f862,33a14e01-47bd-4791-abd8-fcdb3332d567,Vitals,Patient,3.3,23-08-2020,16-06-2021
9d817261-1dc2-4ddb-acf2-b73cde1240a1,84ae5e52-fbce-4e28-8a7f-25d4f9411ee3,11f19ce0-c71a-4162-93d6-33584418f239,Internal Audit,Patient,4.3,04-01-2023,21-04-2025
742a6181-8c99-421e-b47d-340b13322220,d7c81f7a-655e-4849-a602-16c1162480eb,8c0a9fc2-d468-49da-a18e-d18ecbac09d7,Healthgrades,Internal,1.6,03-10-2022,13-09-2023
bcfbd696-b7e9-44b3-a83d-c6947f36cebd,9b3db381-471d-4dcd-bed7-a1c61a3ee410,97b24cab-0075-476b-92c6-ba887ed41768,Healthgrades,Peer,2.3,18-05-2022,22-08-2023
ad23e1a1-c2a7-4104-bee7-f228cd3e5c82,035b4735-0f07-4c9e-a3b8-1771546bd7d3,ae158932-d4ea-4f65-9edd-af1ab27700eb,Internal Audit,Internal,3.2,11-01-2024,02-07-2025
35d693ed-2d00-4937-9e58-fc863aea05c1,3a311ea7-40b6-4d26-a7cc-d1ebbc728537,2c15bea7-e832-496b-aea5-7fcf8b362b15,Internal Audit,Patient,3.7,06-07-2020,07-09-2021
bf914793-fac3-4bae-8fda-1ecf1f6697df,07d81f25-55fc-428e-a4f9-bbe6907d5731,ab37b451-2ed7-4c64-86ea-ff37dcec2199,RateMDs,Internal,2.2,03-12-2022,08-12-2024
ba562d6a-1408-467c-b627-5ea1066d2d79,cd839743-e931-4b54-b261-0709070dfa74,4861b186-8361-4e46-89d8-df05d5a67dda,Healthgrades,Patient,2.2,22-03-2021,26-06-2023
1bb4b34f-ad18-47ad-bc2b-ad4116b946cd,6f256631-2b07-405a-ba38-b628e2cdeb9e,04466a08-e3b7-4a21-88f8-e95c57598862,Healthgrades,Patient,3.5,28-06-2024,02-07-2025
db7fb1df-2291-45fa-b771-a6cb7d56da30,71a2ab45-8796-4e34-8784-19ca15bf7376,298009c8-75e2-4603-bb95-6d1d761ad26b,Vitals,Internal,3.8,28-09-2020,31-03-2021
53638ba8-c19a-4ed1-8d2a-598267248455,afebae87-9be7-4a18-979f-05d0930743d6,575c8bac-6219-4f67-980f-aeaaec7928e3,Healthgrades,Patient,2.8,17-04-2023,02-07-2025
5b574323-341b-4080-985b-ddcb8889dfae,e70cedb0-647e-4619-b9d9-0ec4636a27cd,98cf6bab-6063-4367-b85f-4b5973df20f6,RateMDs,Peer,4.4,21-02-2024,09-12-2024
5933aca7-723f-4b15-a387-a724275ec68c,b6ec70db-0600-4901-a342-a9bed63f7e76,4501f692-b6b9-431d-8425-44d59b7da349,Vitals,Internal,4.1,19-03-2022,12-06-2023
fb3f7053-46d3-41a1-b1de-c33f304c85e8,c67179ef-ff4c-46f2-921e-93e069da35e4,72451529-ea5c-4010-a5d5-91006dd7e167,Vitals,Patient,2.9,11-11-2021,07-08-2022
4bd24fc3-334b-4362-a16b-8c8b86fc2956,fdb73b73-75b4-44fa-b32a-af59e78b83eb,fa1e58a2-79c6-40a6-8561-454ffafcaec8,RateMDs,Peer,4.9,13-04-2021,13-10-2023
1e84fce2-0aea-4599-9ca8-c7ca7a0b15c8,d6265101-1405-45b8-80cd-246462ea69c3,6046574c-1592-4973-9d9a-d07925d9fc62,RateMDs,Patient,3.1,24-03-2021,01-02-2023
8be451cf-8e45-4132-b824-36f4d84bfdd4,6ba1e621-69e8-4bf5-b35b-8b09b57b5f5e,28df55fe-7389-403a-a681-82eb1cefca5b,Healthgrades,Peer,4.6,08-03-2023,27-04-2025
2b9ae51a-4503-4deb-a2f8-f4a44fa714f8,8b9b2be1-79ea-4315-bd83-e0b030e3c231,97b7ce9e-ad27-4008-8fa9-85ff6c0e741c,RateMDs,Internal,2.3,29-03-2024,02-07-2025
15981da5-4208-451a-970c-c8bf592ec29e,69b89a99-2e72-4ee2-a202-f2f2459ed9c1,622a0aae-613f-4b37-9c63-a7e1bb02bc20,RateMDs,Peer,1,12-11-2021,29-04-2023
e86c2aa7-da03-42cd-a66d-5bbe04a21151,1bfccf96-ec90-47ec-9b0c-02596783f131,9f614e6a-286c-478b-a92e-ac3e70661083,Vitals,Internal,4.6,25-11-2022,21-05-2025
33eb1de3-9d43-45bf-a04a-931bb3ce2d0c,66c06386-5db7-4deb-a473-82b8bf0e51f5,b92bde1d-8ab3-485a-a10a-5d5612cdd304,Internal Audit,Internal,1.6,25-12-2021,12-05-2022
5eaac9aa-385a-4c9f-931a-32488ff16c02,6478b8ea-e0e6-4ee2-971d-f707b8746db9,32325a97-7d2f-4e49-b555-42d210fd321a,Healthgrades,Patient,2.5,02-10-2022,13-04-2025
885dc6e9-beeb-49b1-98db-38821a3a60a5,9ee17618-7d89-4c31-9621-9059bd601d82,8677ad8d-03f6-44f5-aa99-c5f94274533e,Healthgrades,Peer,1.5,03-02-2021,24-08-2022
8304f59f-94be-411d-91b4-af3af48e5c35,d1c66369-7c95-4776-929f-45eb9c0cf1ce,aee84c88-eb4c-4b48-98b3-1c84e165ab8a,Vitals,Peer,1.8,04-01-2021,16-12-2022
9e943e92-be11-4005-a367-2de1b578b7b7,9f169e15-8110-407e-8131-4808f858dc76,fbb6ee69-50aa-4d4f-82d5-33fd22ba9155,Healthgrades,Peer,4.3,08-08-2021,05-04-2023
4dc3991f-81c1-4331-a5bb-db81efb96605,170c29e4-c233-4059-87a8-191b913db9a2,db38d343-de71-455d-b4e5-68522c55f770,RateMDs,Peer,4.1,07-10-2020,16-11-2020
f219ddcc-386c-43b1-a307-81161be3065b,238621d8-c093-4d2a-bf22-44707f07ea3d,67d3ccc4-d4f7-4fa6-88de-f93cc99ec438,Vitals,Internal,2.3,14-03-2024,02-07-2025
cde08710-3297-4c7c-b882-97bacebfaca6,cd6b07f8-1083-408b-bf71-00b2a774d0af,db861b84-0100-4adf-b203-27a71efcd447,RateMDs,Peer,3.1,14-12-2021,31-05-2024
710df022-f2b5-43f5-878a-976d6ca39c11,7e8d1c0b-3c89-44b1-aeb3-1658572fd7a6,b1ca9d6a-37a0-49bf-9f2b-f68b25a17190,Vitals,Patient,3.8,25-01-2024,02-07-2025
1f217470-6d9a-46a9-8d8f-450244b523f7,f980879a-4cc2-4e6e-a6d4-366d96e6040f,8739e60d-3c36-42db-aafe-8665787f775a,Internal Audit,Internal,3.8,18-03-2022,22-09-2022
e2bc1c9f-588e-4f92-b249-2a86f15d3ea3,b4cae5dc-339d-4612-b770-cde9981a5e84,953aef3a-f6fb-43ab-8dc6-5c799b36a221,Vitals,Peer,1.7,04-11-2022,04-12-2024
ae2fd5cb-12f5-4b04-aaef-56f79ef06e51,7a3f3fae-2601-4395-a763-aa5dac9fdba4,923d8748-39f8-414e-b7f5-563defd3b111,Vitals,Patient,3.7,23-12-2022,16-03-2023
843ab213-0982-4ce8-811f-0b6273b06827,cf69f408-384e-4af6-af03-2ad2a663e7f6,bde1b099-eebd-42d8-a6ed-6eccc3d01251,Internal Audit,Peer,3.7,23-01-2021,19-06-2021
2e6b6d2a-c83f-403e-a1bd-ff289ea81ba7,8c48d692-ae5c-4912-9b3c-9d6f53a7dded,e6be85f2-139c-4b71-8dbf-0fb0caec071b,Internal Audit,Patient,2.3,25-01-2022,26-12-2022
e3d11239-bcf3-4361-b717-4635c42a4b0a,b4c57a69-2d75-43dd-8f43-815c30f7ccbb,7edc62a5-41af-4d4c-8966-90cbe5dd0fa9,Healthgrades,Internal,2.2,18-08-2023,16-09-2024
4a2a5749-f675-4f1a-a96d-d1e0994a1ec8,aa4a6329-eff4-45b8-a72d-fc2f3fa4c5f7,3d51e8c8-de68-4dd7-acdc-dcdab69acc84,Healthgrades,Internal,2.1,09-11-2020,10-11-2021
f22d4577-2882-42ee-9e7f-37159b744e1b,3e6b7a37-f20e-412c-a3b5-e8d516b6b13e,09aa6fca-cd3e-4a7a-905b-f871414ce188,Internal Audit,Peer,1.8,16-06-2024,02-07-2025
112a6ba4-bad4-4163-a2a1-b5e90c625ece,85824ab8-4b00-407a-a1d8-65e8a6bad26e,acb73f9e-0c0a-482b-9c92-09ceacd80873,Healthgrades,Patient,2.2,25-12-2023,06-11-2024
e6f1e9de-feb3-4420-a0d5-4ce3fe5cd79a,76eac02a-4952-48bc-b48b-dcfd2eca1a5a,3cdb7c38-6d07-4fbd-945a-5dc611551ba9,Internal Audit,Internal,2.3,17-04-2021,24-08-2021
76776cb2-b603-42ca-b7d0-a3c21ed27910,c81a23ce-9b09-4992-b9b5-d859693c6909,67c9e6d2-f49d-4d83-b1e6-689fec5e06f4,Vitals,Internal,2.5,16-04-2024,02-07-2025
f2dfd66a-1d9c-494a-a2da-8f68a7e871a6,b809bfaf-8ed2-443c-8d2e-95181f67f993,9f7ab54f-1a03-4d54-9213-1fff299f5e9a,RateMDs,Internal,1.7,30-06-2022,28-07-2024
179c8ad2-55e3-4259-b260-a7e564f1e7b1,09ff9385-6d06-4380-b522-4786ce1bfd05,939d3b04-988e-4592-875a-a15a13a51e9c,RateMDs,Peer,4.4,10-06-2021,20-03-2023
e59baf02-357a-4207-ae0b-71da0776925f,4d0e010f-af97-42df-8e2d-578dee4f4f9c,78bbfe12-6599-4132-a090-37c8da4cdcd4,Internal Audit,Patient,3.8,25-05-2024,02-07-2025
cb837ea6-745c-48a3-9cdc-c57e452819f8,6076218a-10e5-4277-b833-bdb8c4fae321,b487af06-5b66-4b67-a92c-a56175a018ad,Internal Audit,Patient,1.5,28-02-2022,01-12-2022
13fcccec-7bc3-4e8b-9aaf-34c209b434fe,8dd5be1a-f23e-4852-b279-14310f55ceb1,e4a6ac72-12d7-420c-b0aa-041f949e5b24,Vitals,Internal,4.9,09-07-2022,23-02-2024
3d4e24a7-8001-4d4d-b5db-5302d5bcd934,03d31516-cc79-4074-86d4-e873c8c21d43,d7136f08-3bb0-4936-95d3-705d98c93652,RateMDs,Internal,3.4,14-07-2020,02-09-2020
6a600f4e-cb70-47bf-ae1c-42497c6c7e25,92ab7f89-31c5-47a9-be08-31bf2eb4f20e,a76c0b1a-8087-43d3-8d18-9220211a6da3,RateMDs,Peer,3.9,11-06-2022,03-06-2023
7916ff25-3863-44b3-b742-e9c6dbd4e196,89ccd27c-fe9b-4a6f-8be4-aea900871fb1,c5c74118-7816-4fdf-87e4-b30b0eb4db02,Healthgrades,Patient,4.4,04-08-2021,29-05-2022
f43e4dc2-1edc-4a0b-bfdc-4577c0f52480,bded21aa-c01b-47f0-aa52-6a70254547e9,8782f817-91f7-41f3-b75a-db0ee0163524,Vitals,Internal,1.7,08-11-2021,14-02-2024
9f095732-bdd6-4d9e-82fd-ca0c180c394e,9ef3678b-1d07-4903-a798-7f44eba43f25,d6b0fd93-2dbe-46a8-a536-77b357c0a5cf,RateMDs,Internal,1.6,22-01-2021,03-11-2022
e6daeb00-0783-46fb-88a2-dd862e6ba39b,ce395f0b-30bb-497e-be45-7d5cffb5b41b,238ddff6-6bd1-442f-8620-68ffd63c159b,Healthgrades,Internal,3,20-01-2024,07-05-2024
1f133046-4977-4e1c-9a44-29ee66099ae4,a386f531-eec7-4d39-bd17-8c199c526fa2,f0063322-93d5-434b-bea5-8eb5e9d42f95,Vitals,Peer,2.7,17-09-2023,14-11-2024
0f90524a-56d4-46e4-b605-9ef2b8c84298,d29c86f8-e3e6-4b06-b4e5-cff6ed537576,0c63ad53-3b02-4d36-9720-53120d8a1579,RateMDs,Internal,4.6,15-05-2023,27-02-2024
3b070669-526a-4351-9c17-e862f6f4ca59,45d36535-0962-4dab-a771-40d92c6aac0b,5630e51a-5357-4b38-95c8-0b7a2a836d95,Internal Audit,Peer,3.7,14-12-2023,02-07-2025
c76e94e1-7ba4-4d34-8369-770d2460332c,d59a38f8-5190-4755-abf7-142c71362a7b,0654aa20-ec82-4b81-84a3-482e59e92bc5,RateMDs,Internal,3.7,05-02-2023,19-07-2024
1a1b5966-e484-4cb2-bf67-0fde20dbef71,97f43da6-4466-4d26-9274-7c13c5070d02,fc8ba1e0-fd4c-436e-83eb-6e09fad49504,Healthgrades,Peer,2.6,09-10-2021,18-06-2024
553670e9-15f9-4747-b57b-aca5f8ef0588,284265c5-8eb3-4f7f-b7b9-522cc2fd9368,8dead858-ff74-412e-bdd7-df2cfbb3fb9e,Vitals,Peer,3.4,17-06-2023,24-08-2023
7751caa9-7efe-4ecd-86a0-1cf4f498d9b8,25b903c0-f192-4130-8a75-3e3683621474,73f029b3-9d4d-479f-b20c-88f25ad41172,RateMDs,Patient,1.4,23-07-2021,04-06-2023
4cd7b62a-ae02-46e5-a97b-dd263bd7444f,997fa181-b7a3-4aaf-b341-f8eb25583385,af40dba5-0997-4b05-87c6-9d19770ad401,Internal Audit,Patient,3.7,27-03-2021,08-12-2021
b0afafe2-025f-4189-b824-50b400b705ca,be44e714-ebf6-4724-b030-c11833e034fd,beeb2cdd-448d-45e6-87d9-69f98283e5af,Healthgrades,Internal,3.4,09-12-2023,18-12-2024
6643b765-bf6d-48a6-b288-a9b6d91413a2,bbbc483f-1a99-462a-b79a-5d5ec97a7e8a,82cd1168-5444-4909-8f4a-ca7781b54e5a,RateMDs,Peer,2.9,10-06-2021,24-12-2023
d8b0f07c-fcaa-4de0-aa51-02fca30f0d87,12fa909a-e513-4e48-98cd-eaf71a093e22,b22f9788-a185-4fa5-b76d-a551919fbf35,RateMDs,Patient,4.6,04-08-2020,30-04-2023
8505821f-7dc0-4e04-be28-4fe9c1002c1a,9a376c16-639c-44f9-9381-3800f58f806d,38cbe180-68cb-4293-95e7-f7b4afa0c18d,RateMDs,Internal,1.7,11-09-2023,14-01-2025
0bfff6a6-3ad2-4ca7-8b70-97ebd38edd9b,a0fe59de-5801-4e0a-bd22-852894e96836,7b695c42-1c4a-4f65-93aa-48c97ed82978,Vitals,Peer,1.3,19-12-2022,28-04-2025
be84c099-6c86-474e-ab6b-a579c782380c,f6101c8c-245f-4f26-8808-237f2f22a7da,fb0eff41-f68e-44fc-9744-e6b866292d23,Internal Audit,Patient,2.9,06-10-2023,11-01-2025
a25722ab-4ddd-47c9-8f65-5f33ed867826,320a8c30-2e7a-4a8c-b619-22e017836753,6b0940b5-efd8-45c2-b5af-f8ce3cf47c23,RateMDs,Patient,2.3,01-06-2021,28-06-2023
2be31810-a5c4-44e8-a497-53549f5ac362,b98bc713-8f94-4565-9979-850167f6586e,30351608-d4ce-4132-9151-e2bbfc31e040,Healthgrades,Internal,3.6,06-12-2020,06-10-2022
d5bfc01b-576d-46d8-9659-0b34af2152bb,6763a80b-b668-4da1-b9a6-8fb497b9d79c,17b37b98-04a5-4a98-9d95-df4556fdab9c,Healthgrades,Patient,4.3,04-06-2024,02-07-2025
50ecf749-627c-44cd-b30f-7658f24b95c7,af2f1546-a0b5-4612-abaf-ed94015799d4,f0bc9863-9d21-4053-8f4b-b21b65f8ca12,Vitals,Peer,1.3,03-02-2024,04-06-2025
c2fefe38-7092-4565-8aed-c0196e004600,78a52fa7-6284-4a9f-a3d1-f303779d5536,b2a67a2f-61b6-4b34-a7f7-4693fdd1e576,Vitals,Patient,4.9,23-10-2023,27-06-2024
3fb59f63-682f-4aef-b3e2-2bb3930bfda8,1be43d70-8336-4b96-a381-c49da81edd24,ec9a2c7f-8663-4b4f-8544-334ddbd55fcc,Vitals,Peer,1.3,28-08-2020,13-09-2021
5b2a9200-3355-492a-8586-2b60ca4692e7,00fc50b8-f503-4fb3-a10e-53368d96564e,0d17f565-e84a-4659-b5a5-c585eb10166d,Healthgrades,Patient,1.7,26-03-2024,22-09-2024
080bb2c2-f299-45bc-b546-051a2d5f59ee,f2d98a28-879b-4b33-ae8e-b32daab8c37f,46a8a9db-5c55-428b-86eb-d6b6db88f9bc,RateMDs,Patient,2.9,01-03-2024,02-07-2025
48009541-3123-477e-abf4-9848493e644d,04d33ecd-ef06-4c52-b043-857508d6e63a,cd0d9ab9-ecb6-4484-b1e7-836976b18d0a,RateMDs,Internal,3.7,15-09-2023,20-12-2023
6c9a0d9b-3e72-43be-8292-e7c44ea6d96a,84b1c8ea-e79a-4c1e-8554-c2204ee7695c,8c12fa48-2f93-4ec0-96be-39e363752e7a,Healthgrades,Internal,4.6,04-08-2021,07-05-2022
7182d7cf-8896-463c-896d-74ff23e2a31d,5cbd8f85-f1d4-457a-9ebd-ef4ff58c71a9,dd91434d-d015-4f68-9f11-84506bf77c1a,Vitals,Internal,3,31-01-2023,03-06-2024
09958e28-6e99-42dc-a1e4-76ce4ba9e417,4b379bc8-a90a-431a-bd2d-729aeacdcb30,b440b9f5-6288-496e-9793-142da5956905,Vitals,Patient,4,26-06-2024,02-07-2025
63d05c15-1416-4c07-b4bf-6b821545a299,247ef6dd-5289-4c36-beae-df1ddb82f97c,c4deee74-7d5a-4dfc-bfd8-9c3fad0bc720,Healthgrades,Peer,4.1,19-01-2022,10-05-2023
cc444bdf-f2ca-4b14-a934-a217bcc969e4,4e15c8af-cfda-43f9-88e3-04734d81b075,78b4f588-cba2-4c0a-9264-6d38c88e1d82,Healthgrades,Patient,1.2,26-03-2024,02-07-2025
de67ea36-d917-4f1d-b897-8507fd469429,9e737f5b-e8ef-46c6-873c-df38b1ac43f9,96ea1317-0fde-40c9-a16e-94ea4f7203a3,Healthgrades,Peer,4.2,11-05-2021,04-06-2023
4d00e6d0-7a7c-480d-a19d-7002edac5a5a,8f46b54e-f210-4576-9ee6-eb6abd5e3f7d,77655f80-e0f8-4a53-9750-098e18e01a67,Healthgrades,Internal,3.8,20-04-2024,03-11-2024
aafe2438-4d8c-4e18-bc3c-4430e0da9a20,a6bdbf63-05f5-4317-a274-8aaaf1067187,b95092ae-ad9e-41cf-8632-1c9e2a417e6e,Vitals,Patient,3.5,12-08-2020,15-02-2023
9ec936a3-0cca-44e8-83b2-909b6b04a441,60f1aa80-64d6-4c3a-aad9-18e48d2e5989,e345ca60-4242-4a6f-80aa-cc87fdd3ce2c,Vitals,Internal,2.2,27-02-2022,30-04-2024
dde4c1f3-a297-4e0e-b526-c53c7350ebb7,a985ccab-1746-4b49-82c0-a8619507374e,2bbc7a09-a5fd-45f0-9159-c0bc8177b267,Vitals,Peer,4.8,17-09-2023,14-01-2025
ac469932-2d83-4429-95f2-813830523a5d,cf7572ef-1c7e-4e35-8884-55fe56fe22f9,16b29275-5425-4a26-a22f-cabe4efae441,Healthgrades,Peer,2.1,27-07-2022,22-05-2023
04fb4c59-2e64-46b8-9e4d-cc94c136fd5c,f990badc-a269-4f8d-89e6-5069d3df97fd,de058903-7564-4564-b977-0a00e5673a26,RateMDs,Patient,1.5,11-05-2022,13-07-2024
921793ab-c00a-4179-a9e9-aff9c15f4ff6,26a3a31a-b9c7-43ae-b038-75787d80a462,a4c5b04a-f491-4d4f-9a18-dbab68bec9d1,Vitals,Patient,4.8,07-12-2020,21-08-2023
24fb4ac9-fa64-49e6-80f3-f382c486e99e,6e6a3089-8c6f-4ea6-b03b-b259d9293c12,bb25e64d-c4dc-4d71-b93c-76c101d9deb2,Internal Audit,Patient,4.4,26-05-2023,29-02-2024
9fa23a2d-da79-4630-8055-c4351248d2b1,3bb395d0-f7fc-4462-a357-25ec0f0e971b,939571e5-8702-4bc5-a26b-0ab4a3cb1808,RateMDs,Peer,2.7,27-09-2022,04-02-2024
3d28d8ed-b94f-4653-b8e1-f92d37f8b82a,5a90f551-8c68-441f-9c6d-e13e12ad19b6,a8537198-c0c6-4e0f-a605-8044d11884cf,Healthgrades,Internal,1.6,27-10-2023,02-02-2024
c9705ed7-65ad-4084-838e-340f0292f192,f4c26db7-ff5a-43bd-a3f9-1bd31bcdaea2,07604693-ee2d-4722-b1dc-94ce15542637,RateMDs,Patient,4.2,27-02-2022,04-01-2023
5f59e64c-8dc8-4e58-8fa0-7bdc192271db,c5d7545a-2417-42c7-810c-e159413dcd2c,aedb4d90-86a3-47df-9dfe-a35cc4467cbc,Internal Audit,Patient,1.8,02-11-2020,25-12-2021
e6546da8-8acb-450b-82cc-2fd83c956413,02140d07-8584-453f-91d0-8b6ad158e341,a68b2937-eecb-4b06-977f-f8abf666cd92,Vitals,Patient,4.4,22-11-2021,23-04-2024
690c47c4-0150-41f4-9969-78ae749dfb59,3f213d32-4d5c-4b88-8bf7-50c78a87fe92,59d0e762-f83f-4705-9111-498447988c8c,Vitals,Internal,1.9,20-06-2022,29-09-2022
31644b96-46f0-4179-a4e1-799a5731d3c8,a02d7389-445d-437e-89e9-7cd06f0b233d,0e879b0b-6ee5-4833-b02b-63713cc5bbd9,RateMDs,Internal,2.6,07-02-2022,06-12-2022
55dff407-a576-451c-ae53-bfe50d753912,ce97a55f-a6bf-43bf-996d-8c4149da875a,c1d1a03f-e3b0-4f54-9a53-8964ec9943ef,RateMDs,Internal,3.5,11-04-2023,08-03-2025
c573f8bb-2517-4634-babb-9f0271b5a651,1c62813d-c86c-4710-af67-c57207eccc92,7b6beba6-a45a-4a76-b9ca-bb7a048468f1,Vitals,Internal,5,27-07-2023,27-08-2024
c5d05dae-c4f3-4e3b-a707-d68c1850d84f,6d998fe3-c3c1-478e-b12b-30d104d93e84,746313fd-09ad-47eb-8301-dd51872a1574,RateMDs,Peer,2.4,23-08-2020,27-04-2022
baf13a91-ef8e-473a-aad5-9d85567e6e5b,375f7260-09b4-4659-b3c7-7cd7e2880168,21a49be4-4fdc-4e09-9156-e18f3c729002,RateMDs,Internal,2.1,12-06-2023,29-04-2025
234fd701-0c57-40fe-8bdd-1a257193f782,f1997820-62fd-4d3b-85d7-56faea4cf024,34a5684f-f973-4230-b47a-dc3167f74d78,RateMDs,Patient,4.5,25-12-2020,20-11-2021
82a384b8-1967-4fd2-9d35-7ed1a2410043,e8399874-cac7-4e15-a3ec-af8114cd06bd,9c5d4765-e019-4644-ac46-1b9b2422a1dc,RateMDs,Peer,3,19-07-2021,18-03-2022
da9b8b90-ee3f-4795-b2c3-ad41dfb568cb,4bfa9afe-31ce-4613-a335-436165013f4f,0911fa76-1480-4a48-afec-08ddba8bd9a8,Internal Audit,Peer,3.9,09-10-2022,17-01-2023
ba922f76-5e78-46ae-a886-452754e0db4d,01507b6e-37f6-475d-8d73-62bdb94a7523,28e1c630-91d5-4e64-9b75-1965bcac5ce4,Vitals,Internal,4.5,05-06-2024,02-07-2025
d8d50ded-d168-43d6-8f17-147c72707026,363c5233-c146-4eb0-9e2b-4dd1e64176d8,3fe0122b-9712-477f-9b0c-bc00f507ee1d,RateMDs,Peer,1.5,19-01-2023,02-07-2025
b8af1c82-4562-48f3-8a16-2a2648ef149b,6fd07af9-51e7-4bb8-bb04-847885b61ea8,d6d61020-a4e4-4924-b387-910126a5fba6,Internal Audit,Peer,3.1,03-03-2023,27-09-2024
412f3ac8-162e-48ae-a690-c14d24bc7d48,6714d1b5-c538-4cd0-84bc-4f1d75c03e97,6c57b0a4-c4c7-4305-b047-e7167c783383,Internal Audit,Patient,1.8,20-10-2023,05-06-2025
050a2def-cd75-4f44-b909-741d78d27437,1d63cf70-9a3d-45ec-8270-8dbba7f1633c,262db26d-96ad-4216-93d1-79c3e7e9387a,Vitals,Internal,4.3,11-06-2024,02-07-2025
d05bd638-6aaa-4603-998b-6c5188edeebe,5089f5b7-d0fe-4732-a140-b637423e15c4,4ee2e14b-90b2-478c-b0d2-204314eebbd5,Vitals,Peer,3.3,27-01-2023,06-03-2023
1f1bd5f5-4cd9-45bf-89d2-4a6978e8c966,b59de2d2-5fd4-4661-ae04-a58cd44f5a17,3f9c3b49-7348-45ea-a9c8-041438d551f5,Healthgrades,Internal,1.4,09-04-2021,20-07-2022
6f5d4675-c512-40fd-8c73-3a05bc45b326,b905c076-0ead-42ff-ab31-19443688ae24,dbd100a3-4ebe-4e09-8233-a09697e73aed,Vitals,Patient,1.6,05-02-2021,13-01-2022
26477178-038a-480f-9d4f-912cd16425f6,12b7144b-5b60-4e04-944b-78f028209319,c1775f08-7d97-4023-b565-2c458a994026,Vitals,Peer,4,24-11-2021,25-10-2023
2eb3ca43-0b31-46f7-89b1-e48be52e0618,c171637a-ebf6-4b66-8a44-38c0ac45e6e5,198b6aaf-ccd1-45fc-81a8-89c6b23dc278,Internal Audit,Peer,2.6,25-02-2021,27-10-2023
08829b50-6740-4fe7-8657-08667d0069d6,de2a1052-4867-4454-a997-a495919cff56,17590a25-3e01-4932-96c6-48b58f17f95f,Vitals,Internal,1.6,08-07-2020,14-10-2022
155d8ff2-340f-458d-8883-b0303052cce8,ef8b96d2-698b-4c4f-8256-b21cd25571fe,042c6046-1481-4879-9af7-33a07786b91c,Healthgrades,Peer,4.6,10-02-2021,13-09-2022
68295298-8667-4d74-89a7-3be5eb30091b,ff8afe16-3612-41a0-952a-83b43a8a1f91,dc20f6f7-74a8-4e85-b9f3-0ac412e594da,RateMDs,Internal,1.4,23-12-2022,19-03-2025
7a7a130b-506f-4956-82d6-a328af00e5c5,c0a375b6-89cd-4389-a050-e809d765db34,d3138c36-c5d6-4c7b-91e8-334829afd48c,Internal Audit,Peer,2.6,18-03-2021,28-01-2023
bb89e507-a761-417f-b2e7-5890b04fe4c1,da0b268f-9602-41e1-85b8-2bfc1bb006f8,31396c71-7785-410e-a15d-f56122dafa74,Vitals,Patient,2,24-10-2022,19-02-2023
0614fab9-01cb-4d19-a98a-1ca0a7d4d580,e2f8296b-b0c6-4441-b4f1-ce37195232db,1ba2269c-0f94-4f1c-862e-94432f80f6c2,Vitals,Peer,1,23-12-2023,02-07-2025
ebb0d1f3-4bbb-4869-a551-fe9a754890d8,89f7b49f-e097-4fd0-936a-e3888ecc46ae,a453eeb3-3875-4edc-a0d1-93285b0f3b35,Vitals,Peer,2.6,25-02-2021,30-12-2022
4048dfbc-e75d-41b0-b5d5-2ad887340b19,53732510-7f24-4a64-b0e9-8b46d609e52d,02329bca-571d-4c35-953f-170dc614ccf5,RateMDs,Patient,4.8,20-05-2024,02-07-2025
8a87f1ef-d6c1-4e8a-ab33-72d88c110ab1,b4869d9c-dcd1-4ed3-bc1f-3f7cf73383ed,7fbc1933-4087-4b1f-a24a-532092208229,Healthgrades,Internal,1.3,05-07-2022,14-02-2023
acc5d0a3-85f8-4827-8066-29697181aa24,803a039a-be01-4238-9c61-74c565439bc6,ed1e1ff6-aad1-4509-8b43-bc5be3cfd1d2,Vitals,Patient,4.2,23-11-2021,06-12-2022
68f63027-0334-47fd-9b84-777616a98507,5443b205-cfb1-4cf0-b0a7-92869cbbd901,bc827a7c-a553-48ef-8ba1-5f49481dc20f,Healthgrades,Internal,2.2,06-05-2024,02-07-2025
40a35f74-f9c4-4e2e-8784-7f9c855827ac,3ea68845-259f-4a61-ac45-03b81a73c64c,59c41746-b2e7-4eca-9c79-38834c3bf923,RateMDs,Internal,4.8,22-06-2022,15-06-2024
8f43d963-2a7f-4d25-a839-5dc64251a176,bd3d8e81-e67b-4019-97ee-1a6f75a8f702,d749db89-8091-425f-b1bb-e89a5355f366,Vitals,Peer,2.8,25-02-2024,01-11-2024
07345597-853f-4e11-b1b2-45326f9dc5b0,bb04b7eb-b07d-4e1d-9b23-4286d1525bf5,39965f98-8342-4360-8608-665366002fa3,Healthgrades,Peer,2.6,10-08-2022,05-09-2023
0330988b-4c7f-4656-99be-85bff3916403,650a6fd6-b3b9-4510-a6d5-a574ebf369a3,67369f87-4d5d-47cc-b0cc-3fb34da2ed54,Healthgrades,Peer,2.4,13-08-2021,23-10-2021
3f471251-ee56-4b69-ae14-5920ce5ae87c,6d2710ac-1e14-4162-8128-e7a17a101870,1e7adbfb-4fee-498b-b4ea-a22f9be00b5f,Internal Audit,Internal,4.6,25-03-2022,15-04-2023
359dbf8d-c5a3-4cea-96b3-79d7641b04a9,85f4577c-2e3e-4a5c-b529-1d9599df3436,f206ceeb-51cc-450a-bacc-810904d7d658,Internal Audit,Internal,4.4,19-11-2021,04-01-2024
ff8b7c38-c815-46da-87b4-693a7b0bb9f0,a1f366bf-21aa-458e-90d1-9fb052f36b0e,2e4abbd0-b6df-4159-899c-4fa88a587223,Internal Audit,Patient,2.1,23-02-2024,11-06-2025
c8970e8c-79a5-4572-a1db-7db83cf11aac,aa1312c4-3353-4089-9c86-8ebfeb918ad5,d16b41cf-3c4b-4097-a9cf-e4f83717f867,RateMDs,Peer,3.3,24-04-2023,28-07-2024
ce5da471-595a-40e1-99aa-cbd10f769cb7,66dc54ac-35f5-4271-a3b9-c9a8a7e29a4f,d18a7ee5-a3f7-47c7-97cc-a2902e78724d,Healthgrades,Peer,4.6,20-03-2023,18-06-2024
df279785-9c91-45dd-b3f8-50939e72d82a,092dd625-1dc5-4d2a-8e9f-e40aec94eec1,c131c003-bf5f-4eed-9df9-1396e839b768,Healthgrades,Peer,3.4,21-07-2020,04-08-2022
0dade7e5-b86e-4dae-9513-5bf950a9943c,41f85988-3f51-4ad8-8d19-3434382d90fa,99c4d21a-a234-4b33-b7b4-084751b61340,Vitals,Patient,1.2,14-11-2020,02-12-2022
da5cb516-530c-4b1c-8d6b-42d06de296e7,fdbf9202-a311-48bf-91ec-04015cfe2c01,bd61ed38-f688-4b23-9c9f-c4e49cdd325d,RateMDs,Peer,4.8,01-07-2022,22-05-2023
29234844-115b-4b4a-a702-8999d4e48c22,89b0bd4b-5224-43c3-86cb-5848dd80289a,23bae7cb-655e-4444-9826-e2cd8c5b2bbc,Healthgrades,Peer,2.8,13-05-2021,02-06-2022
153ebb5b-a459-49c2-8612-cbc13060fd79,bbc6a5aa-0227-478a-ba92-275bce462e6f,5ff1a806-f32c-46b3-aafb-208e8d434fb4,Internal Audit,Peer,4,14-11-2021,24-09-2023
d5cdbc49-f1dc-4b55-8915-9459832e0881,4476e454-b000-4247-a183-8e105525f410,6daf5c53-5db9-4663-963d-ae7c2e206735,Healthgrades,Internal,4.5,03-07-2022,13-10-2023
76d4ae4f-ceac-4787-b478-11bf42ac8ae2,9875bb2e-cfde-484e-9232-98ae0923fadf,78f015bd-b419-4a07-9be3-c24ae9397ca4,Internal Audit,Patient,2,06-07-2022,23-12-2023
7853a2ee-1fcf-44f7-80ca-32bbed21ba91,c04ecfad-71db-42b2-b521-c6a3bab248ba,6fe241e1-b2e9-4c3c-9d2a-7a29d234ec9f,Healthgrades,Peer,3.8,17-10-2023,25-12-2023
d6891dff-e858-4a33-9c56-389a7c87eca3,c41aa678-bd8b-4582-9c79-5c9be35bdcd4,410c99af-bacb-47af-a173-f51025b7b4a3,Internal Audit,Patient,3.1,22-03-2021,07-12-2021
fe263afa-02b5-4f12-8b3d-1a4353be5969,36c826bd-6d79-4daf-989c-142227d775b4,fcf9f67c-7e0e-4e32-ad94-67b3976b6128,RateMDs,Internal,4.3,18-07-2023,04-02-2024
d14ce3f8-d94c-451b-a3ac-571111f69a51,75f8ca6a-aea2-4e93-a743-241e1332b8cd,0c309189-60d5-4ec7-9b12-bc3e0ce0773d,RateMDs,Internal,1.5,27-02-2024,26-07-2024
e568fe88-9868-4dde-b154-173967d8107c,b078070a-32d6-4065-b7ac-c8bd840b95e3,6c9a800f-fd51-422a-ac39-7206ea4c98f5,Vitals,Peer,3.4,31-01-2023,26-06-2025
6ec29a6d-9160-480b-b59a-03024854047c,5bd3ac43-a4b6-4e7e-9a33-b4957e8a46e3,a3712100-e1ea-4700-ba7c-c1ff4306e0e2,RateMDs,Peer,3.3,18-08-2021,20-06-2022
cbb6f084-cdcb-4fb9-9816-939f7286828c,c6883de8-747e-4d50-afc7-1da50850be86,34098e48-b337-4231-914b-1982efb8e428,RateMDs,Patient,2.7,18-01-2023,07-08-2024
b792852f-4f44-4bae-99e1-9174eece038d,4fcbef42-0259-4a04-ac39-06d09f6cd098,c2bbb446-a351-4431-b5e9-1f59884ca366,RateMDs,Internal,3,07-05-2021,15-09-2021
591f2a2f-f5ee-4fe6-9d07-e5ad4a8e1bda,a419f742-ad84-4da1-aa39-2fc38dc3f2fa,fc6bca2a-e247-4edb-ae1e-370d763092ec,Vitals,Peer,1.9,30-06-2024,02-07-2025
485576f0-9f6b-4919-976c-fa89b41d6367,046287f7-4911-40f6-9472-284c601b6417,fbd1015e-3e1a-487a-9c5e-a4f7a91c54a3,Vitals,Internal,4.7,20-08-2023,02-07-2025
27b8115c-8791-4d80-90b7-e74ad8c9b22e,cd1faa19-c534-4b52-95a3-4267c6321e22,fa399d0b-3f7b-4a52-8251-cd66505bbd3c,RateMDs,Internal,1.3,06-11-2022,18-01-2025
f638fbda-2ec3-42b3-b511-c9f04c3a4a4d,883a25a6-e3f9-4a8e-97ee-b92c4d2a1f74,77d2f565-8579-42ad-87ea-b345b9d1002f,Vitals,Patient,3,26-10-2023,27-05-2024
877e109f-0b43-4c02-a3f9-1551c1783d75,272098ad-31ed-43dc-8546-1e8955707b4b,e7dbd120-12db-4cc0-8ad5-604923150e9a,Vitals,Patient,4.1,23-09-2022,19-02-2023
a1bcfa7f-e0bb-400a-a43b-f029efcd828f,28dcaffd-9255-4700-9463-f0e64ae62cec,fbbe6068-422e-4bf8-a6b8-3b00805cdf19,Internal Audit,Patient,3.5,15-08-2021,22-06-2023
482c0cd9-9575-4e6f-a9f3-04c267a14789,0dd72c79-7462-4619-bd21-58852a9e702d,950e46d0-e1d2-4504-b908-3e55febbe7ba,RateMDs,Peer,5,28-11-2020,19-02-2022
7365988a-e0ce-4071-8b8c-c1406a76e211,8d23547a-adbb-4b6c-aeb0-d8e8f819343b,cc9801c7-0526-4611-99c5-290b174d888c,Vitals,Peer,3.1,06-04-2024,09-06-2025
bd5e3e92-448b-4cfd-aa05-3b7fe81e6da2,2fab464e-160f-4e3c-8d8d-c0b0a0a50231,bdcc5b77-4814-433d-a47f-1a7904c329e3,Vitals,Peer,4.3,21-04-2021,29-09-2023
d355546b-0612-43e9-99dd-996b58f4cfcd,c235196c-28db-423a-a934-96b88158547b,cf5f24b5-a74d-461c-85b0-84218815f43d,Vitals,Internal,4.7,10-01-2021,19-02-2021
bc0ce804-e8bf-4b07-b9c3-55be664497c9,797e7e28-a792-4b70-bfd3-c6be830fab9f,bd28818b-9bc1-4cc2-9214-3e4168428500,RateMDs,Patient,2.1,22-01-2022,28-08-2022
7f7c1b34-16a5-43f4-bfb2-a8075f42daf0,082e8507-e833-49db-9393-9a13e90f2d23,797fca30-ed98-4645-a945-f0b0772cf26d,Vitals,Internal,4.4,12-05-2021,20-07-2023
92b439b5-0067-48af-bf9b-c964211e5e7b,91e3eba8-a634-4528-a90d-96cd1b1ca260,97484c1b-851a-4e9f-9e5c-73a0c2752252,Vitals,Patient,2.2,21-12-2023,02-07-2025
47113acc-fed9-491c-8394-fbac6014be92,927ee040-ffeb-430d-9754-b97565a490c9,265b5954-03c7-4bfd-b10f-64d17c644e53,Healthgrades,Internal,1.1,06-05-2021,11-07-2023
49e84525-411c-42f6-b635-c716a914de44,b8cf8578-047e-4b33-b7ef-984217f63c98,640698c1-175c-49be-8103-0c603b870223,Internal Audit,Peer,4.2,25-06-2023,15-04-2025
523f09c7-72ca-40af-8b79-634cff1bc740,da72776a-735f-4213-84a9-302fa9331649,41d041a2-2634-4dee-97b0-65b545ced157,Vitals,Peer,2.8,17-05-2022,12-11-2023
d506bf00-7bde-46fd-9ec2-93203ba9c7d4,73ca839c-3fbb-428d-aa02-521d4640a3d1,31e1a4b0-c314-48c0-9ffd-474ce9040909,Vitals,Internal,4.8,14-04-2024,21-01-2025
07d2a80d-302e-47b3-96d5-6b9a4efb2581,5d418eb8-06b6-4889-a709-d63f8b3162f7,4ddb454a-2192-403e-b2d9-f30abd919ea7,Healthgrades,Internal,4.5,15-05-2024,02-07-2025
162e51af-0428-4971-8ef4-efb94435f86e,2be8b440-1bef-412b-b893-777971ebc24f,b4b49b21-c0d2-4826-881e-4613421490c6,Vitals,Patient,2,25-01-2023,14-02-2025
8f2ebf4c-038d-4a22-be39-7a3c1824daf0,d3c4a0bd-3610-4027-ab56-846849169871,58f191ab-b383-4906-9b3f-e4459497ef4e,Vitals,Peer,1.8,11-10-2020,25-07-2022
1178eb71-2596-4112-9c6b-103f4200598d,68495a0d-25fe-4264-91dd-10eac90b1663,3b6ff384-3b38-42b4-baee-c3b28c242ca5,RateMDs,Peer,3.4,02-09-2023,24-10-2024
2b431124-4b61-47b4-8e20-1328dfa5efce,20c2302a-9959-42cb-9d77-9ecd84149646,8a19f976-c545-4f66-8189-d0b71870723d,Healthgrades,Patient,3.3,05-10-2021,01-01-2023
1f1d16a6-8bc5-42b0-ab5b-7a753307e9cc,c081aaf1-f57b-4633-b27d-0d58e02d32df,6a12eca4-2cbd-4620-b988-e25fc133dfc6,Vitals,Patient,3.2,05-03-2022,23-05-2024
6ba57789-026c-4af1-b8de-4fd836927b0b,9d644f61-1ffe-4d20-8591-db6ff355e308,1a5dee32-b66c-4249-a163-858af73c26f7,Internal Audit,Patient,4.9,27-03-2023,28-10-2024
21c9cd17-90d9-4e9d-b3d4-bdac050e8ddd,5818d8a1-e322-4160-b94b-6e1be0e7c709,59a49e4a-cba0-432e-a490-05a451ff952e,Vitals,Patient,3.1,20-03-2024,02-07-2025
86c6ba8d-33a2-40d8-bfe0-26a2cc1b0c05,b806b09c-5798-4b00-b67f-263c3fa54ddc,354c2e2a-00a1-475a-b981-0c4704cc5b29,Internal Audit,Internal,4.2,19-10-2020,05-09-2021
694ac11e-9e5c-4692-8ff6-9c129db1e955,bd3081fe-8103-4687-91e4-17de7bd8b26c,aea52d26-0fbc-4eff-b099-e26ffe276439,Internal Audit,Patient,1.3,19-02-2023,14-10-2023
c54dd731-98b9-4e9b-9bb5-0cdfcf31086c,947a2842-4a3e-40be-aefe-d049ac1242fb,ee86cb5c-c346-4603-b878-df5e1c572325,Vitals,Patient,1.7,26-04-2023,20-10-2023
10b6daaa-5edf-4440-8023-474b41cc40d6,c67d97ac-5e4e-45bf-87a2-eb77c792098a,cbfb25d3-ee9d-41e6-9f05-7df7503cbdb8,Vitals,Peer,1.3,09-10-2020,20-02-2023
e27bf8d9-d168-4d54-a2fd-feb52b3ef551,b0251206-ebad-4ada-b915-bc78b519de71,51c36b68-ee67-4984-923f-275bb05da47e,Healthgrades,Peer,2,31-08-2021,07-06-2023
619b98f4-9a69-49cf-b149-fccedec978c9,f601e63f-9cfb-49eb-bab4-6143ff5e73e3,b5a31271-1d5d-4fa9-a056-afd2533e6936,RateMDs,Peer,4.4,01-09-2023,02-07-2025
f5fbdd56-40a8-4f02-8b3e-d9c2426d0c84,4b8f17a1-1c6a-4837-9841-f8bc56088bb1,831d5b62-69d9-4e7a-9593-3f1e158279d9,Healthgrades,Internal,2,01-03-2022,22-08-2022
cb46f7a7-e7ec-44ba-9112-07344200749d,4ea1a4aa-0d3c-475d-a57b-774d49744d15,8318854e-36c5-4926-b7f4-052161c5ad44,Healthgrades,Internal,4.5,29-08-2020,23-03-2022
5acac475-a087-4f0c-b444-bf22b0226eb7,07081633-fa3a-4fc0-bba2-3a45e8e75464,646ba633-273b-42b0-8b20-744edd81c8a1,Vitals,Peer,1.3,05-12-2022,18-04-2023
24b9ac86-2e5a-4f4b-880e-ff7453a52b7d,a2a9aa42-a27a-440e-ae0c-82bd2addc7fb,239635e4-9800-4300-98c4-0cff1199e381,RateMDs,Peer,3.4,06-02-2022,27-10-2023
d3fd452d-a2fe-4a99-ba3b-3c2ebe050fef,943bb806-932f-4795-aebd-0e564029b271,06b5515d-18b3-4f70-ba16-30d8a18a01a3,Internal Audit,Peer,2.6,07-11-2022,01-11-2024
ae00fa5a-1937-425b-ac3e-eeb7b5f9cfe2,0becf9c1-9fd3-4c2b-958d-2bf0c4026576,605aedb0-4a39-431a-a97c-ec9b151704fe,Healthgrades,Internal,3.5,08-10-2021,30-06-2022
7bc89939-6a4b-446c-ab31-0bfbed1684cf,9e87b13e-3ca5-455d-8165-93bd647441a2,efe96505-6ae3-4160-84d0-1701379fb7ee,Internal Audit,Peer,2.7,11-05-2024,02-07-2025
d41c15e7-99e0-4311-a2da-a908219d485b,11ef8eba-52ae-45a6-b8e7-5fc4fc13d88d,36390217-222c-4d3e-bd98-26b573a5560b,Vitals,Peer,4.2,15-05-2024,02-07-2025
c2122280-8d50-4813-97a9-116581ed3bfa,b1735bcf-2aa9-46e7-b91f-90dcb64495ab,b88fb0ff-70e9-4ba5-9d58-7dcdecc3ee31,Healthgrades,Internal,1.6,21-08-2023,09-01-2025
866a545c-ec48-40ef-b277-a96698cd8e91,6fcbabd5-f0b7-43e8-8edf-3820b243e16b,6e1a2d24-6001-417b-9a2f-d4c5eac12517,RateMDs,Internal,3.9,18-12-2021,24-05-2023
2441447a-f7a2-405e-8fdd-d20e6b2e6f27,94d35eef-e29e-428b-8a2d-b1ca1ec533a8,ecaff374-d31c-4bb1-b8df-875980295723,Internal Audit,Patient,4.4,04-01-2024,02-07-2025
10241285-6ac8-430d-905c-563250628ebb,41d7a16e-22bb-466b-b065-91ff268fa9d5,e8334b2e-7fcb-4a78-b5ef-b7b7ee79bb76,Vitals,Internal,1.7,29-04-2024,02-07-2025
cf99af55-8288-4102-a947-bae3409f6607,a0e90b39-9aee-4e2c-8ae8-c00e1fb8db1d,d9e8aa2d-e53d-434c-914c-00b61e83b2f7,Internal Audit,Internal,4.7,09-05-2021,15-07-2023
46c1d975-8e0b-40dd-908d-d8e479e37bb5,64a5cd5a-5319-434f-a0f8-2c6c5aa64052,a03e28d5-4c5e-480a-82c7-b54d786cca28,RateMDs,Peer,3.3,05-11-2021,11-10-2023
fea31769-5824-4fc7-89f9-9b8c28ec106c,b770da94-0ebe-4574-ba68-4387c18392fa,15da5e80-c9f7-437c-b6c6-07c97c04d3d5,Internal Audit,Patient,2.6,29-07-2020,17-12-2021
929df8d7-0fef-4b3c-b73a-af98b48fdf82,96a66102-b046-4996-981f-5f21c2c5d313,4d1e1687-dbe5-4496-a0ce-67647f1223e8,Internal Audit,Peer,4.9,15-06-2024,02-07-2025
0834a8b4-ad58-453c-911d-a5fdf71214c6,236b5472-3c70-4a09-8033-b7f0bef90dc2,011f88e4-4a41-448b-bab6-d6e36d0b17d5,Internal Audit,Internal,4.6,09-12-2020,22-09-2022
59aece8f-410a-4db7-84ab-7cf5771f1906,985bf52c-6e03-4276-883f-bfe842929ace,4d66074d-ff30-4248-8938-3a78285ea91c,RateMDs,Patient,2.5,30-04-2023,11-10-2024
7fb7a3f8-0331-4f22-97e9-574c4e2f525e,c319da75-1ca5-4a74-bcae-43548cd16be9,c57072b6-2624-4cf6-8db8-5d783141e88c,Internal Audit,Patient,3.4,29-09-2022,25-09-2024
033a8534-0b1e-4152-9847-52c81a9d5167,f44cc6e3-27b5-4cc3-be29-3741f09f790c,2c825747-5b91-4a12-8181-d87dd96f8d78,Internal Audit,Peer,4,04-07-2023,13-08-2024
bcd2cb32-6fa4-41b3-a5c5-da84469cc659,02722362-aa33-40ef-b100-1d05b1728752,5ea3bcf6-b35d-4f3c-a78f-7497aaab60cc,Internal Audit,Peer,2.3,23-02-2021,18-10-2021
ae6b9100-9b9f-4b33-9ded-44724aa5f922,42d883d2-15db-494b-9f4c-ba4e13c862ca,50c65091-f9aa-4b82-87a1-56cc8c2a3263,Healthgrades,Patient,4.6,03-04-2023,02-07-2023
428db560-5dab-4077-8241-6f9a9d83d3b4,64cf71c9-28cd-4bd6-80ff-6939c1b69fdb,eaffdfe2-3c85-4c8d-b8d1-cff60755da17,Healthgrades,Patient,1.8,06-09-2022,15-04-2023
6b583dbd-827a-49fd-a694-304529dee098,90a58c8c-1681-4357-89e1-0f56ede0fe92,48cd7b1f-9a74-49a8-b4d6-5ac9a999d810,Vitals,Patient,1.2,22-11-2023,02-07-2025
8b1e03fa-0745-46b0-ac5c-a225f45954a4,94f77bd8-caf5-4975-ac4d-8d546a3d40b8,13ff5e3a-52ea-4feb-afc7-deb623f5ef9f,Healthgrades,Peer,4.9,03-03-2021,12-10-2021
080fbe2a-880a-44ed-8655-476435e55de8,6dd7fc69-51ee-4a3f-ac2d-9dbdf7ec21d2,a016aed2-d28e-49c1-8594-bf6e7c52ef87,Healthgrades,Patient,1,17-04-2022,14-11-2023
09e65442-8e6a-450c-897f-57c8f3051c2b,8ac04fae-9f9e-4c24-a57e-7e6e8bf65cb3,91a10522-2c4b-41ff-8568-9caf674645a8,RateMDs,Patient,3.1,26-11-2022,27-08-2023
ad8087bc-a4cc-4b59-88c4-a2531fbd4a5d,4f7d026c-8582-43f5-b0e8-0ee495e4c786,4f63faf4-bc20-41b5-8432-fd28dade2c2c,Healthgrades,Peer,4.2,21-06-2021,02-07-2023
6d5fca90-f356-4ccf-ac00-03feebd4012c,4b5e782e-47b7-43ed-8934-a88038750830,e680a309-4faf-4a43-b190-2452689363fa,Healthgrades,Patient,4.8,25-10-2022,10-04-2023
69a87a16-dfda-4c74-8250-705b441358a5,b4cbf749-f2c5-45fb-a6da-7ee08ed277a6,c9c39bdc-21a9-4392-900e-0879e76ea7be,Internal Audit,Peer,4.6,05-02-2024,02-07-2025
e4b83ef9-d0dc-4e85-b3f8-75bd781f542b,da50c959-e92c-402e-8402-e0cd585be7fb,3da8de17-c1d4-421b-85d4-7b7be14b14c1,Internal Audit,Peer,1.9,30-04-2022,12-09-2023
66dd1282-f294-4583-bb9e-92d8dffca512,4ec16033-0efe-4ae4-9941-c97a72cc4523,5e1f169d-1d6a-40e1-b95a-0d793efe6156,Healthgrades,Internal,4,06-10-2022,09-08-2024
bf97da61-5130-4503-84a0-d570e1fc4bc7,6d9d396e-d303-4a0c-9f83-da91863951a0,c0e36f5d-c48b-46e3-9b32-84be590f79b3,Vitals,Patient,3.7,07-02-2021,07-05-2022
6e4509bb-8387-4a5a-9635-0fd60df10dc5,023237f2-bec0-4f73-bd5d-0eca9f64023e,bffefb02-55ba-4ca7-9fd6-f231b49cc2ec,Internal Audit,Internal,1.7,08-05-2023,25-04-2025
da99bddf-3cb8-4033-baa2-ef89b61ffa9f,b0fd3a88-273a-4382-b8c2-44b7c3bc4c5c,7dec7525-4cc5-4f7e-91df-03362822cc6d,Healthgrades,Internal,2.5,06-09-2020,20-04-2023
641d6aa3-e41f-4327-9b88-cb421258d9bb,755cc04a-979a-4f71-b65a-5e366feeffc8,b3d6a055-1cc3-4f0f-a7ae-2da29e7dbe8c,RateMDs,Patient,4.4,16-03-2024,04-05-2025
1e82a627-8eab-45fc-9c29-622f2c0f6198,2a4f43e8-dcfe-401f-8519-a1c3c95e19c7,d06b3434-bea4-4f55-a47c-5ad27df49528,Healthgrades,Internal,4.3,03-11-2020,25-07-2023
70cff2f2-759d-40fb-9753-50ee60e0e81a,7465b64c-ff53-4a02-a9fe-fbb3f70b7c1d,36ea47ee-e919-4e1a-99b0-1a27e63bd587,RateMDs,Internal,1.8,03-02-2024,02-07-2025
8e605659-b459-4bf1-85c8-b685e0349e75,28e8f960-24bb-455f-8629-0f3b275a1c7f,d5d726e0-86ee-41d6-84d1-56d7a7532967,Healthgrades,Peer,2.8,19-12-2023,02-07-2025
7729a269-5835-4983-9992-dc01eeff1335,30859fa3-0d0b-495f-827d-db17290667c2,84e93cbe-cbf5-4fb2-a20f-0e9c78da5b96,Vitals,Internal,4.7,12-06-2022,18-05-2024
b3047e32-e074-4b11-87a2-67a56798c4e7,c9f8611f-4cc5-4c43-aeb0-1ecbace86669,08deb6a0-4eb1-48c6-baf0-250106d3706e,RateMDs,Internal,4.2,18-12-2020,09-03-2022
1f58e278-e74e-4e0e-b2f0-e95982c04cff,8da87307-8ea6-4f6e-9224-a333b1a67187,1f52f334-449c-445f-ad9b-36c1a0771490,Internal Audit,Peer,1.4,18-09-2020,25-02-2021
b9be853c-0957-4421-a316-b286cea6ca42,3ccb1ceb-4bfa-4917-9c65-bd0c0242c2aa,a5aa5e88-01a0-4291-976d-1d66a3297871,Vitals,Patient,2.8,28-06-2022,17-09-2022
9a0f5bd3-41fc-4a64-9053-e232722ed39e,2852eabb-a6a2-499e-a1d0-3de67fbb124b,18e9080f-cd77-42c8-8101-19ff2e1b259f,Healthgrades,Internal,4.6,08-05-2021,03-06-2023
22580b3b-9923-4e9c-a081-3afa82ebabb6,ad58ffa4-129e-4fae-bf30-e09241781921,11fdb619-7cec-4c49-a623-f243ab28825d,RateMDs,Patient,2.9,25-08-2020,23-01-2021
b6735ed3-b0e9-4f0e-bf20-25dc45bb2f75,a6449f2c-7374-4277-a614-cba804f3281b,a16b451f-df28-411e-a013-c9629984bea5,Internal Audit,Internal,4.9,05-01-2023,29-08-2024
e8797a65-d41a-44cf-a016-f57b2c9b7d42,ce8b8d12-180a-4694-a026-4eb71496b64b,0fcda871-9b7c-4633-b240-f253b044d884,Healthgrades,Internal,3,26-02-2022,19-08-2022
6626a292-d935-4414-ba21-b36bb481ab7c,229204af-9adb-4549-a34e-60575dfa13ed,2610718e-2c22-4f4f-8ed1-a8586e0faabc,Vitals,Internal,3.2,13-01-2024,27-04-2025
87e39cf6-858b-4500-beb9-e8401676c4a9,98ba5526-edab-4fcc-9943-d9ab697cefb3,5026f0e0-01a1-4c80-a485-6a81e3bb685a,Internal Audit,Internal,3,29-11-2023,27-12-2024
7e9be36e-fa9e-4975-bd61-ebc990f5b609,bf95ec13-c5cc-41ec-b4a1-ae328b0d3347,2e7d268c-5a01-4555-8b79-5db642119052,Healthgrades,Internal,1.6,13-01-2023,09-09-2024
5fd70fd0-8f13-4d1a-a2e3-2d9d8ba037b5,77045305-e295-4098-ba0e-0d89efd4a5dc,375795b4-c699-4370-87e2-f4ae459cd2e8,Internal Audit,Peer,1.2,10-09-2022,05-10-2023
e269d1a2-5248-4e70-94fc-62ef599b4e15,4ded5048-9cd4-4910-aea9-139bb526c228,963d9c6b-e0b2-4e86-b9a8-82a8239e9472,RateMDs,Peer,2.9,15-12-2022,01-08-2023
e63e9c67-d889-4e10-a746-e7a6ad0e80fc,02b3506b-1077-49aa-ac99-10840b0f6b13,e23120e3-e8f2-488f-bb61-91d249241455,Internal Audit,Internal,3.1,17-02-2021,29-10-2021
488abe0c-79ce-461e-b9bf-182ac72885bb,a713b976-4bf5-4464-bc17-606603a39d35,909a150e-6642-4e8d-a3f6-8706480f3a13,RateMDs,Internal,1.9,31-01-2023,24-01-2024
ea932285-2684-4223-a756-dc713b32a5b8,16fd6d5f-a8a5-4de1-adf0-bc730f34cb80,ab6a110e-f6fc-4a3a-8d4c-2d8a07f41e8b,Vitals,Patient,1,15-01-2024,02-07-2025
63f4b10a-cb4d-4e4b-bf6e-d4897d904dea,807f072f-05ef-48d2-9811-c066f07e5106,1f8c659b-0ff0-487b-8be9-b966458f2842,Vitals,Patient,1.3,03-10-2021,06-01-2024
0d51678a-7161-4ab3-97c4-434b1f188486,59b470a8-8405-449f-95d7-0cf10b1fa746,e4f921f7-dde6-4a8d-88ad-d976e69e5a12,Internal Audit,Peer,2.3,20-01-2022,18-08-2023
ac861f52-5098-4708-9f01-1c61430d9570,1402229e-097e-4019-a8cf-28f07b461907,775c458a-452e-4900-8470-ff446a37ff29,Healthgrades,Patient,3.7,24-01-2021,31-01-2023
88c97bd1-be33-48fe-ae72-b74afea4cf3c,8e0c0dd6-0fdf-4bc8-8318-12f1534a529b,a5267fb8-f842-4fb5-b87c-8001a0c17570,RateMDs,Internal,1.9,28-06-2024,15-06-2025
c030dcea-a20a-4c51-99e8-04c10d8b60e0,4163acd9-a08f-4b6f-9281-c42cf2541e8f,88f22851-3502-47d7-9cb5-5c879adbabaa,Vitals,Peer,4.3,27-02-2024,02-07-2025
d9d84743-82ec-4b17-a6f3-191f0d172b85,853b8900-3deb-4e82-b2b1-79f7ff45d54f,1a1ae400-4a34-4830-b79e-643cb3983b99,Vitals,Patient,3.6,06-10-2023,13-06-2025
c33c5324-aa49-4e8c-904d-ca669a6a3651,54eda3ba-223f-4d06-8f1a-40e1ba6bbf44,adc1521a-f30a-49ed-9f15-1f3027492de8,RateMDs,Patient,1.1,17-03-2023,05-11-2023
3cd6950b-77f8-435c-aa54-c138bea22e17,4087647d-3116-4266-b3fa-7d132e576e9c,a5280119-669d-489a-b853-f5dee3a85605,Internal Audit,Patient,4.2,24-07-2022,01-07-2023
860569b0-5f20-4a75-952c-a763d8145c1c,2b4ded5b-9e5b-4f33-bd0b-37f4d5be2a14,c3b0c142-4128-4719-a57d-97b0c018c7a6,Healthgrades,Patient,3.4,07-07-2021,05-05-2023
184d0693-3399-4d29-b1c8-227047acad87,05e3225e-ab1f-415c-bb25-c4cfc2a84e86,a4883715-c685-4b2f-93a8-223a53e0dd4d,RateMDs,Patient,2,15-07-2021,07-01-2022
1af14195-7a5a-4420-8565-3724b28b94d6,fb9d3e69-ea75-4a79-9a5b-6090b95be763,b90fd6e7-637d-45f9-b16b-2fe8e6f1bb0b,Vitals,Internal,2.4,20-01-2022,18-08-2023
0451e3d8-394f-4676-8332-2c86c420bd9c,05e8ba35-95bf-4859-9a80-89bf43a84ed9,3fd73107-4cec-4e5e-bbb5-c95b724a7e28,Internal Audit,Peer,3.3,31-08-2020,25-09-2021
e17931a2-3eab-466c-92cb-d820437e0df8,5e72454d-f741-43ca-aa15-35ea8cd2ff50,34a3b3ed-f147-482e-9c06-a7451d160dc6,Healthgrades,Peer,1.7,30-11-2023,09-04-2025
af57aa83-6230-4ba8-ad7f-70c435f94122,991b1336-7629-40b2-bb8a-7d7ee544826a,3b253882-68cd-4be8-a4b4-914c1a9f73c8,Healthgrades,Internal,4.8,17-04-2022,02-05-2023
fa5bc7d9-bf59-48a0-bce4-69d3fa24fda3,5c09736c-dd90-4710-95f9-b277c6e622e7,442b413d-6a5a-4639-b138-001a3f2e0efd,Internal Audit,Internal,4.2,12-06-2022,22-03-2023
522578a0-cf1a-4d7e-83a6-98cbe11a61c7,6ea133ff-f9c6-46a3-8253-50ea0f4e61b5,c813cb65-102f-4702-8f48-dcbbe67565bf,Healthgrades,Patient,3.1,12-06-2023,02-07-2025
c631b8fb-6451-430f-99ac-51b33007c2ef,a13569c8-6578-4ff5-9707-5957d5cde9d8,8e53c22c-866c-40b2-9a4f-b2e4a415c00d,Healthgrades,Patient,1.5,12-02-2024,02-07-2025
caf25700-c655-4651-bd7d-adc1be35a572,ddef8efc-6682-45a3-8daa-fe75f94ef454,40cbda4c-cbec-4005-9f55-5940ada3c10b,Healthgrades,Patient,1.6,09-07-2020,15-01-2023
91c7b91b-7bf0-4dbb-8d2b-e8388988ac37,fb8e1b3b-cd6b-4aa5-8e8a-1596ed81800c,436067e1-5840-414b-bf47-9af128455e2d,RateMDs,Patient,4.8,30-04-2022,22-10-2022
c6b24751-37dd-408b-88fa-0208aad18f83,b2bfa529-b7e7-45de-b33b-68db89d77472,3b9b4d62-63ee-4dbf-9634-28f15827e082,RateMDs,Patient,2.3,25-10-2020,15-05-2021
2c5de52c-fadf-43b8-b1ca-93b9d2f64a68,7a2976af-7c29-4647-b0b1-1d73bf047a32,275f3e44-582a-4757-a39d-f8b6a2da2bf7,Vitals,Patient,3.8,01-01-2021,05-05-2023
2a9af9a0-0183-4b14-8853-371a314db0b1,0d86dec5-8489-478f-9b5c-797b3fc29956,a2a59353-3c4b-46f4-a69e-f1d67b5ebc2a,RateMDs,Internal,1.2,19-06-2023,24-11-2023
ccd7914c-d334-4836-b256-dde3269fac74,309474d2-e517-4350-bc39-6a7663a9d8ac,84e44f97-ed96-4906-a610-28d03713444e,Healthgrades,Peer,4.6,14-04-2021,14-09-2021
e479f311-44ee-48bf-b71b-8760b545909e,a5c46554-6375-47de-bed5-284bb3510476,e9c5eb2a-e406-409a-9e28-8f53761b0d20,Healthgrades,Peer,1.9,07-02-2022,14-07-2023
f3695851-c380-4925-84ae-3fc4d5ec4f41,2133f47d-5228-47f5-af03-485d32c86ec8,8ba9ff42-a05d-467f-b036-6d86a8295c06,Vitals,Peer,1.1,12-07-2023,02-07-2025
00aa1887-9f27-4166-85c6-1547b90f566e,c5e2efd1-24c2-481d-aa3f-5186a0b0b564,bf017370-1ad0-4d53-b55d-ca38e78b50e8,Vitals,Peer,2.4,27-11-2020,07-04-2022
dfd56914-d1c6-4016-9e52-4ceb98fa24d4,486468b9-6ab7-4bd2-bc67-3cd486417390,ea3b9fac-9f04-490a-abbe-a2d5a724665a,Internal Audit,Patient,3.2,13-08-2020,01-05-2022
490143a5-7e53-420d-b39c-a00898ae66ce,2fae521a-8600-4cdf-9f6c-ab144ea98796,4f2d0cc4-580b-49b4-a066-b4afd13bf650,Vitals,Peer,2.7,01-01-2023,26-09-2023
4772cb30-1727-4cd5-a2fd-ff4b2062c183,63065764-4c26-4bea-b08e-876d0ab8f14c,a336ccb7-27c7-4452-bf16-1175c24f5e17,Internal Audit,Peer,4.8,22-03-2024,02-07-2025
6a88eb3f-561e-4ff7-8f84-d1a5b1a358a9,0f83daea-d834-4d51-b93f-ccc81828d7d2,4ffe83cb-21ed-4de2-9c93-2fc74a6839dd,Internal Audit,Internal,1.3,14-06-2021,21-05-2023
1375fcb9-23c3-468e-b941-241bf61b26f0,68da3d6d-0904-4ca1-9a81-92fdb31c115b,3e419a48-6f9e-402d-9547-b84fc69e321e,RateMDs,Peer,1.5,29-01-2022,27-01-2024
82641fc3-b9fb-4850-be3d-de005bef52a3,d44f80cd-2880-407b-b9aa-89fffa0b04fe,b4d0bfb9-053c-44b2-81cf-82b310bbe8ee,Healthgrades,Patient,4.6,21-11-2020,30-03-2023
468da3db-9714-42b4-9746-014063cb91ba,2688a773-a42c-4e97-9622-5bb4d4419490,f8d5268e-13da-4621-a8b9-cd4e8ecdf1f1,Internal Audit,Patient,1.2,11-01-2023,04-12-2024
9522a156-842c-486c-9a61-96315f001ad9,bd889ddc-39fc-45de-a073-8b176df9eb15,77fe29aa-7ea4-44b6-be59-a0860315d927,Internal Audit,Peer,2.8,09-06-2024,17-10-2024
bae8a934-d53d-4eff-af6a-1f52b7a14c5c,47db9d5f-7d2d-4b4e-98b7-774b438e36a1,037fb5d5-f30a-4a2a-a771-d6ebc25464b0,Healthgrades,Peer,3.2,11-11-2023,02-07-2025
c6f12eb8-65fb-496e-8257-8c2a2de6fab0,0e2906fe-0aba-4e1d-99a2-205f0ab780f3,b953de45-b5bc-4f59-bdbd-54f2101cd5db,Healthgrades,Patient,2.9,20-02-2023,02-07-2025
8c9cf3ca-2ae0-4514-b863-62ba4b277f56,427602b2-2702-4fe8-be05-b22f06715ae5,d76f6f0d-cd63-4a4f-921c-26ca23e56280,Vitals,Peer,3.5,15-11-2021,27-08-2022
a5cab115-33f6-4dec-835f-b45f89dfade8,75cb6445-6e1f-4bdc-91b7-32adb510ead2,1986ab0d-e38b-4b02-b324-dc2eb313cbf4,Internal Audit,Peer,3.9,10-08-2020,01-12-2020
caff9dd6-e16a-4146-a7b6-fa87ee784cda,38001740-51c8-4d2a-8463-e5350c25d128,71e67ba3-8247-4297-8fc5-0bbf1c2a82f1,Internal Audit,Patient,2.2,24-07-2023,14-12-2023
2df3f229-8b7c-4638-8902-bb7ca75eefc0,83f832ee-7452-4337-8aef-97ea023a7793,f9548702-7df7-46be-b2b1-fe4f0a641b7f,Vitals,Peer,3.1,04-01-2022,01-09-2024
1cd7e5b2-1784-41ce-a990-b27104f9553a,11750dd6-7a14-4256-8957-bb536e9dcd32,8c14bec6-767d-4086-b986-6ca2653171ec,RateMDs,Peer,2,06-07-2020,28-11-2020
3c816c79-edc9-4d72-808f-a99a04cdc7a0,7cd6041f-4a54-4723-9208-cab1459a3362,bb4dda5b-61d9-408a-a3b1-70983dc36abd,Vitals,Peer,1.8,07-12-2022,24-09-2023
65fa525e-2997-4699-9377-b2dc8629175b,6b7dee77-5c11-457b-908b-22337fc58125,b52dec73-5b0c-48ff-8c44-46dd97807fa3,Internal Audit,Patient,3.8,07-08-2021,26-04-2023
2a84d75e-fa34-467f-863d-102a1873278d,bb4eba45-e0c3-43f7-b2ab-fc7d8ee3d970,1b435bdb-7b87-4675-a2fc-53aaea090632,Healthgrades,Internal,4.4,13-05-2022,30-10-2024
ea28950c-b8f4-4c2a-b770-1f9229dca62a,cb4c5d1b-39fe-422a-844a-f4740da83892,8caebe24-49ae-4143-9d42-6e28c716da7b,Internal Audit,Patient,1.7,14-04-2024,02-10-2024
9a8ddbd1-b8d3-490f-9094-75a3aee4b915,70c75069-4d99-47e0-96a5-f00a2016beb0,b2731605-0513-4453-9bb1-93cc0d865783,Healthgrades,Peer,2.6,31-07-2023,07-12-2024
927e6850-9b93-4f14-9cf0-32d74002351e,ca633dab-1d2a-4ec8-85f3-1c8993eaf8e8,95820d9f-cbe3-454d-b7ab-485e6cce7062,Vitals,Patient,2.2,01-01-2021,22-01-2023
f9c5744b-e213-433f-a757-2f01085a01f2,6085f830-1659-4b8b-9479-fa8478c0f75b,208b9681-789c-40fd-9a1a-735a21d23de0,Healthgrades,Peer,2.8,29-04-2021,20-03-2023
f61ff59e-42a6-483c-9401-cf2030814c71,7bbb0dad-2dd0-4077-a423-96a13e0283d3,58a65e35-27dd-44f9-addc-ac666669cb3b,Healthgrades,Patient,4,05-02-2024,02-07-2025
22a973ea-451b-41ce-a1ae-c7e040b28927,d1ecc235-7e2b-4bd4-afde-4c80f75cae02,aa1e4cf2-e288-4435-a211-4497d33635c4,RateMDs,Internal,3.9,05-09-2020,06-11-2020
9b3793bd-9a55-4713-ae34-7123e857f404,0c4538c4-49a0-40f9-9d6e-a9a98fde7fab,967e445d-afa7-4e5f-adbe-c9d9cad16061,Healthgrades,Internal,3.9,18-06-2024,02-07-2025
4c3c1145-c592-498f-bdaa-32a41f44a92a,f76a8267-5d1d-4845-b0d1-eaef661162e1,93c7d204-3051-4121-bb82-da84ebe1bd85,Vitals,Internal,1.3,21-09-2020,11-09-2022
f81a77dc-1d60-425f-afc4-545d06bd8f5c,e878fee8-46f7-4e15-9b22-1ec6ee308105,be3ba425-0b24-4275-8d28-479af2b7f4c5,Internal Audit,Internal,2.9,11-11-2023,02-07-2025
7a09a6e7-2a4a-4f53-8206-eef3bb10048c,283ab112-96c0-4810-9e89-81db91636596,884f482d-2215-49c6-89bd-e55ab4b1cffb,Vitals,Internal,1.1,11-10-2023,19-04-2024
ef11facd-c09d-468b-9c70-e5353b9c94b8,6ee1f784-5398-4d93-a95a-2c370c66e2ed,b353859c-c75a-446e-8a43-75db9bcfd204,Vitals,Internal,4,19-04-2022,16-08-2023
5fdd5986-edce-41f0-8816-9b6d02af51f6,2719b362-2949-4408-8126-e35afbcf6a6c,e2917021-7574-44fe-a5ea-6539331120ae,Internal Audit,Peer,1.1,09-08-2022,11-12-2022
c3432535-792a-4376-88f0-6c629623a9be,bf516424-8b9b-49f8-854f-3e6d2821936d,716b131d-2c27-4809-bd23-f0f3aa41a737,Internal Audit,Peer,4.3,25-03-2021,11-07-2023
cb5e66f8-7ff3-4541-a5ff-571dc351b37e,4ac4a3f2-25eb-42ef-b6d7-c2be79d96acd,2a612b41-043b-43f5-8dd2-3be2e822dfad,Internal Audit,Internal,3.7,05-07-2020,07-05-2021
e782d27b-f649-46a9-9b18-f29f08abc2f4,abcfd6b1-e842-4734-abc2-d79dcab28bf4,b860eb74-d79b-4f47-a6ac-3a135013054c,Vitals,Peer,3.5,19-01-2022,27-12-2023
67e2355e-f902-4869-b06c-312ecb5ccec9,28cebf69-2f73-48be-9cbb-601db6825da8,10188fd2-28a9-4f47-8574-617caf722364,RateMDs,Peer,2.5,21-10-2023,11-02-2025
2c6dbad5-f767-46cf-aa77-e92aab3bc3fe,ec0a0a23-72b5-4fc8-a8c2-d3625ebe7fe1,a2744762-52e0-4f3d-82a6-6d63fd0edbc3,Healthgrades,Internal,1.2,14-05-2024,26-10-2024
aa9e89a5-4d20-4ee6-a1e3-2be2d2424e39,58df1b14-840e-46f2-b0d3-f4dfb6ebe41d,79fa8ac1-2ca8-497f-8b60-911418b98403,Healthgrades,Internal,3.7,06-07-2022,29-04-2024
1e627e41-e063-4470-9c27-8ed5093c8368,b33f2bc5-cd9f-48ec-8ee3-f954212f6d11,5fb0fcb7-483c-4180-bff4-ba68b2893754,Vitals,Internal,4.8,23-06-2023,02-07-2025
019197c3-c47b-48ff-beb8-ffb251bd69fa,494b4716-9693-4c8e-bb0b-63e8e7fea2c9,7d8d368d-8480-4377-889e-1af1e9383b4e,Vitals,Patient,2.5,07-01-2023,06-01-2025
20f94db7-ee20-41a4-88a6-6f9e213be2ca,8a899894-05fe-4066-9e08-8015c07d58d5,ac54d2dd-871a-4162-83b3-80893b5a2ef2,Healthgrades,Internal,4.2,22-07-2020,09-03-2022
ab837f38-0ce1-4ec6-a523-38a4df4bc767,c214f79f-36d2-43b0-8b8a-687b9f8c398c,50dad37a-f381-456f-9e50-7dcac87b5203,Vitals,Internal,4.3,26-01-2023,21-11-2024
825d1765-72bb-4207-b8e4-1359a12ae8f8,d882c8de-5467-46ad-adf5-86d06c122294,403d64ac-500d-4a3d-ab77-fc436aacef4b,Internal Audit,Peer,2,23-10-2023,21-09-2024
5a58f5d2-a5e4-4eb9-b5f4-5c34f3f6e389,b016c948-e740-42a2-99b4-4fcc5a08beb2,d419cbda-5eb4-4d56-bba6-848adf6d922e,Vitals,Patient,4.5,08-09-2023,15-01-2025
087456a0-4d25-4b43-8146-9b9dcf687d91,ac04edae-c34d-456c-8c0b-b3a8007fba64,73e50edc-4c59-4742-8fb0-a202a37d98d2,Vitals,Internal,3.5,22-01-2024,06-06-2024
1883c8df-01dd-4e46-a47e-eb2ba1d3592d,879dbfe6-2de1-4d4c-a5ca-9587149de5b4,e9c71c52-3bc5-4746-81a8-f44e641aaf97,Vitals,Internal,4.1,26-09-2021,23-05-2024
884f7053-1d76-45b4-a584-ae4069ab96d2,c1ca49f3-aaf9-4533-91e5-93dc5c053746,71537eee-3f85-497c-afb3-4e36f2d82de5,Internal Audit,Patient,1.7,07-05-2024,02-07-2025
b8b0b6f5-ba76-4add-991f-b221dbd06c10,f1996a76-54a8-4d6a-ab8c-39e29bcb818f,bf9b24c6-a809-4bb1-9606-14d44285961d,Internal Audit,Patient,4.2,31-03-2024,04-05-2025
34877c0a-38f0-4058-857c-1db168ec86ec,39bd1a18-945c-42fe-8491-3722c223e0a9,42c1cbca-6569-4c10-aca6-cd3b0e883778,Vitals,Peer,2.9,13-11-2020,15-01-2021
4712074b-6368-4676-b45b-91bc11932b54,48e07bb9-db16-49e8-b0c5-af1ba817f4fe,4a513860-eb01-4153-8e07-a522072a02ce,Internal Audit,Patient,3.2,11-07-2022,30-08-2024
d0917c00-fe76-406e-862a-b3268983cfea,94d635af-8686-45fa-bbd2-a36b5adfddba,10034a99-c550-43f6-9f7c-a8cebed24d28,RateMDs,Peer,4.2,18-11-2021,07-11-2023
9e7cd8ac-f71f-4173-a4df-2e613642dd7e,5e7f85e9-5ee2-4976-a43a-2804c6e08968,1924a7c2-07bd-4129-aabf-c5c22adb7baf,Vitals,Patient,1.8,07-01-2023,09-03-2023
5f9eb40c-e49c-48a4-bc08-269671c14e4a,a9096ff8-180f-4607-b4e2-4126a52ce215,833498a7-7f22-4306-8dc5-f4531e22b563,Internal Audit,Patient,4.3,20-08-2021,05-06-2022
d25dba0c-b751-470d-9430-71d89f887953,c642b697-17be-4a95-bbd9-8ac393985e7a,fc79dc41-bb3f-4acc-8010-20702c385005,Internal Audit,Patient,2.4,08-05-2021,04-05-2022
e787c8fe-36af-4e16-9c2d-dc66028d0bf6,7e9c0792-fc05-481d-8ae9-52020aca128e,f33be901-fc7d-43d7-bd77-91477798c064,Vitals,Patient,1.4,17-03-2022,08-11-2022
c5cbecb3-29ba-4667-9bfc-257d7e795bd0,444b399b-7e5c-4bfa-a6a6-b9992b08ada4,18c15be8-01ec-4a88-8548-27d97586088e,Internal Audit,Peer,1.9,11-05-2022,12-10-2022
422bcfea-4eb5-422f-b1e2-14a84c83dfe7,2ec6b5f8-49c9-47e4-9c84-e5e763d83595,044363d8-e939-4fff-8d52-571d7212ae6f,RateMDs,Internal,1.9,13-12-2022,08-02-2025
4a76cbe0-243b-48d9-9eca-b2c9275173c6,666d7dab-8cc6-4e92-b438-b6c550dc80a6,7499e896-3fb3-4720-bc70-bc7029e2d2e1,RateMDs,Internal,3.5,17-06-2024,07-08-2024
5bdb154e-5412-4846-aced-9e26914871b9,771c0164-c90b-42ca-8612-935c11b162ff,14690ffe-8232-4ecd-89dc-be537f7b1d1c,Internal Audit,Internal,3.2,21-06-2022,08-06-2024
2056c6e2-8a00-4187-9b05-2818e6102819,b8df165a-b2dc-48c8-b4f0-55d2f48b6c8d,cdd6f9db-3913-41a9-88ac-b5794cfbe2e1,Vitals,Patient,4.3,28-09-2023,23-01-2024
7937edb0-21f0-4479-8149-9db46d3e86e0,ec0badcf-a9aa-4d3e-a746-73f5f4cbefb9,884fc063-5f94-4ba2-8286-701171acb24a,Vitals,Internal,2.4,08-07-2021,07-06-2023
49802640-61d9-4103-b859-ba38a80be9f6,9e208879-1184-44c5-b2ec-0aff0da4663d,6e29a099-0b09-4c52-ac7d-b142706cb188,Vitals,Patient,3.1,20-10-2022,27-05-2024
f3fa34a7-a01f-4fed-9f9f-772b70a1b0f0,42552847-2367-4528-aed3-9a414c99f96d,63c6adc2-29ab-4b14-82bc-6cad53da8e58,RateMDs,Peer,3.7,29-08-2022,23-02-2025
00754a5d-8c44-4c50-9f5e-47fbec4db66a,b7901b4a-21bf-4449-922d-a856bb9f2f27,477ae302-acba-469b-86f4-cef2929e9e09,Internal Audit,Peer,4,13-11-2023,28-06-2024
728c2831-deeb-42a3-9247-fce7167ff564,ae274bc2-4cda-4439-a62e-3a5358159ff5,7c4dea0c-143a-44ad-a6ec-08b389ce2c07,Internal Audit,Patient,4.8,22-12-2020,14-07-2021
f1bbb682-dc58-4390-b877-3d9bf1203c98,e1435a53-540f-40da-9cbb-cf58abaa8f60,3199a1a7-c19c-428c-989b-664045960c2a,Vitals,Peer,4,28-08-2021,27-02-2024
b9a3b0c7-f668-42f1-90d3-41986d1de9c6,546fcabf-d874-4284-802c-42f95e3f688c,0e627187-f4b4-4f80-8cb3-6654aecf844c,RateMDs,Patient,3.8,19-07-2023,21-11-2024
cb1c48f6-4ed7-468d-9c4a-2fefa8acda9c,28e6b0fb-cccd-4147-be64-3d514ae0d51f,4b586390-9d3c-4fee-bcef-4dbdfc0eb837,Healthgrades,Peer,4.1,22-02-2021,31-10-2023
cb13373c-57bb-4583-94b2-bed616de5eba,982f05f5-bf6a-4ef8-9f72-fe8e029aeed8,f9a37963-5c8a-40b6-a66f-93585d1d0e2c,Internal Audit,Internal,2.3,30-11-2021,23-08-2024
660f4588-610b-4a0e-920b-1ea36409833b,164e5172-7350-40ba-a1b0-2602ec506a7e,f1d25da9-5042-4e3e-9b28-407413ca71ea,Internal Audit,Patient,1.6,24-02-2023,07-10-2023
ff92db1d-b1c1-4e4b-9025-6f68b0163d49,928b8e7d-16ba-484d-901d-01188ab04b13,2ce21a01-ae8a-42df-aea3-c4d22604bfc9,RateMDs,Peer,2.8,27-09-2020,20-06-2023
c8caea8c-c3c6-48cf-8f7c-75fa230c49e4,b932d6a9-af3b-406e-86c1-8d3d87a89bfa,f55591bc-c23d-46f3-b50e-cccab999a2ed,RateMDs,Peer,1.6,15-09-2022,28-08-2024
a2e2608d-cdd0-46b3-b74c-fffc412eac4c,8305f3b8-ddc4-452b-8fe3-42ac65f594fe,da41a94d-e311-4f4d-8cf2-e1284a4fb3ed,Internal Audit,Peer,3.2,18-04-2022,27-12-2022
7d75d82a-229f-4261-961f-296768fb0c8c,7efa8e7a-2849-4ec2-bb76-82250e03a1b3,9f22aa82-0432-47ae-a5c7-2be369a97689,RateMDs,Patient,1.6,23-02-2024,02-07-2025
0b07b249-b72d-4382-9240-b3816052e1f2,2018c310-c2f9-49a5-85b4-865d04979ac3,972fc4bb-d65a-4f23-b419-7bfddc3e1918,Healthgrades,Peer,1.8,03-04-2021,15-10-2023
2eaa5f1d-8460-455e-9aa4-e6024f5c106f,0a47da03-0c68-41f6-8b2a-778c464896c8,7b5742e8-03f3-4fe8-8ae7-e010c3c1fc4f,RateMDs,Patient,1.4,26-12-2021,03-08-2022
388d29e5-157c-48e9-80a0-6d230b070af7,6c4bcfc2-c7d2-4325-9311-637b74505630,0a206bcf-99c3-4b78-9bfb-77c147a29229,RateMDs,Patient,3.7,20-12-2022,31-03-2024
8942a9e8-a2f1-4c7c-8539-f29b80fdaffe,d5551a16-8ee7-4972-b8a8-33492e3e4e19,b10916f8-bd80-4a18-89f5-8e7d3594fc87,Healthgrades,Patient,1.1,13-02-2024,02-07-2025
e50107a9-49a2-479e-b172-3b7c91da6081,223c67f3-4724-48b7-bbd4-d78a27e07851,4f030fe6-9edb-4a5d-b34e-366dee517f4b,Internal Audit,Patient,3.4,03-11-2021,19-09-2022
feda33b2-d829-4520-82eb-1b2247f31c50,97428306-9cf7-42da-85c6-b4b8800bcc91,8e28f0d1-d274-4992-aa21-953dfa4eeab2,Healthgrades,Peer,2.9,20-06-2021,31-07-2022
3e827f14-c10a-40fd-ab76-215e28a53cfa,943aa7b5-f44e-490d-b1d7-03dd56a80aee,15993bf6-609c-48bc-ad4f-0d794ca4c6e4,RateMDs,Internal,3.3,09-02-2024,02-07-2025
f96799d2-d55c-4d36-818d-d2388f6a2ae1,8a52fd15-58bc-416e-a5e3-75134df27a77,b2838fec-3671-4332-acc0-f7bad8a9d10c,Healthgrades,Internal,4.3,19-07-2022,05-08-2024
4e3d8e7d-0b5f-48a3-a20a-4a25350087e3,3b83af94-9e8d-4de8-82eb-cd4f78775595,e4354d2c-0b3b-4b83-91da-a2b3f7c1935f,Vitals,Internal,3.6,27-04-2021,12-12-2021
e0806d6f-d027-49a2-b0fa-4d7212b16895,41cd1708-682e-4338-9fa4-bc5c4a60dc7a,60c3e868-13eb-4bf4-b84e-f97e4cbcf4f6,RateMDs,Internal,2.8,12-03-2021,17-03-2022
3f217417-9491-4993-8ea0-808d1fa3f4f5,4ee9784c-1f0a-4004-afb4-dd1590ce668e,dc6885f5-97b1-4a60-b659-5d7d2b77316f,RateMDs,Patient,3.8,15-07-2023,15-02-2025
550cf4c0-d48c-4b13-adb8-4d8e9f8d23c1,affd32b9-0581-4c02-aca2-6fd9e34435aa,eb29a079-745e-41cb-a554-088a837f8bd9,Vitals,Peer,3.1,27-01-2022,11-06-2023
c12f50cb-4569-4236-a525-c3077829705b,2f59ccc1-15e8-4a9b-8190-c31937a8bd0a,16b2e069-1e1a-4db7-868e-dd7dc2812e26,Vitals,Peer,3.2,13-06-2022,12-04-2024
ce2c487d-1c8f-402f-b8dd-2308568cddc4,7a24d9ea-6d76-44e3-a460-677d3e471d54,98b85cdc-af5c-4110-a085-520f726a402e,Vitals,Internal,2.6,02-01-2021,01-02-2021
3a6325ea-dd9f-4d17-915f-d0488c4e6466,1d357650-5852-4dea-9a8b-c107962473be,465cdf16-982e-4f95-ba9e-2271a2313a09,Healthgrades,Internal,4.5,26-08-2021,22-02-2023
4728ff81-143c-40ad-9e6f-6ab75a58d68e,8452ba85-1836-4da8-aa5e-4e8fa31d9e4b,db93e7ab-273f-42bb-b0bc-1054aa268393,RateMDs,Patient,2,07-06-2021,07-02-2024
c78c08ad-db41-41eb-9e25-242c5cb53702,c3a23246-6b44-4071-bfc7-df642ee5c877,6fa81c42-d405-4d44-b740-5636618f275f,Vitals,Internal,1.2,18-11-2021,11-08-2022
adcc1edb-f3fa-40ab-bf21-e54a498f92ae,ae3071fb-6296-4c6a-aac4-2a22d8a86253,6053e0ea-d8b2-4e7b-8a93-0a2244c46894,Vitals,Patient,1.8,13-02-2023,11-09-2023
88ecc319-f73f-42bc-bc8f-1c7a4102d3f8,5074185d-7560-4849-a4f8-8cf13a001880,0abe5a5f-9efb-4685-971c-297611cee7d7,Vitals,Internal,4.1,03-12-2022,04-03-2025
b385df38-ff20-4804-9702-ccfa8bb9ace5,55d7d615-833e-40b9-a5bb-d51ec5d1baf4,f505a8ea-e953-451f-9bce-4e7d5ca13e2f,Healthgrades,Patient,3.4,29-12-2020,17-02-2022
72cbe384-d827-48ef-b1d7-892f67458c3a,ec8db6d9-cb50-4e9f-bcfe-0e8123226894,131991f6-76a3-43e0-bb1a-4a832c08d6b6,Vitals,Patient,4.4,04-04-2021,05-10-2022
961fc2fe-0266-4e78-97d1-fb6787a54f2a,6a6b72d3-84c2-4c4f-af4b-6964c4a51286,940ddaef-d286-403b-922c-62c04e25455d,RateMDs,Patient,1.7,22-05-2022,19-06-2023
0a2ecfe2-d091-4c5e-8605-577687ca967e,62d36fff-cdbd-4591-bac4-45ecd5989cc7,df43a3b9-1422-4d86-a350-8df2687cea2d,Internal Audit,Patient,3.3,18-09-2020,25-09-2021
1054c127-5897-4a5d-9b48-f3216d523a1b,bb9cce4f-c82b-414d-bf9b-cb9c961cfccd,1c142b0e-ff4a-4761-aa13-80f81ab14f6e,Healthgrades,Patient,2.6,16-02-2023,24-04-2025
2d786092-a966-4808-aa7b-c1db44af5f33,8bca4526-6c96-4bd6-aed3-73403f7e4059,f8d76fbc-32d5-4d83-af77-71a4dff2af08,Internal Audit,Internal,3.1,28-04-2021,22-12-2021
d2e71c13-207b-4790-94ec-028c044f9e45,175df438-0949-4438-8267-3316765811c4,01628797-a5a5-449c-9ad7-52a925314e06,RateMDs,Patient,2.3,28-12-2022,09-05-2024
ad36587a-d90a-4c08-ac7c-901f5b5debcf,3ecf2f16-3104-43d6-85dc-bcecc2885293,a6e0c4be-58ba-4993-8bfb-15651b573655,Internal Audit,Patient,1.3,17-05-2024,02-07-2025
bcca3eaa-0ac6-4aa8-be67-b9b6b393a84e,5eebbfd0-a444-468b-85ae-b99606bc5777,6bdb238b-bec9-4038-904e-d6abcba4f2e7,Vitals,Patient,4.8,15-12-2023,02-07-2025
0e56bb81-2f3d-4b80-b733-b798b1b4d04c,936a5949-4973-4de1-84e2-83ec424d481e,1641ca8b-eef6-4f0f-a124-98bc920f504e,Internal Audit,Patient,4.3,21-07-2020,27-04-2021
fb820e71-359d-4392-8a74-bb4f154d6c8e,9e91106e-b402-4b26-b24e-a4693b301db7,c6c4116d-5615-4621-9f07-38f330a0a1e9,Vitals,Patient,4.2,02-10-2023,04-03-2025
29023954-bbc4-4b8e-bdac-81d0ac078279,fce1a277-f99d-47cc-943c-c67de8c79854,15e679fb-35c2-4109-af3e-1d8e8d549615,Healthgrades,Internal,2.9,22-04-2024,02-06-2025
225a92d5-81be-45a2-bf1a-7803caafcd40,f4d306fe-c3ea-47f9-9f7f-1794d213e64b,d2ce3711-006d-4c1b-a168-4fbc40f4c58a,RateMDs,Internal,1.8,17-01-2024,04-03-2025
09057ecc-fc1a-45e0-a836-4cafff2d599d,b178a726-3977-459f-98dc-ac636e4138e5,508b8c98-2ee7-4246-986c-226ddfefa44f,RateMDs,Peer,1.4,31-01-2022,09-03-2022
81293a7c-88d8-47e5-9969-c9eb43ceac91,2646a1c9-a933-42a2-bcd8-ca3c606a526c,033492e6-908f-4983-9640-3617263d0b9c,Internal Audit,Peer,3,02-02-2022,28-10-2022
287cdfb4-4375-41ff-abb9-b9d3ca302194,bcbb2c8d-ec67-4414-be28-b95ecc71b72d,67f1ce94-9f2b-4381-8317-6212e4b0ff4a,RateMDs,Internal,3.5,05-05-2022,12-03-2023
0b534cbf-1d6b-4092-b80e-afcecc325e24,3c18275b-8235-4996-ad93-069faac999aa,fd8663e5-b483-4007-a483-f50733ca5b08,Healthgrades,Peer,2.7,27-12-2020,26-08-2023
18d77172-9e02-4f6b-81e0-50c0e077aeb4,e59f7e99-393d-4b41-ba77-8074469f2739,cf294ac0-cc0e-4c66-9834-eb1d30c78fe2,RateMDs,Peer,1.8,23-04-2023,14-11-2024
a08ea593-8c81-490c-8400-d0c7c783ecde,2b681c8b-8826-4f94-9d1f-f88c06bfeb50,1108b939-6d37-440a-92e4-a96dbdbe1ae7,RateMDs,Internal,2,10-11-2023,15-03-2024
2c4a27f2-458a-4c30-8775-f1fd0724fb42,8321b210-9300-4a23-9da0-4fe794f5a365,13845bd0-f571-4f5a-a374-d128eb901bb7,Healthgrades,Patient,1.2,31-07-2023,02-07-2025
397acc1d-2093-41ed-ab39-d5d0ae2a75e0,dce8697b-c42c-4a95-84aa-299f21c7fe54,e00b0c5a-4f0a-49d4-a922-d616376f6466,Vitals,Peer,4.2,18-04-2023,30-01-2024
74b2d44d-328e-4681-adae-c36027ac1f27,017cb78b-3ee1-4a09-a60f-9c6c901ddee8,71409e93-6d97-4bcc-a7ba-44c36382512c,Healthgrades,Patient,1.5,10-04-2023,02-07-2025
3c5f9fb4-8fb6-4339-8585-636b8b45a68b,cac89626-37cc-4926-9804-495fce17a36e,2eb91c2d-1a89-46e7-9fe9-d798e4559c0b,RateMDs,Internal,2.2,24-07-2022,12-12-2023
22b5b29c-100f-4156-a2c2-c0b5af3032a0,4b3de676-40c5-49cf-afcc-5f4d5c33e83e,86c961ab-a7ad-4519-86fa-678a3ee716a4,Vitals,Patient,3.2,08-02-2024,02-07-2025
1a66b0f6-900d-4875-8ad8-a1fd782273b6,aab03622-fad7-4d34-8141-3f7df6cef0bb,ed23ec83-a264-404f-a492-93fd52bc2ae5,Internal Audit,Patient,2.7,10-03-2021,24-01-2023
cc2ea9a3-d116-41f0-ab81-ca101e816872,c3e73462-72c3-40e1-bbbe-7cc66d8fccc6,4e5d044c-e1aa-4f35-9f54-381963424aad,Internal Audit,Internal,4.1,19-05-2023,02-07-2025
d3d67eeb-49a9-4850-9cdd-e4c1951a0003,802e918b-de82-46ef-8e98-c97539020ed1,cd1e4eed-f4e2-4ed5-983a-ea9d27b2d0a8,RateMDs,Patient,1.9,19-04-2022,11-08-2023
57fec8c1-069a-47c2-b63c-c920f3886ffe,5a0acba1-d6ca-4ae9-9569-3d3202ee5689,e69fc5d4-5548-4b06-be9c-f57c7aa8d061,Internal Audit,Patient,2.4,12-07-2020,26-06-2021
861b5fdb-59e6-4890-a025-04917ea51b66,7fe54a7a-5bf4-43ea-a522-42640e1dff94,f3a53593-31ae-4a81-97c4-81cbe4aa1a29,Healthgrades,Peer,2.3,25-08-2022,15-01-2025
554b917a-9783-4c0c-8373-e71f498fa57f,9607ff69-09a7-4739-adfc-14854fbd9a53,e7024cc9-d7f8-49cd-b09a-74037848c44f,RateMDs,Internal,2.4,01-05-2023,02-07-2025
cfab22ac-e2c2-4010-beec-62528f16d638,27f3b0c6-9bd7-4de9-8226-078498f98ae6,a4a39471-c3d4-4bfc-b562-415afc0929d0,Healthgrades,Internal,1.6,31-01-2023,16-09-2024
9be2196a-4dfb-41e3-9fdb-36b80dfb0b0c,4d90fdc4-2070-44c4-801c-20b65c8f4aa7,db38ed80-c8ae-4038-a109-5458fd81e594,Vitals,Patient,4.1,12-11-2021,09-11-2023
3f282ed5-5c52-47a7-815c-6121671fde60,0f216500-4de6-4b9b-ab21-d96b1be90cd1,4834fdc8-033e-4d71-a13f-cdee74c0ddb3,Vitals,Peer,2,15-03-2023,04-11-2024
aeefa7e3-8974-4585-aac2-3182a107bbe3,d76fa6ba-ada1-4a62-bb0a-9880a2d5e089,ced5e81a-d2a2-43f6-9d56-79559dd986cf,RateMDs,Patient,2.2,20-08-2022,19-01-2024
8754c26d-0d4d-44b3-a52a-bd09542f7d4d,c2858c52-c2bb-425b-a875-58137fc93688,d8ba4661-7bf2-432c-9145-31b958dc7848,Internal Audit,Peer,2.8,03-03-2022,30-08-2022
ade656f5-b9fe-45ff-826c-43e75229c342,fdec3442-616c-4f9b-9371-13249ffc78d1,c8142777-5c7f-4f17-8cd2-d55808ef67e9,RateMDs,Patient,3.2,11-09-2020,02-03-2023
bf5f7ff9-5ab1-43d3-ae48-1d4bf8b469e6,dd43cf3d-339e-4b47-8f09-d642401aa2e9,ae0264b8-e489-439d-ab5a-8841c8777b35,Internal Audit,Peer,3.5,22-08-2021,23-01-2024
f35c1480-cd2a-45b3-b077-c64b96f6e4c6,d11f0f83-aacd-45e7-bfc1-ec9f6cb81d56,eb4019a6-a3db-46ae-8d54-84efe5b4ef64,Vitals,Peer,1.4,06-10-2020,29-05-2021
8d9891e4-9d9d-4f3f-a152-c5f3332b10a4,e8690109-9384-4225-b8f4-666c570a2884,6f0babe4-8d15-4bf0-a38f-b6693b93aecd,Vitals,Peer,1.2,03-04-2021,27-03-2022
a62162e8-f9ac-4ba2-90de-ca7815d92ec4,8cd85086-498b-4366-8704-5684f838b8cd,b97801a7-b7ba-4b01-8415-1adb41415c86,RateMDs,Peer,1.4,08-06-2022,10-12-2022
0320ca08-4714-4708-a106-7d4d2aaec995,e183ebd4-9c8c-4f24-add8-92c4747013f6,4698aaf2-bef0-4052-8cc1-5965678a5000,RateMDs,Peer,3,23-08-2022,25-04-2025
94fe59e8-321b-4a6a-853b-3cba392dfaa8,175ff31c-ce29-4851-8f14-fac007f9769a,8c9ebf91-3c5c-407a-a47a-4bdd62977a2e,Vitals,Patient,4.5,15-03-2024,02-07-2025
a6ee9053-c9be-4d05-a5a6-303d93ee5280,986c1140-afa7-4b73-b3a1-992efb9cf01d,4b6fa0d5-760c-4bb3-8fd1-0ca068dc31be,Healthgrades,Patient,1.1,22-10-2021,31-07-2023
28898615-ca54-40cc-b8ee-417f3c5c9d85,10380831-9fce-4d3e-a975-8a45010dc4d3,4d9e176e-d5c1-4c57-b110-eb244464dd30,Vitals,Peer,1.8,21-12-2021,31-08-2024
8f571cc8-8636-4df1-bea8-05b8c5f098dd,edcb9a56-9bc6-43fc-bfba-7563030f1073,138dcb2c-6916-4a2e-9e01-9638906c3c0e,Internal Audit,Internal,2.6,22-06-2022,13-12-2024
c0e3bbaa-12ec-4f19-95ab-d38cbb917633,91d78d66-7792-4c2e-ad35-73587741f4cf,e4bae418-8d73-4b98-bbb6-c9bad43cc2d9,Healthgrades,Peer,4.8,14-09-2020,17-07-2021
1d29c341-fa92-4756-98e3-700b258c40d5,40d223ff-fad6-4b65-b64f-65a91ac6bcfd,ac1af870-ec1e-4e25-8da0-598109c057df,RateMDs,Patient,1.4,16-06-2022,20-01-2024
c2dd158c-3f50-432c-935b-fc440f45e90b,748ffc2c-b6f8-4038-91ab-cbad4cf314e2,577690bc-a490-45ce-8cb5-17fec30fc296,RateMDs,Internal,2.5,19-11-2020,17-05-2022
d00d4a22-9275-4160-92c3-4bc45a6d2ce3,cda482c8-dae4-46b7-9e22-4aaefcefeebf,5a8511f3-3c1a-4d2e-b681-cc62b5c6f718,RateMDs,Internal,2.9,11-05-2021,22-05-2023
6af9bb48-1a47-4ecf-812b-015a9e38014c,352ddec9-135c-4cfb-bae1-dab860897ac7,c39a28c8-f031-40f2-8d23-ad198ca66c24,RateMDs,Peer,2.9,16-10-2020,23-09-2021
fa79c115-1244-4d55-a9f6-0bb5fec10802,e0368a89-2d37-42db-97df-c70100f37dfd,60fdedda-50ed-4f90-83c8-9c5b352cafe1,Healthgrades,Patient,1.2,30-05-2021,01-06-2023
3af2f451-19e4-4886-b3cb-f7dd492bf96a,9a7f4524-5c4a-4f02-9131-ddb0783dfd85,76125ee2-5d89-496b-935a-eb60323d088e,Internal Audit,Peer,1.3,23-02-2024,02-07-2025
3378da6e-dd28-47a1-baa3-be54b401ddd9,3c018a57-a4e5-427f-8009-983368f31497,5efedc57-e314-44fd-b5e1-44564a4f83d5,Internal Audit,Internal,3.9,10-07-2023,29-01-2024
5ab91077-90a6-446e-bf18-d0074eae75e7,087042d8-7c33-440d-86c4-c8e8665d5b90,4cb42f66-9fac-4c59-8bab-963502e1d5ba,RateMDs,Peer,4.5,27-06-2024,02-07-2025
405604bb-a9d2-41fe-aa03-6facde49fde2,2dc9bb93-2456-49ee-84c6-557662862edd,c7942704-1025-4556-813a-f2948b890bbb,Healthgrades,Patient,2.9,02-09-2022,19-05-2024
24968cb9-bbb9-4d70-a5b2-4f176eb558d9,9a15e31a-5a37-48d8-9f1a-facd8142387a,82eae60c-ae95-480b-927c-7631f18a2e05,Vitals,Patient,4.9,19-05-2023,20-08-2024
7e46f5b5-7ab9-468d-97d4-ce832b947918,8a826238-5f1a-42d8-a00a-844753da28dc,be9ec363-5fc5-496c-b278-4ffee3d1bef8,Healthgrades,Internal,2.5,16-07-2021,20-10-2021
678e74a8-fb81-4ff6-971e-d5fb3e3d791d,caf09792-29dc-4350-b884-270b83ff5300,f0aa7e0c-29d0-4b60-925e-eb8683a8d6cd,Vitals,Peer,2.8,19-10-2021,24-02-2022
36837a4d-9f08-48d8-a3a0-be9778bfeafc,a458d9ac-d3a5-459a-849e-bda8c43fa947,7769919c-5177-42d9-89a9-10bdc4a435ed,Healthgrades,Internal,2.2,08-08-2022,07-04-2025
4ec4163d-9830-4bca-b19f-530e4f37364b,33997304-24a9-49fb-909a-1ed2e1e1daa7,29ea0250-3b49-4b4d-b8c6-6693e3ba588e,Internal Audit,Internal,2.1,14-02-2023,23-01-2024
9536f8a0-d89e-4657-849a-53b97ba18391,f18b77da-b644-4109-a0b3-70b2ed3306e5,1307e460-f5f9-4d2f-b8b0-7ad7e76f9a22,Healthgrades,Peer,1.4,28-02-2021,22-04-2021
2ad5b464-b008-42dc-a0f1-258dcc9eb107,57d75a56-235c-4b97-b7cf-cbf5438a4607,61d06774-d5bb-4335-b1d5-a54cbb975f90,Internal Audit,Internal,4.5,02-01-2024,02-04-2024
189efbd1-fd7f-4cda-9bda-1c6b9f1a961b,63ba7f6c-c9e8-44dd-8434-824733bea064,50e523d4-47d2-44df-bf21-089c6275d098,Healthgrades,Patient,1,17-04-2022,15-05-2024
c45df2a8-9deb-4fa1-b5ba-fb00c6196fc8,b1d335b5-2e16-4abe-9bba-b9dfa6663676,e6648aea-75d1-4f7d-90c5-ac7bfa737da2,RateMDs,Patient,3.2,01-11-2023,02-07-2025
e8048d25-7507-4577-a03d-18229be9458d,b00012aa-3f7d-4447-9404-a3675b7948ae,86c6e97b-5e22-43af-9c1c-c68eab4e2835,Vitals,Peer,2.3,13-01-2023,08-07-2023
a52598f0-1cd5-46f6-9475-b88a5d8fab05,8c749c2c-676c-4d0c-9228-7fd0355c7379,defeeea8-c9ab-4817-8d16-ed79a5079ee2,Healthgrades,Peer,4.2,22-05-2022,15-11-2023
b3395aaa-50f3-43ed-8f36-fff22998193f,60e4429d-6381-4c1e-b855-b91af97a10b9,2631f04a-03b7-494d-988b-397cb7a798b0,Vitals,Peer,3.4,02-12-2021,21-08-2023
76c78bcf-8762-46f9-9d26-081b605652bc,3264ba94-50cb-4773-8722-cf92e3f1a3b2,448bfb0d-72a8-4559-a2c1-8f848a3450e2,Healthgrades,Patient,3.6,05-10-2023,29-10-2024
3ff4e787-42f6-422c-9f3e-72d1c4c5b30b,bdccaf20-4d62-48db-8419-66b8bf22c700,23f63252-9d8f-4927-8be3-4b005d933b6f,Healthgrades,Patient,3.3,19-08-2021,24-11-2023
9ea7d830-f0bf-409d-8c9b-270992b2cb97,0b6ee206-57f6-4e36-92a5-ed1124da0f65,751ee76b-a8d6-44e0-8eb4-5334a12ccbd5,Vitals,Peer,2.9,17-05-2024,02-07-2025
4029bcbe-6559-484b-bfee-998720316bc4,f70f6b74-453f-4dac-92a7-194c1aabe7cc,3a042521-4a8a-466d-b181-eb5203f1c128,RateMDs,Internal,1.7,10-10-2022,18-10-2024
7b8f9fe9-be27-47b8-972b-4d6f5c60076a,4cb8d60c-c2bc-4aef-851b-0c034eeae08b,46a4f256-717e-448f-a245-65953cf7403e,Vitals,Peer,4.5,29-09-2022,05-05-2023
cd80c40e-9292-4d95-b4c7-37a2f6108c98,23082e45-a3f0-424d-a811-b6329217940b,6d35e018-9b45-47f5-af0b-0ef0660b1534,RateMDs,Internal,4,25-12-2022,25-04-2023
ae0f7d7c-409e-49b3-aa29-3edf1d56e48d,b70481f6-56c1-414a-a160-ad729554065c,1997837d-7fd2-46aa-8276-694ad2542627,RateMDs,Patient,2.3,28-09-2021,29-11-2022
57b4e728-7434-42b8-be53-1af61dcf2e97,c921d6de-818d-4574-aee2-719c65eb1143,4756901e-b0b7-423a-83e9-2a0bcbd35903,Vitals,Patient,2.7,27-12-2022,01-08-2024
d04bc230-523f-4fb1-90e5-0aa9ab582bc0,0bc05831-1936-4825-89ff-74c8792d6c1a,4353c535-ac9e-45bc-8879-36268951c6e2,RateMDs,Peer,3.4,19-12-2021,10-07-2023
b3106bc5-2491-437b-b9c3-3df3c59b3c28,8ea6ec22-2cab-42b5-b05d-605b6cd8dd2c,0035e82e-d85c-4e37-b14d-a006401d5742,RateMDs,Peer,4.1,11-11-2022,08-04-2024
e618ef7e-3d0f-45b7-b72e-980d6492d9f0,c66e2044-b7f3-40bb-b676-a75de1641dff,c66f17f3-3c0a-4d15-8dc0-241c5acf45ea,RateMDs,Internal,3.8,31-12-2020,29-03-2022
8311c512-2706-42f2-9b82-fa5f422a4bf2,5c097ac1-a84f-4079-a310-5fbf3ee59b0f,1f2784c9-dab2-4222-8fbd-d8a7b62be42b,Healthgrades,Patient,1.5,20-09-2020,18-04-2023
9839cab9-1e0c-4aae-8f78-a79f452a5b6c,4e55eee6-097b-4f51-84e5-f0dcd617aad7,4e0113bc-33b5-4c15-9d05-8dabaa3b40af,Healthgrades,Peer,1.9,02-02-2024,30-03-2024
a0a023f5-7be1-4d93-8885-0fba9db590b0,0fef2b86-cefd-4df2-b8c4-84a5887e0881,fab73ac9-e040-4625-9b78-e9333b1e9025,Internal Audit,Peer,2.7,29-06-2024,02-07-2025
f8be311f-3c17-43c8-a57e-51efcf2a417e,bd29318e-7391-401a-bdae-04251fd6a5b1,71014dde-20a4-4a19-b8f4-ee5644b680a7,Healthgrades,Peer,4.6,24-04-2022,15-11-2022
bb94c498-9b01-4abc-a6e3-5dca14e70458,5f94c1c3-4a42-4aa7-b725-985f00040160,718a0f4e-316e-4e78-ba3b-869c5ed09e5e,Vitals,Patient,1.3,16-05-2024,19-03-2025
de163800-9217-45c9-8a75-f506c29bac7b,70c7ac23-48bb-45ea-81e8-fafbe6f2629a,6206fa20-9c1e-40f4-aaf0-dbc0193c4934,Healthgrades,Peer,3.6,20-09-2023,07-12-2024
2e92d609-9b48-412d-b568-b8756aa965e6,51064cb7-12db-4b01-a1b8-808b4a64e381,b17e655c-fd5f-4aa3-aa1f-ee95323b8e48,Healthgrades,Peer,4.6,03-03-2022,09-11-2024
fe6e6548-084b-46fe-8669-4a814e5e16d6,184f0c0b-2907-4787-9d6c-a472dbe2ce36,45212e98-e7b4-4b15-b79a-95c4c63cbcd9,Internal Audit,Patient,4.5,27-12-2022,30-04-2024
793f9082-2fc8-469e-b435-64b492874e81,6248681c-b8b9-4afe-9a95-59e6a24b59a5,baa3dc54-e94a-4bd1-b401-97087c97f740,RateMDs,Patient,1.4,15-05-2022,08-11-2023
4fc43578-ba1c-4e19-a3f4-ac18695ee98f,bf5cb0a1-64a0-4c81-b924-56163028aaec,b7bef89d-78e2-45b6-975e-f11c46b52739,Vitals,Patient,2.8,19-04-2021,10-12-2021
0a4fb4b1-e91d-46a0-bfef-ba8f437ab1e2,e438cf21-f442-4c1e-b8ba-c1a6348fe1cf,60f07b6e-e8ab-453e-be91-ae499ff9d824,Vitals,Patient,1.9,08-10-2021,29-08-2022
2658b333-b4e5-476d-80e0-3aacca55a1b5,b6e7552f-064c-4cef-ae14-01d97bd79f12,ffddf8b9-8944-4ec1-9345-3eb76eb04451,Healthgrades,Internal,4.9,20-08-2020,04-11-2021
c856366b-46fb-4366-bf59-a77fbcd9a0a9,61342f48-75cc-4cfb-942a-08cc25e80cb6,67c47daa-6cd3-4237-a5af-a18c40a6e09d,Internal Audit,Internal,4.5,18-01-2021,11-01-2023
db207e9e-d88b-4628-b7e9-091f3be23c4c,fa12cefd-84ec-40b3-b4e5-93593d639134,b471e6ad-9333-47f6-b199-e52ca27ba935,RateMDs,Internal,3.4,02-09-2022,17-11-2024
90a23fc0-db22-43c1-bd1b-161210c4c898,c8549884-cf54-45cf-b72e-bf6ab46f9bbe,e76bfe35-97fc-462c-a854-fc98d57fb6e0,Internal Audit,Internal,3.7,04-02-2021,03-09-2021
7eb96f75-85cf-4417-8669-a6ddb46c2cb7,0721fe0e-572f-495d-82c3-9e37ecc9cdd8,81081669-4541-40ed-8874-7fae4bffff42,Vitals,Patient,3.7,29-11-2020,27-02-2022
58af6620-9186-483d-96ce-ea8f5b3aed49,46f45fa9-c486-4fe2-b7a6-24108caca7e5,77f3804c-3a54-4970-bd20-7eff198d6373,Healthgrades,Patient,1.4,16-10-2020,11-11-2021
1d872b03-9f27-403a-9e18-5f9feff6d374,00d71d8d-8757-495d-85ff-8ab72bba5953,e91e517c-5c02-4b64-8477-fed9b8c7be52,Healthgrades,Patient,3,09-01-2022,15-05-2023
953da582-6198-47c8-bb02-298edc03867e,217c6d2b-4fe2-4a83-af04-9c338a00a4ca,b0ac5ef8-1755-4344-b0fa-8f57677e68be,RateMDs,Internal,2,28-01-2021,16-11-2022
01eae7d3-35ed-4143-8817-c982a657a56a,b06449f1-8f90-4399-a4cc-fe7281670fc9,a6fbba68-a10a-4e75-bf08-d9ce1cdcfab2,Vitals,Patient,3.5,15-02-2022,24-12-2022
e81217a6-44f1-4a96-9b85-1f469553de69,06c091af-e582-4cab-b17e-7a7ff04ac084,7c0a4b7c-4b48-4170-8ede-f85dc5675832,RateMDs,Patient,2.3,24-06-2024,12-09-2024
d85be191-db27-4ccf-8f64-e0b357ed1b09,71146822-03d3-4d2e-b1ea-1dd3e9c789f4,9fb9578b-9451-4db3-8290-e2359a031cfe,Internal Audit,Patient,2.8,31-07-2022,24-09-2023
71f42c24-dcf2-4ece-bd43-b9a144b4d1db,a463223a-3241-43bb-b0bb-eb9984cf8a49,e60e32ad-c2c0-46ab-9451-5bca1c1a3305,Healthgrades,Patient,2.5,25-03-2024,18-05-2025
a43ad11d-4b8f-4d3d-9461-3d2e6e15445c,cb36304c-0cc8-452a-8660-2a228685e650,c347deb9-e8e4-45b6-ab84-9f29ddb9b67e,Healthgrades,Internal,1.2,26-08-2022,27-04-2024
5d2077f9-83f3-477f-a514-2999faffd635,c47a50c1-45cc-4a37-813a-b415157b1cbd,2042ca55-0abb-42ee-a03d-3b63e04eaba7,Vitals,Internal,2.7,12-01-2022,24-06-2023
7026762e-06bf-4d16-aff8-3c4ba9553b85,adc30352-ed41-43f2-a452-399574caa882,3fd04885-bad8-4f43-aa0f-75535d5a097d,RateMDs,Peer,3.3,15-07-2022,06-09-2022
f70f0182-67d7-433b-8ce4-bb1aa4fd382d,80744507-7a92-468c-af7b-bb7397134624,3badfc37-823b-41c1-bb42-efcf72d11219,Healthgrades,Peer,2.9,04-02-2022,27-05-2023
4b159e45-c7c0-4d93-9c68-17bfc775af82,e5740c33-e5e8-461d-bf98-87723fb48c01,fb8355e6-3bd6-4731-bc3f-0829dd7fd836,Vitals,Patient,4.6,01-03-2022,06-02-2023
8d8bbf94-ad70-4a80-b28d-c5c2a7ae03eb,ea2df662-c19d-4376-b26c-558712447c3e,6e54ebd9-ebc7-4be5-838d-7720ce454a1a,Healthgrades,Peer,1.4,29-01-2021,26-10-2022
08520934-b7a3-49ab-b837-c04db3878d14,b1e59ffa-04c5-44c5-862a-0423da73e0eb,6f134ac6-5c16-4bfa-9c9c-e72840e8cc27,Internal Audit,Patient,3.5,08-12-2020,13-07-2022
eaf85078-5490-4139-924e-e8fec6e7b234,d33991b5-670d-4fc9-aa44-093fbb5ead20,6a982cf9-2333-4af0-b22a-b36794ad64ca,Healthgrades,Internal,1.8,13-11-2020,04-01-2022
fe31e84e-9acb-451f-945f-8cbfe95bf777,b089ea8d-ba5c-4a68-b7d0-9a46bb48ac06,1f0f0299-3742-4cb8-adad-025937322ddb,Internal Audit,Patient,4.3,15-10-2022,20-07-2023
b31f2c06-e3c8-4e90-b140-7240eb3ad262,943fc1fd-2be6-40f5-bb2b-74f57bba3e88,7ecdb7d8-4cc1-451a-92d5-6e3c95c4946b,Healthgrades,Peer,4.3,16-02-2022,10-01-2024
568a21f4-4e9c-470d-84e7-c1f8a4c5ce0b,2a80efd1-4df4-45a7-8d9c-5e088bbbff66,5ad42025-8f83-493f-92f8-290747d82366,Healthgrades,Peer,3.8,25-07-2022,26-03-2025
2a74b0a7-b1fd-4d6d-9f86-e175dfebddea,0881988d-d208-4fed-bcb2-40860f583a4d,2cf34683-0538-41cc-82ab-988ecadedc16,Internal Audit,Internal,4.4,16-04-2024,02-07-2025
06432dc6-f67c-4020-b4ca-cfbc8dffd989,99dbc2af-0953-445b-9ea1-e6e5631890e0,50cb9242-3a98-4aca-a80e-2fd4c7fd292b,Internal Audit,Peer,4.4,05-02-2021,08-06-2023
527ffce4-66e1-44b7-9db4-dfe6d2880193,cae33f96-d781-48f0-a96a-ac1d74ae089f,d43b703e-f594-48c6-9b96-e59493ceae1f,Internal Audit,Patient,1.9,04-05-2024,23-01-2025
898414e1-5645-4d6a-8f8e-bd151d3eb01c,ab71b0fd-3084-4782-ad37-f7bce9275605,cbc2fc06-e12d-4178-8dde-695eea0ceefc,Internal Audit,Internal,1,07-04-2024,02-07-2025
a0224e35-a9a5-4c4b-9593-fa34f5c4b912,e6e958db-92cf-4807-83fa-95317651b117,6134ebd2-6354-4603-8c6e-26db10f2de36,Vitals,Internal,3.4,22-07-2022,07-02-2024
e25236c5-9e8a-4afc-b780-3d880d19312c,a33905b2-7a39-4030-8248-6ec8c2f8fdec,f2780f3e-7892-444d-890c-03c8dce923f4,Healthgrades,Patient,3.8,30-12-2022,30-11-2023
b6279761-efc4-4ae9-874e-af1dd063eafb,ccda887b-420a-414e-85ec-fb1b0e6590be,d113a486-5524-4652-b53d-daddb571eebc,Healthgrades,Peer,3.8,14-12-2020,26-01-2021
e4a269ef-d765-4cd7-afff-e2a568cb390a,3cbc8d69-20c9-4ecf-9e97-1b2ec3b9fd77,8c20a3b4-81bb-41ec-857a-48e3a9cdbd0a,RateMDs,Peer,1.1,04-09-2021,12-01-2024
44d3765e-939a-411e-ae4d-fd86c917590a,89a08fa7-432c-4195-b6c5-9aab113690e2,455ea7a6-58bc-49df-8708-2db02cd9eaa1,Vitals,Patient,3.6,18-04-2024,02-07-2025
1361e0bf-baa2-4973-96a9-edfbeb40ec26,b9535c53-f20e-4ea8-b561-9ea23fb88046,9981e5ad-d69c-4fd6-8360-09840c1a55a5,Healthgrades,Internal,5,29-09-2021,30-12-2022
acbd8a32-ce5f-48c9-acd3-0d9414b637f8,a8f479d7-96a5-4f2b-adba-db5acf15fca6,24d306bd-9aa2-41dd-99fd-a4d561d9a7be,Vitals,Internal,2.3,30-05-2022,20-03-2023
15684247-13bb-4d8b-bf4d-a89f67a1d5c1,386b7454-2fcf-4999-9cbf-180d24b27962,651f01b8-4c80-488c-9007-47fdb10c0a56,RateMDs,Internal,3,12-10-2021,27-11-2021
9f57f24f-7363-4578-bcf5-a68082d6cac9,714047c5-da38-48ea-bc8d-520717f6a9d8,b3f9598a-52ac-4fdf-8f75-3702f1421867,RateMDs,Internal,2.6,28-12-2022,31-12-2023
8179603b-dc54-4041-90d0-476a0bc4316f,19c50246-644a-4e38-9a35-59a0fec701e8,5d92017a-a4b1-4748-8fc7-5a8a09668c93,Vitals,Patient,2.5,26-07-2022,13-12-2022
5424db02-4942-4d06-984a-bcbd8fec00db,890f8447-a9d7-4ed8-9238-c20123df70c6,d3f68f46-c316-4e61-ae3e-51a61680c52b,Internal Audit,Internal,4.2,15-09-2023,26-03-2025
a27b7dc6-bb3b-44c5-958a-85b92cbf97f1,f64ec4bf-f26e-4fd1-9642-92185e6e34ac,21f193c1-48fa-4007-97c0-47904a747aa7,Internal Audit,Internal,4.3,27-06-2021,07-08-2022
bcbe7d7c-ac1b-4a38-8ac5-fd5d37dc79c7,deecd384-955a-4f8d-87ed-d274b47f56b0,cd42c99b-8740-42b9-956e-599d841c5067,RateMDs,Peer,1.3,27-07-2021,26-04-2023
1b0f3088-f291-470e-af8a-d1b41efc9777,fc2913a3-65ee-428d-ba0b-95edd30b1270,90e127e0-886c-4064-95b5-fca4e6704ece,RateMDs,Patient,4,19-05-2021,30-07-2022
5e85b91e-cb1f-4b87-9e75-c151443df7d6,65632024-40de-4bed-9738-92f0dea775d8,d559d455-b765-45af-9ae3-f9a969f6a4fc,Healthgrades,Patient,4.6,06-12-2023,02-07-2025
5bf33655-358b-422f-aeca-8821c21e1c40,36b7d5bf-cf40-43e5-8ebd-591998a77976,7b5ee29e-eba9-4c9a-813f-de928c062ffd,Internal Audit,Peer,2.2,01-04-2022,02-06-2022
f7fe3c41-7caf-49b0-855a-c799c5b212fe,edb9d9dd-0d8d-4f9c-8bf3-72814b69da8c,23a5b0fe-79cc-4ad8-9dfb-0ca5a83b77cd,Healthgrades,Patient,2.2,02-05-2023,06-09-2024
15e67e05-372a-4ba9-bd4b-48a0b1099208,3bc0d79d-14d6-4d70-ab40-50e78a6bcd8c,4554f669-2ab6-4484-b2d9-624fb2a7c6c7,Vitals,Patient,2.7,14-09-2022,19-09-2024
8923f1db-5b16-4a3b-9295-b933d76ed509,e1fb55fd-a8e6-470b-a09b-bb9ba0bde429,b148b9e2-4831-43c5-9361-81e429e808a4,Healthgrades,Internal,2.6,12-10-2020,19-06-2021
8bfcccba-4a58-41f5-a252-7734467483a3,9cb08952-d7c5-4d7c-a058-c4201ea32673,df0044ed-9aee-4d4d-879d-b4a109556db1,Healthgrades,Patient,4.3,04-08-2022,27-04-2024
78e3f246-2d79-4f79-a4c5-6484277caa5f,c294a03a-7e34-4013-84f6-8c42aabca00d,dcb85067-e521-48ce-98c5-cf20b84feacd,Healthgrades,Patient,4,12-12-2021,16-10-2022
2b555e72-278e-46ad-8a98-e6a2db6ca3c6,9f2456aa-d1b1-45c6-b9d7-4b201b625938,1dbd9d07-1cda-4021-b3b9-cec1f6c12502,RateMDs,Internal,2.9,04-01-2023,07-03-2023
6ded89b8-9ab2-436a-929c-49426a38014b,4aab3ccf-0411-4bde-8880-793f96b2df35,fcbcfe0f-810c-45f4-a551-7b1db978360b,RateMDs,Patient,2.9,22-10-2021,28-03-2023
47684b1e-2f7e-41bc-a23f-003aca811228,ff72ced9-f438-4d60-b158-7f5bd58ce66f,7c52ff59-36ce-459d-b620-d3810117248b,RateMDs,Peer,1.6,24-11-2021,18-09-2022
70b60aae-d308-4a8c-baec-5ffd302741c1,04118b73-49ee-4f90-9b85-75545c4f27e2,af8e913c-7b8d-430f-adb5-a65505f39ee4,Vitals,Patient,1.4,28-10-2023,02-07-2025
14976353-57aa-4725-89f7-9bc9a3064a39,b94d9b80-249b-4c15-aced-5a9b4407dec7,a2e47249-c79b-404e-83be-021d93514f0a,RateMDs,Internal,1,08-05-2022,16-04-2024
fecbcf90-988c-408e-ae31-8fb029717f0b,bd572760-5aac-451c-91cb-91ac01fe1ae1,71be8352-e43b-477e-a668-c38a4ffd9556,RateMDs,Patient,4.1,06-04-2021,24-09-2023
a9136a29-61a2-4847-b245-76af6fdf60f8,70d03277-bbaf-49d2-bbe2-45a2431349cf,3bb85c0a-5e92-4303-ae61-324f1e2d2b7e,Vitals,Peer,1.1,18-06-2023,09-06-2024
b8566e4e-345c-4111-bd9d-1ad6e2bc0650,c2a261fb-a4d7-47fc-bcb4-55b8ff2436c9,f9628443-6288-41ff-82dc-92fa8928dadb,RateMDs,Peer,1.2,06-01-2022,20-09-2022
5222fe6d-dd2a-401d-9cc8-d00194f033ce,d5d19f16-5ebf-4da3-9b9f-2c8fb5b02c10,00125007-9e85-4156-814b-2f5aca1030e8,Healthgrades,Internal,4.3,06-08-2021,02-12-2021
5ef249d9-2cab-4cfc-b464-7223e7c567a4,f1262095-5d25-4cdf-a969-960ce064a1c9,d8eee92a-5917-48ac-9534-80946e1705af,Internal Audit,Internal,4.6,21-06-2021,25-07-2023
69a2b1fc-7305-4728-9331-e4640e778b3d,92a95434-ceac-485d-b3d2-5fc520f498b9,86725c92-fe74-4199-a6b4-e26f00e51c0e,Vitals,Patient,2.6,27-04-2024,02-07-2025
9111aede-65c8-46a7-81f6-5ee027a2b3fb,b6b8d2ca-ffb3-46a2-b919-5174b0ac89b8,3906a85d-8048-426c-9227-74434e474c93,Internal Audit,Peer,5,22-12-2021,01-04-2024
257f354e-31f2-423b-ab13-b915a042562b,98b5d642-15d3-42a1-bbd5-925ab812ad92,ea229a01-a610-4fdd-a7cd-4128479c8056,Internal Audit,Patient,2.4,06-09-2021,09-05-2023
88fa6789-d44a-4573-9507-5514431c5eb7,88b8900c-79aa-428c-81da-ca8a5a25fdfa,8ca2241a-0227-4a9f-9547-71a964461de7,Healthgrades,Peer,1.7,24-06-2023,02-07-2025
460822a6-b2d1-43ee-9e25-60f500567406,9c2f6269-dbca-49ff-adf1-57ff4093ec1d,114ea767-cf09-42af-a634-4b2c0bd60222,Healthgrades,Patient,3.2,16-11-2023,04-06-2024
d54a86d5-1fc2-4a1b-b3d9-47cfbd61cc9d,b7eb595c-942e-49d2-a25f-9703094c8181,0487e42d-fc74-4a98-aa74-eb60886ad539,Internal Audit,Internal,4.1,27-01-2021,04-04-2023
e6e43fe2-ffb1-4327-9753-74fcbcb675a5,790ebcf2-2e2c-4eb4-9666-1274fe7a746e,55ea62a9-407a-475f-98f7-fd74aa27718f,Healthgrades,Internal,4.2,19-12-2023,10-04-2024
a4dde0eb-cad1-4d79-90b1-c01af4f5225d,34823d6c-e0c4-4219-b2ba-8e0a75a22f15,f1708299-e353-44ed-a6b6-f43e92894d97,Internal Audit,Internal,4.9,23-08-2022,10-02-2024
615b3999-3ed6-4f5a-bd83-bd766968142f,1233004b-a0ac-4c13-b0cb-abfb1388869c,b3e15043-b8dd-4f38-b58d-e42fcc0cc891,Healthgrades,Internal,3.1,02-10-2022,19-02-2025
b1bf3b4f-e02f-4899-ac95-8606ac89b89f,7b2fa288-3a54-4572-bc04-04898fa913f2,54895ce0-2761-4cc4-a13f-24f0d5546f4c,Healthgrades,Patient,4.5,15-08-2020,26-11-2022
4a240dce-e42d-4e29-afcd-bbfc21bab2b6,f1e958c5-3ac8-4c34-bf2c-ce360989b591,5cfffdca-d88a-4b80-b384-4778a286d792,RateMDs,Peer,2.8,25-03-2024,02-08-2024
5e43e822-8627-47fc-8a16-3d7c0621c53a,13ff5876-527c-4f20-b640-ad20c0a42f8d,2c3daf73-14c2-4c5a-bbf3-e0536830e379,Internal Audit,Patient,3.1,17-07-2023,02-07-2025
ea2bdabe-4dfa-44e9-b49f-850143f68c72,19cc0a44-7f20-4b8d-a4fa-91a532c79c65,4186bb64-8c5d-4b74-8b84-4b3ba73e7ad6,Vitals,Patient,3.4,07-04-2023,05-10-2023
929c0bfd-fb8d-402b-8a10-7dbcf8b56458,8d87ea88-1f51-4341-94c6-88cd66baca12,dafe79b7-1202-40fd-bf43-d4d555c0f834,Healthgrades,Peer,4.8,11-12-2020,15-02-2023
2ca8faab-aa2f-4c7a-ab75-ce17fa2ca7db,a887ce83-f079-4ed9-bad3-c95f41e9c0c4,65a825bb-6630-4ec2-a469-fa999ca9147f,Healthgrades,Internal,1.7,07-10-2023,18-06-2024
87c14dac-fb4b-45a3-a976-a2ab7ab41ca0,3c66e6fa-4577-46ef-af9b-b2e558b8dd75,cb456966-9c4d-4ce3-8918-202fdf948831,Healthgrades,Patient,4.2,22-03-2024,02-07-2025
2979ac3d-40a9-4dc6-9c71-883eaa21a099,1b597948-7a36-410f-b6de-f11cce119664,5319faae-ecff-47ab-9d89-23b2ed8ba720,Healthgrades,Peer,1.6,03-05-2022,18-04-2024
5287ea9c-c264-4d55-a7a1-79667b075cea,5f70d424-5d26-4acc-b259-6d38592a99cb,568e04c2-1fdc-45b8-9281-8ac6deb12eaa,Internal Audit,Peer,3.7,07-03-2023,02-06-2023
1364e18e-800f-43cb-aa77-fca4a66955b3,28be4c2c-06ef-4875-bdc4-e5308f039833,22d9045c-ffa8-47bd-b0e0-13cefdd97999,Vitals,Peer,2.8,24-11-2020,06-11-2021
534027be-0586-431c-9e75-1bf212726657,bc8f09c4-a3f5-4ebb-8355-a8055f01770f,1fe3116e-b8ee-451e-9798-0b4a70dee1a0,Vitals,Patient,2,10-05-2023,02-07-2025
5ae99d81-97ae-4198-b5cc-5a11a1710d47,57365a31-a636-43b2-b0b3-ddefe1a2393a,4331a2f3-91ca-4e11-92e6-128f5422bcd5,Healthgrades,Patient,1.4,08-12-2023,02-07-2025
5fc3c43a-7b9e-4b65-b925-ce006db92353,9d573e44-313e-43b8-a37b-ba36336d5b2d,82b96c34-ab40-438e-ab81-6dd923f9ea81,RateMDs,Peer,3.1,01-08-2022,01-01-2024
b19d8784-c34c-4205-93a7-c93b820c3dd4,f78c6b07-c470-4218-ba78-74e629c9ab21,85449d84-b8a5-4c3f-904c-51a7a0fb8af0,Vitals,Patient,2.6,13-09-2021,08-12-2023
33cacfe3-2dba-492f-bbd9-2785cf24fb45,cdd15d0a-a21e-43a7-ac46-13805c4ec4da,0dde2375-2592-46c2-9dfb-1d7ea990ec21,Internal Audit,Patient,4.8,17-02-2023,14-10-2023
8aa8fe4e-576b-42fe-b3f8-e043083b75de,81548d81-6c06-4715-869a-bda147089f09,10c6d216-1c27-44e2-8929-caacd040c30f,Internal Audit,Patient,3.4,14-09-2022,06-06-2024
2cbf2eb1-8097-417b-9ac7-daa911ae907f,b2c14081-2c4f-40eb-a17e-427c161b02b1,2b590fbe-552e-4bb0-b916-4856eb54a483,Internal Audit,Internal,4,28-10-2022,25-08-2024
3667a747-cd66-407a-8987-7e3f996bcdfd,36f2f3dd-a416-47bc-9fee-d09989a52dac,efb6fb96-b44d-406f-98d0-240b04702cf6,Vitals,Internal,1.5,06-12-2023,14-04-2025
4a6f7435-d3e4-4205-ba09-81c3fbbd6e32,f13140d2-6adb-4e91-bf78-961631485f09,a09ff0f0-fcb9-4aaf-96f3-f1665a5036c5,Internal Audit,Peer,2.4,14-05-2024,25-06-2024
a0dde101-eca2-411f-8655-d5a45ed1a984,d237c515-f6c8-41ef-b9da-8f3ff50cdab3,d5315ff7-360e-4ae8-b3d6-fa7afa56eab0,Vitals,Internal,3.2,26-05-2024,12-01-2025
14695883-4fdf-43b2-8015-a4688ed3a7ae,63d964a8-162b-45ce-905d-a77e0dcab28f,294527ff-7aa9-4618-b88d-0506440b9f64,Internal Audit,Patient,1.5,11-03-2023,02-07-2023
eb4e6786-c9ac-40cc-b933-7d2e818df326,92748e58-600d-42ea-befe-2c7812d62997,23c6068c-96ff-4ee9-b4b6-90d0e9f5f17f,Internal Audit,Patient,4.2,21-07-2022,14-07-2023
f5392c63-2cf0-4d04-a0b5-8b0bb200e550,1fbd93a0-3700-4463-9a3f-3ba33bfa93c0,cfe6ba54-51f6-4bb8-a74a-2d47f29a7d29,Healthgrades,Peer,4,11-10-2020,09-04-2023
5251d3c0-a4f7-42c3-aa7e-da10baa2295a,0d5a4805-a8ef-4f8a-bf0c-6c9d5ea33509,1676d161-1007-4454-90f9-1e9df0368426,Healthgrades,Peer,1.1,21-07-2023,31-01-2025
40a79bae-7718-488b-834c-41a11855fccf,434dd665-d9df-478e-b717-6caf0e60b5ab,67d3adc9-34cd-4a9f-b09e-c81272370b82,RateMDs,Peer,2.5,31-07-2021,04-04-2024
d14b3ce8-1de5-452f-83c1-b6ecdb979375,dcab8b6b-6c17-4033-ba3a-8465e059f71e,e0ee996c-ab69-4a92-995d-ae2c19cdedec,Vitals,Peer,4.7,05-06-2021,12-12-2023
300e5000-3450-4ac6-96e9-e2a8fd27f690,b680df13-ea46-477f-92e1-61714cb2f5f3,386f6e8b-6a60-4658-b690-0f9368a3de2a,Healthgrades,Peer,4.5,22-10-2022,01-07-2023
42b768f3-ad7f-43b1-9cb8-760547be2059,d2138323-7307-4338-abc4-a72174bbd205,d017a3aa-6544-454d-8a5d-2fff91312e16,Vitals,Patient,1.2,21-11-2021,23-12-2022
3966ddcb-38bf-47c8-9ae1-9a807d292e76,ceacaf84-7783-48e0-9dd3-daba5a6960ca,3bd49bb2-883b-4940-8a5d-4f78c0445425,Healthgrades,Patient,4.9,07-06-2022,05-10-2022
fc493f11-a3e2-47aa-bd77-d3a41c4eb4c5,b5652f60-b235-4538-a92f-aaee3f8a7b73,ef0941e7-d862-4ca3-8741-81a5d607f810,Vitals,Patient,4.2,06-07-2020,05-03-2022
53a43de5-07ce-4a6f-a02b-5167b23c482c,81d0ab9d-b198-40a8-8a67-514fd636691b,ddb11c38-9b27-4c66-b399-70ec8adb2f5e,Internal Audit,Patient,3.5,03-06-2023,23-08-2024
c1d40cfe-3cdf-480d-893d-a298c8d89db8,bbe35d31-4056-493a-b62a-bdc3351ec736,f575fdaa-251e-4b78-b4ed-d504583cdd54,RateMDs,Internal,4.3,12-11-2021,01-10-2022
75f71006-e5ba-46be-8d44-101fae2a8972,91acb36c-75c9-49e0-a114-d3325f6e745e,99f9e6cf-93c1-4334-aca6-edde33138110,Internal Audit,Internal,1.6,03-03-2023,02-06-2023
723ffb09-38f4-4273-9190-8e0f537d865d,715c11af-6f61-48d9-b142-3d02af60c3e0,2820e1ab-9e12-41c6-957d-768955fc3846,Vitals,Peer,2.8,05-12-2021,05-12-2022
c765a201-989a-41c5-8a1c-9774117801f0,2e5fb0b4-48a1-4fb6-b8cc-c212e2c84cb2,c1b642a4-f735-4005-90b0-d82fbe56f40a,Internal Audit,Internal,1.1,03-07-2020,24-10-2021
6fadd900-fc74-42f3-9eb0-a07f214d423b,5a13ca05-be21-4e8e-9d8f-6c561c090dea,e2acf70f-0436-4aac-9262-3f03feaa6065,Healthgrades,Patient,3.9,14-07-2023,12-01-2025
1ab75a47-9195-428f-b343-da78c5d07534,ed8ce28f-c4f8-4b21-b0c6-f6ae5d330208,ab75a7ce-204f-4d9d-aaa6-0c3a06b09bb2,Internal Audit,Patient,1.6,06-02-2022,05-10-2022
a6e4ff77-22de-4097-a11e-a9a790112439,b88ffffc-4f90-4e3e-a27e-0b85286f0cac,00844680-d356-48e2-b4ac-567dce8b6496,Healthgrades,Internal,2.8,30-10-2020,20-12-2022
6ee0f76b-7850-4b5c-a40f-b3ad2553802f,792bed72-bed1-4a3f-a5db-e263468cd54c,2031830e-5c54-4de6-9ded-20653c2288d0,Internal Audit,Patient,3.9,27-01-2023,30-12-2024
b1e23cf7-7444-4e1f-a426-0839f9684ea5,b7e27606-dc5b-4f99-aaae-267205b3889c,a9c1d0f1-f1b2-4589-a7f0-924cbfd85909,Internal Audit,Internal,4,19-03-2021,31-05-2021
27cbfdd8-1dba-4b6c-af3b-2b4c66226df7,7f475534-8c72-4c8f-996b-4b38604864ec,aa78ba6a-3ac3-4bfb-abcf-441fab3c5399,Healthgrades,Patient,4.3,26-01-2021,06-03-2021
1fef74cd-5c7e-4c31-8f3f-101046d09581,8bc99890-6487-45f4-a1a5-ff522c62a13d,064afd17-0c41-46e3-9e05-ff31136d29c7,Internal Audit,Patient,1.2,20-04-2024,02-07-2025
974e11ca-76f2-428a-b061-dcb5b28f3cc4,97270cfb-ace5-4d98-9681-53f2d8540ff5,9873c7d1-4151-4eee-aa85-8cde2f0ff5ff,Internal Audit,Peer,4.5,20-04-2024,10-07-2024
2e92238e-8b87-4f98-ac1e-b764e81ab5b4,564b436f-5e1b-4f98-a47e-cb223df4367d,d0b637af-7162-4682-9ce0-95fcbcc32de4,Internal Audit,Peer,2.7,08-12-2023,02-07-2025
352614b4-29a6-4575-b459-10506cb376cd,1677cae3-1c07-4c1c-8d68-8592f9bf22fd,dee56cb0-1f3d-4171-a626-81f690e90706,Vitals,Peer,1.8,17-03-2024,02-07-2025
cda0e3e6-6287-4468-9293-d270bd2548fe,0952acb8-67c2-469a-b8b8-4ed9dcb22289,00bab076-82fc-4c4e-a42e-637c3aadb705,RateMDs,Patient,1.9,01-01-2022,02-08-2022
1fd86c59-a932-4591-93c5-0ae105c419a1,59fbd2b6-6925-4581-bf1e-60e9df8a1c08,3d6830e9-3158-4ccf-9a78-a0b6707e3a60,Vitals,Peer,1.5,08-02-2021,19-01-2022
7209eaa4-1ac2-417b-8b0c-bf7df0d7bca1,0cddb95c-08b5-4675-9e59-ec7b50a7ab92,5be94b65-2fc6-48e8-8d7a-4a2f9ea872d0,Healthgrades,Peer,4.9,25-12-2023,02-07-2025
51f6cb5d-97ce-4165-b5df-c587305b1d3a,8febf243-a86b-4171-95a3-a52ef9d65aa6,c999aa5f-543d-4d06-90dc-4fafbd0adc7e,Internal Audit,Peer,3.6,01-01-2021,18-02-2023
36feb092-6c75-45c3-8379-c807991c81f4,42c56c3a-bbb0-42c1-83bd-7e1cb468105d,bfb65a4c-d035-4d26-a542-b46cb42df750,Internal Audit,Peer,2.9,28-09-2020,23-08-2022
131a865e-05c7-4b05-a95b-1c02782586fb,e74db8e4-4e07-48da-a29f-fcdf3e305b78,e6cb511e-a06e-497f-96a2-ede8e96dd132,Internal Audit,Patient,3.4,25-10-2022,21-03-2025
2ca2e99d-584f-40a0-b6dc-c362dd740e9a,3297af63-aa4a-4449-ac9d-72d2566cda86,5c45389d-896d-4a05-b5a4-d47f3ec3b71f,Healthgrades,Internal,3.3,18-11-2023,02-07-2025
a4e5bb42-ec23-409c-8e86-d98e4c7ed374,c03eef97-967c-4cf1-9f99-46b893b15abe,eae7e4ad-93ad-4e25-89ad-0a45865dd018,Internal Audit,Peer,5,13-01-2024,02-07-2025
93e2d44f-2bd4-413a-bcf0-8555e8bb9337,d7a847cc-abdf-4579-babf-5c27c574c80a,39396ce6-ebf1-47b5-a2b5-cab1428f7ebe,Vitals,Patient,4.2,16-07-2023,07-08-2024
2bafb6dd-fbdc-4f0a-b49d-75334516ad4e,572b0edd-dd28-4d9a-b7b0-34b85538bb6e,bd18f8f7-abda-49e3-97f8-591cd5f234fc,Healthgrades,Internal,2.6,12-07-2020,09-10-2022
ac00f8d2-afa3-4c60-8210-d675f0aac014,946b48e5-e930-423f-a392-a0b7df324d15,a53744b7-b646-463d-bb5d-ddcc02fc6597,Vitals,Internal,4.5,15-10-2023,02-07-2025
49879f49-76b7-4f14-a533-5f053284741a,8132d77a-4d43-4451-be4d-f5269ed41250,c9967eae-82d5-41da-a8b7-ce779ddba9e0,Vitals,Internal,1.5,21-09-2020,23-10-2022
2e8b4f9f-711c-4a7b-a5d5-00e5012161cc,698be342-9bc1-4903-965b-ab22ee47e9ab,7de3d6d5-37b1-4706-a29d-e1591c47ebb7,RateMDs,Patient,2.6,13-01-2023,02-07-2025
5737554f-af8c-4f98-9b97-d9c4e0311199,b4fab4e3-bb27-4edb-952c-ee7f5b8518bf,547c0b69-d701-44c8-bbf2-5c1512b07f2b,RateMDs,Patient,3.5,20-10-2020,22-08-2021
d01bae53-381a-4dd7-b4ca-dd0fb113b364,76c96fad-f1bf-43c4-8fec-4c4799a91970,e7cf5226-a24a-411f-9880-7b739e51549d,RateMDs,Internal,2.4,03-10-2021,17-04-2024
813dde98-13a1-4453-98f0-282ae62d4b1f,51a292ab-dee6-40fc-b776-15c5228ea05a,ac26e139-33cc-40bb-9f32-2e7d801a03eb,Internal Audit,Internal,4.5,27-10-2020,29-09-2021
549c1883-015d-4591-bd6b-5f2cf24e26c4,e993034b-b834-4423-8c50-8564d02713f6,97a6e520-5000-4c17-bc05-5d3924103d08,Healthgrades,Patient,4.5,04-09-2022,08-08-2024
74ff0aad-9aff-4525-b00d-177f90fa1160,0ebd85e6-b87f-42fd-bd75-405d520360e4,864e042f-ca59-4bdf-988d-f8cd45021612,Internal Audit,Peer,3.5,04-01-2022,22-10-2022
a61ece9d-6ae4-4bcf-8d11-856113099ebf,6db68162-5d47-472c-b7c6-4f220cadbd34,3e24c5ab-9b66-4a12-9f74-c4cbc56077d1,RateMDs,Peer,2.4,26-10-2023,05-07-2024
7b2ea4bc-8d68-4889-9bb3-3e0ef39364bb,9ca355a9-2b7e-494f-a2ca-de51abb909ad,99388e8a-b31d-4853-a606-9ec137f544ab,Healthgrades,Internal,3.6,19-03-2022,20-01-2023
65ceeb5c-b709-43cc-b54e-2bfd6d4b7dbd,66d43ce6-a9a6-4fcc-b0f4-8ef1f3b52d8f,af793c2b-0b73-4c74-aaa5-1aad7cfd7a66,Vitals,Peer,2.9,26-08-2023,31-05-2025
530605fc-3ca4-4946-9f89-be1e002f489f,53dd895d-c6aa-4d5e-be4e-87f582914864,3e1c1cb0-c2d3-4f9f-837a-cc2e4f6633ca,RateMDs,Internal,4.9,15-09-2020,29-03-2023
42f8df80-91d6-45a6-a130-79ba588c0ec9,417c61ce-210b-41fe-9e41-3b2dce8c2b9b,5d207560-881b-4eaf-928d-29d09f2c4646,RateMDs,Peer,2.5,16-04-2024,08-05-2025
db9f6009-0dae-49ef-904f-89e19acbe800,313d5b57-683f-48fa-9b77-9b0b9a735178,ae6d5bfe-0d56-4705-b2a4-ba9f03e62623,Internal Audit,Peer,4.8,25-11-2023,02-07-2025
e290613b-c33d-4773-bf0e-5aa9acba0eb7,bed4d61e-9721-472f-8eb0-d7f0e815897b,6a983ded-06e8-4806-ac3b-821264136aa5,Vitals,Internal,3.4,22-03-2023,05-12-2023
b3c5173e-fef4-46ef-b1ba-1ed794d1380c,2fab0389-17e5-44a3-ab0b-f8a6ee30d6c9,aa60739a-c0a0-4422-bc72-0b364e3d278f,RateMDs,Peer,4.8,05-10-2021,28-04-2022
c549d368-0e62-4eac-b176-d4091535563b,52a27443-eaac-4823-ac8f-4b628a07057f,6353f163-ef8a-4ea5-be9e-132876690a07,Healthgrades,Peer,2.8,18-08-2022,18-01-2025
9e1defb8-97ba-46b4-985e-fc880e8debec,d8d8faaa-fccf-40a0-a22e-ed8696b2aea1,f7f30bcd-65a0-4342-98d2-fb423700aad1,Healthgrades,Peer,1.6,20-04-2024,02-07-2025
1c5aef30-be6d-4864-9e30-36ea973317e4,c8f30248-a6f9-4802-9a17-8d7d54c964e0,23be9937-43e5-4263-92cf-26f58213e322,RateMDs,Peer,1.5,02-07-2023,18-05-2024
f4f7f275-91d6-4ef7-8e39-9ba706bad965,1b19ecd8-9a22-4252-8a90-fc70bfc1eb8a,d42d5ade-85b8-4040-b274-26e6c8a7e3e6,Internal Audit,Internal,2.8,03-09-2022,01-01-2025
72145185-1802-4e7a-9663-9e513f057325,0028c98d-3253-430c-b47c-450afbb4ae76,e9888cdf-37aa-4518-9b6f-876dc3bef3f2,RateMDs,Patient,4.1,28-12-2021,01-01-2023
dd9de8f5-5896-45ba-9cac-5a36e307cdec,47752f3a-ad59-4eea-8a85-6c6d1c2a93fd,25ffca24-f994-41ad-a853-ebf781902305,RateMDs,Internal,4.7,09-12-2022,01-04-2025
6775893d-0548-46ec-b066-cf05f98d2de5,f84aefe4-3df0-4ca3-b220-1138920f73fc,cc8cd8b2-19eb-4733-b5d1-adba10c0f64c,Internal Audit,Internal,2.7,09-10-2022,30-05-2023
59664aa8-75f5-4b34-ba7c-7fcfc5c91685,3fdff3f7-60a9-4080-aad5-deb340d60385,e1912a04-865e-44cb-9fbd-82b90d602974,Internal Audit,Internal,4.2,22-07-2022,15-08-2023
5c102604-bb5e-478b-941f-0c605c3ddb0b,6a1f7d59-cf0c-4745-b516-733716cbe053,529495ba-a6e7-44b1-a20f-fcc259ba9846,Vitals,Patient,5,15-09-2021,15-01-2022
465d01fd-b754-40ac-aab0-0ab6d31057ed,6ac7f42b-92b5-4c98-89e8-6a9c958cbd19,46ae295d-c8ea-4914-85fa-805e4a0c5d9a,Healthgrades,Internal,2.6,04-08-2022,20-12-2022
f5e15c76-29c3-4ffa-bccf-f0d4ded3cffa,3c3c8727-bfe7-4b52-bb98-56981eeda45f,374b48b2-30a0-4bff-9067-959e69d28168,Internal Audit,Patient,3.7,29-03-2023,22-09-2024
8d92db7a-acba-4fc1-8f8f-4b96c3962167,24663e9a-d8bf-471a-a765-f5a722984e7d,4a6365b0-1e74-4357-a6eb-704935f41eef,Healthgrades,Internal,1.5,26-10-2023,21-04-2025
270babae-891e-49e3-b469-5b07df230075,49557087-1539-49b2-80b4-5ba357c67721,698d4d11-ef3c-46a0-b5c3-4754a92dbd3a,RateMDs,Internal,2.8,30-07-2020,21-03-2023
a9842b67-6c7d-45dd-8479-65e1cc3f67fd,b323d4ec-d387-48f0-bc53-132c1bf77510,a0376f6e-2769-4378-8919-0db7f96ef073,Vitals,Patient,4.4,16-10-2022,15-01-2025
701b9478-6c21-4e21-b1aa-2a4c582bcc6c,ebffe929-54ba-49d8-a0da-ea1767db8d6e,24d1c6c1-a56c-43f7-98c3-2b72bf9c5f80,Vitals,Peer,1.2,15-04-2022,15-04-2024
f1d71938-ef4b-47d8-8be0-066c9d70a281,1d9c1e1c-f458-4f34-b7ac-028d0cc71a61,71bf2597-87e7-4a7a-922f-63dd13c58e33,Vitals,Peer,3.5,06-02-2022,14-10-2024
12101cf7-2add-4f67-9112-35e3c4ec56b9,60c043e6-0177-4b99-84f8-760e2356b043,69774bce-a34e-4531-83dc-43e3fa3ce0fc,Internal Audit,Internal,2.9,30-03-2021,07-10-2022
fe5b6e24-d860-4af2-9573-fefaaeb5faef,d5c7165e-e8a2-449b-ac1b-fe033743f914,c6facf87-624f-462e-be07-5d60585e41dc,Internal Audit,Peer,3.7,23-05-2022,06-04-2023
36caa5b8-90ba-4249-9890-4b4fa019d345,3933f1d7-c8d2-4755-ba05-6fa0bace31d0,97d26f10-922e-4c0a-9cbb-56352fe7d5e3,Vitals,Patient,2.6,07-03-2023,27-09-2023
9207335c-a0ab-425b-8de2-c285864f021b,13698d0b-d804-4f9c-b734-6e615da9586b,0ab04f47-b01d-49a7-8c0e-803de2128de3,RateMDs,Internal,4.9,06-10-2023,02-09-2024
7ebcea64-b23a-4af9-ad87-8606f093b731,5fa53d42-111f-4370-a465-737117f3647f,05930c4a-6265-4b27-a1ba-521943c9db30,Internal Audit,Internal,3.6,11-03-2024,02-07-2025
dd33ce80-f14b-4423-8399-a49d6fb61010,f2a79a0b-64be-4cba-b60c-3e98de97cef7,f7fee773-2961-4ef6-b452-2ec1a8f45cb9,Internal Audit,Internal,4,05-03-2023,23-07-2023
6e9cb060-ce6a-4bae-bba2-168446298a9a,bdca8018-f65d-4c81-b01e-126a21fdc864,dae8cb05-f35e-41a1-b859-de9c2d1b2dbc,RateMDs,Peer,2.8,12-07-2021,01-09-2022
2f75939e-a678-44e4-aee2-ca62859f97f9,31d60fa4-24be-4f5c-b8f0-18f796f8ffda,e1be05fd-dd44-48cd-9972-7b569aee262e,Vitals,Internal,3.9,06-09-2021,05-10-2022
17e4948c-231f-47e8-98fd-0ba07a27c646,1ce747cd-591c-4496-a04b-977aa196dd38,b9ba10e1-0e7e-431a-ac86-245d95814220,Healthgrades,Patient,4.1,24-12-2020,11-08-2021
c9102c76-802e-4a51-933c-04d8c10ac5a7,0515ab3c-ea8f-4cab-8b42-3750e3ead322,c6186f50-0597-4f8b-a9fa-1c2bd5ee6459,Internal Audit,Internal,2.2,15-12-2023,11-05-2025
40ca8de4-addd-4bcc-bef4-95322088ee8f,413f9b61-bb28-48d4-811b-c77ce40d8465,3c370c2a-c90c-4f41-b792-b255be5af277,Healthgrades,Patient,1.6,27-08-2022,02-07-2023
a873f0a0-c137-4dcb-b50e-af6ecf15b24b,959f983f-a72b-49f3-9734-5c626423e70a,349a1eba-f0f7-4e0c-8a0b-1c7887d5187f,Healthgrades,Internal,4.4,02-08-2021,23-09-2021
6394fa22-cc21-455d-aebc-c2e27b4b7a34,92d41757-e146-4181-863a-2dfe67838ff6,80938344-cb2f-43b6-b404-72bc7d17cc15,RateMDs,Internal,3.9,19-10-2021,13-01-2023
9c8927f7-7aee-4fba-89a5-9e4c0922cba6,2eb02b6c-58a5-4d3c-89d9-ff9f41053eb5,da125ac0-86f5-49b0-8e0d-c7590bed7661,Healthgrades,Peer,2.8,16-03-2021,02-08-2023
6e8247ae-776a-42dc-8827-a93399809ff7,27ae536b-9104-4590-9c8b-c11b2aa7a66f,2a2af022-4fdb-422b-b930-dbbcf51f4c34,Vitals,Peer,4.6,29-01-2023,28-08-2024
a2790f3f-1eb8-486f-8889-f2a4d9d8edc0,b870cdff-971f-41d4-a459-c2cf56c8f5af,2b16ab61-cbd3-4fad-b569-9e22062a3fe5,RateMDs,Internal,4.3,23-06-2023,17-08-2023
721917b6-f8a7-41e7-bb83-c2252b64cf07,0b680bb0-28ab-4904-a964-efded2a822b0,1a53150a-3f91-4576-8045-3996018881ef,Internal Audit,Internal,1.8,08-02-2023,19-06-2023
6786c570-50f2-4649-b416-7ca9e1d2b7ec,c9dd4b2a-0942-459b-bba8-11842571b16c,0d7a0d26-518b-4f9f-82fa-b9cccd69c034,Internal Audit,Peer,4.7,24-03-2024,02-07-2025
9d34e7e4-4805-47a5-a7d9-74f8666e8027,0eef54c2-802d-4c80-a5ca-1af133549693,e6c0b8bb-536b-45e9-9831-ca16927d1a93,Vitals,Patient,4.7,18-04-2023,14-02-2025
4e26a1d0-1100-4c91-8e44-e5736970e34e,c8f34333-c60f-483c-ac35-d3857358fe5f,901fc167-a17f-48e8-ba0f-fececca34de3,Internal Audit,Patient,1.8,19-04-2023,07-07-2024
eec3a1d4-5b35-45a3-b3cd-38a87366da53,e71a562e-6d4a-41a4-b475-32f2a07a5f11,7f53ef5f-bb45-42c9-9086-ad147a9bdc75,Vitals,Internal,4.1,22-10-2022,13-07-2023
43e84d7c-aa04-4de2-bad7-6557291cced2,7f9ec7cd-50bf-4883-95a7-15ae5800cb21,89dd0e15-719e-4dfa-a9e8-fcaa1c6709fb,Vitals,Peer,2.8,19-08-2023,29-01-2025
bed4d012-8692-427f-b277-86cad05b03cb,754338d7-354a-4796-a731-f613b278287c,7f586d89-ee07-4c34-a045-2d1c15c2eb34,Healthgrades,Peer,4,22-02-2024,02-07-2025
e91dfc7a-55aa-4e9d-bb38-835496392877,b4af3aa3-baa7-475a-8ee1-9c1cdd719be9,f087a1dc-8bf1-4545-9126-8739f875844f,Healthgrades,Peer,4.5,24-03-2024,15-04-2025
9c5acab9-edee-4cae-a6f1-16e563a9762a,2f00f39a-6b2a-4899-8ed5-5c9d3aba8f75,8f6fd64f-1841-43e4-9652-710921dac31f,Healthgrades,Patient,1.6,23-04-2021,23-11-2022
d1533ec8-87b7-4cbb-b542-3af45172bb13,e01cbc2c-4b5e-4b03-9973-ef7f60f49dd1,3a0a5580-7168-46b5-a36d-221f40198f2d,Internal Audit,Peer,4.9,13-09-2020,01-12-2021
91c97b9f-f040-4fa7-a376-5ecc092b52ac,ab5267e3-1073-4aa9-8c7f-a73a4dafa7b8,4d7abbda-355b-47cb-950e-34fb2620622a,Vitals,Peer,2.1,12-04-2022,17-12-2023
95467a1f-a201-4a5f-a5d1-99a1ed15f767,b59d6436-d42a-48c8-85a2-580575f4ffeb,55c825f6-b9b0-49ae-b49d-6ace29b47617,Internal Audit,Internal,3.2,04-03-2023,22-06-2023
652a1462-4200-4bde-8805-5aa5b6de6e80,a6728382-28c1-4fd8-bbb3-9015bec12dd7,02dbb2fb-48c7-4400-92de-e38eee65350c,Healthgrades,Patient,2,10-07-2020,18-01-2022
01e6e3dc-1d14-4679-8f16-b4b2da33e24b,b8b70484-5583-4159-95e9-47c6f06ec5a7,c8da29e4-b3f5-4676-b42d-d09bdf675af9,Vitals,Patient,2.2,05-06-2022,29-05-2024
c881841f-fbd7-4147-93e0-17d314f8c4bc,064efeca-0ec8-4c83-b2a4-a1900ddc52b2,2791700c-0929-438e-a265-036314e2059d,Healthgrades,Patient,2.3,30-12-2023,31-03-2025
4bb8326f-e8e3-473e-9070-27e7a9e87fa4,c5dc770f-c08e-4d9d-af82-b61c0067e29a,813847d7-7c19-487b-ab1b-2f5337f1fd87,Healthgrades,Internal,2.7,11-12-2023,18-01-2025
c462a021-09bf-47ba-9111-b832e077df62,5154f4ea-d80b-4cf8-950d-cb0b595ff74e,7e28672f-596c-4223-9807-9e8c1d68ed6c,Vitals,Patient,2.9,28-09-2022,18-07-2024
c33c8e8b-ea7b-4824-828b-a6f8c4efe28c,714f20b2-5386-4452-b1a7-3f2262a54217,e2522216-9577-4eb1-8372-5c45834f6ee4,Internal Audit,Peer,2.4,17-09-2021,23-03-2024
ac2a4ed6-993a-4d88-94d9-bf47416a68c0,df4341ab-74af-4ef4-8afc-60802e985b04,47e993a8-c415-4a93-881e-a41626bd5194,Healthgrades,Peer,3.9,17-04-2023,13-10-2023
aaa384f3-19f7-4c5b-ad9f-f0d43ad03f75,dcecaba6-c110-4944-9096-077a421e5d8e,78795bc5-3a61-41dd-a575-8366fa42963b,RateMDs,Peer,4.7,06-10-2023,08-07-2024
b923aa28-82fd-41d9-95fe-ddf641e0d655,aa50584e-7fd8-426c-81e2-c7abca432d73,4f2551bd-87f6-45a9-a0a4-5fd3458b464d,Healthgrades,Peer,4.8,05-01-2024,02-07-2025
8e60eef1-bcca-4004-bc0f-f4ebcc552b7d,33e42f6f-5966-4808-8f6c-e46a61013d3c,cb2a5260-ed5f-4cc5-81a9-60b16d71d846,Vitals,Internal,4.5,02-04-2021,22-01-2023
21362eee-0c07-4045-8cbd-fa1c0d280c41,e40bff9b-1c0e-48d2-b9c0-2b540f5dc04f,9455bc86-1e44-480a-8f3b-2896d577d885,Vitals,Peer,4.2,25-02-2021,08-05-2022
505251a4-7952-48b8-a59a-d151eae0f46f,900e5451-973c-482b-8701-004e1acf580b,a8758f6b-7ab4-46b5-869a-e5d9406dbaaa,RateMDs,Patient,1.7,03-08-2022,21-02-2023
81b49e70-dd9b-4704-b4fd-3dda7e296ce3,c3cd0de3-0b51-4381-bd1a-9e6d7e5dec97,20fdff15-5383-4fe3-bb71-ee051f255d04,RateMDs,Patient,2.6,25-11-2022,24-11-2024
f54978a5-bce1-4c25-8613-009a529a4361,314c19be-caab-419a-9c10-8a9e9cfddb28,19a288c5-5cb9-4231-bb43-52b261ae5460,RateMDs,Patient,2.9,06-07-2023,30-03-2024
f0477bf3-ed07-44e2-b309-9d4060b54669,1ee80718-39ba-4bed-9f98-d6ce5549c946,d20db323-ebe1-4fa2-b833-d9b3f6dfa2c6,Healthgrades,Patient,4.9,27-11-2022,02-07-2025
99efe67c-61e7-4a57-af9d-921e4a9a1cf2,096998bd-8351-450b-b98c-301899859307,a7386684-ef4b-4045-9451-f70dfd608636,RateMDs,Patient,2.9,21-06-2021,04-08-2022
9b3f384d-1aa6-4a0d-b726-ab56b5f8bde9,ab64347a-f38b-40fd-90d5-20c885c6e679,e1cd0418-5fd8-46be-9fe1-574a2e5dec0c,Internal Audit,Internal,2.8,17-11-2023,25-04-2025
36f2f65f-a1f5-4fa0-8761-fc1e3c56f12d,ec2d6740-5198-4689-a7d9-dcb55452fcd4,6b78767e-2463-44b3-8733-2fefcaca0022,Healthgrades,Internal,2.5,31-08-2020,17-05-2022
95990e80-476c-41bb-b644-4a83e047bb8d,16a5988b-3f8b-4312-bc84-c5ee6ab2fc75,122b5841-db43-4bdf-bf2e-b3b6aae2e744,Vitals,Patient,1.3,14-05-2024,02-07-2025
e47e8770-233e-42b0-927e-79a9b21d3da2,ba00405e-ed31-46fc-b974-69ce131ef8f8,cc1e9b27-2456-4f96-9d7f-a12eba07719a,Internal Audit,Patient,2.7,07-12-2020,19-06-2023
dedbe029-692c-460c-aa0b-6cf8cdb0d2e8,045320e7-3031-409d-85d0-6f1d380c265b,ca820884-1acc-4418-9dc6-7bad693c6199,Internal Audit,Peer,2.6,14-03-2024,02-07-2025
cac2f6a2-8e0d-4044-9dba-cbbe7e6ef6b9,0de66b11-a981-47fe-9b72-f732c11c704a,21a958af-e7bc-4607-8929-0e13cbce68cf,Internal Audit,Peer,3.7,14-01-2024,20-05-2025
c7f3a268-d8d8-47ed-914c-6e4bc5a214de,a4b33154-ac46-42ad-9b1e-d72ef5f19c6c,8e22fc6f-204b-41b1-90f4-89cdcd533a4b,Healthgrades,Internal,1.9,08-02-2021,19-03-2022
f0b8e912-05a4-4b78-a255-b4f4a6b75503,42c4744b-cdeb-45cf-b007-8272e09ea6a4,2bef1d8c-016d-4e2b-9c2e-75c190e65f55,Internal Audit,Peer,2.1,16-08-2022,15-11-2023
095b7915-370e-4e60-9057-c3cf545198ae,933a8006-703b-451a-a41e-a0624b044d24,78f90fff-7267-4d83-9fa4-4c1e2fd1d58f,Internal Audit,Peer,4.8,04-09-2022,20-01-2024
dc6d7d8f-98d6-4c4e-b6da-bdc17db8bf0d,73e10821-f698-4ae5-b5dd-99e5ac13b76c,84156f27-285e-4c8d-9515-b77378e8da61,Vitals,Internal,3,02-03-2022,28-08-2024
51c55df5-e97b-4a94-b861-fa62a38aa30e,ea3d9ae8-538b-4abf-87ad-0d05f0dc2e83,5dfd2447-638d-4a3a-b2ce-ca3fbc6af000,RateMDs,Patient,4.4,23-05-2021,06-09-2023
61dbb933-740a-4152-9a69-193542904275,74f36f4c-11c2-4737-956d-1e9430a872a8,daf997f2-aa43-4e93-8808-85c3df5ff4de,Healthgrades,Internal,3.3,09-02-2021,27-04-2022
c52c3913-dad1-467f-afc1-14e70a78aae7,ec181938-449a-4e8e-be48-613096832010,9dd50669-daf8-4b79-a77f-3f164715952c,Vitals,Internal,4.3,16-06-2024,02-07-2025
af0af825-56a2-4281-8715-1f1d67f4c5ff,02b98aab-dd7c-4d23-9888-19aa7e4d8fbf,f2af2355-824c-4f31-8808-26f202926184,Healthgrades,Patient,4.2,21-02-2022,13-06-2024
6dc521ef-ffae-4018-89b3-4b55a8e74ec0,84be3d2a-5bf6-4d4a-906a-2ca40276a8b0,de96474a-c671-41e3-b33a-97ed33e93950,Healthgrades,Peer,3.6,12-08-2023,28-08-2024
a3bbe1c9-bfa2-4b4b-91e4-b40ee0d13532,c761aa3a-068f-49ae-ad7f-c2e6c2426ef5,a77d5944-92a6-42a5-9ddf-8fb332fc640f,Internal Audit,Patient,3.5,07-04-2021,01-11-2023
38859ef8-a6e3-45b7-ad96-165eb639d479,5518b9a7-be91-4410-ba2e-c96afb90a2f6,e94c43b6-4821-4898-9964-c2614dfc4c02,RateMDs,Patient,4.2,17-10-2023,15-06-2024
1e4b52fe-29fe-4a9f-baf6-a384f94c1163,8b32d27b-ea03-4b1c-9aeb-de460ed75774,a23397de-64b3-414e-a238-22c9c8025c37,RateMDs,Patient,3.7,01-09-2023,21-10-2023
fc7be417-0ce4-4343-a91b-4d8e65d36b75,81f340c7-c4ee-4ef2-ba27-f185356271ef,827570da-7b81-46d0-9c9f-ad765fef47b9,Internal Audit,Peer,4.1,11-09-2023,15-06-2025
8d5b4eaa-63ac-416c-bbfe-fc28edaf5232,859028bd-9db7-484c-a02c-7e0d28ca8fed,0b497b8a-fa15-4e66-843f-99b79340cad5,Healthgrades,Patient,2.3,06-11-2020,04-09-2021
1885742f-0c3b-4e63-849e-ab7a587a1df7,f5d57ac6-8cd8-40b3-8236-1327057235f8,5c1a485d-7494-4b92-87b4-be3bd4dac00b,Vitals,Internal,1.2,15-07-2022,05-12-2024
a3334135-ff6c-4899-b536-5a1c699dd254,12d812b7-ee2e-4fbf-b4d6-f72b4624c260,9b289847-1d50-4d08-a5f4-c684fd1ec92b,Vitals,Internal,1.2,18-03-2024,02-07-2025
510a6752-0e48-4721-919e-4e56fc1edee7,1dd3df6d-7b94-4acc-875c-c09634519631,66adc557-e0e2-42bf-8d2d-d3c7ea771054,RateMDs,Peer,1.7,31-07-2020,16-12-2022
7c5ed631-7538-4b5d-838f-ad2134e8025e,a84b2779-e503-4a01-a98a-f06c0e435fc0,0defd891-2a0c-4d9b-a2c8-a7517bc2db31,Internal Audit,Peer,1.7,20-06-2024,02-07-2025
fe0b0f29-f8e0-4717-aa4a-aa20cca5b225,2f4eecb2-8180-4d3c-be05-3a480af378ea,54150c11-0479-4643-8dda-2ba9a805fbe0,Internal Audit,Peer,2.3,27-02-2021,07-07-2023
ffa115e6-561a-4672-b1b9-c6421845f5d1,7e78fd91-ace6-4387-8c75-c884ff9f3cde,ca17965a-6a06-4d15-aa29-29ea37281f83,RateMDs,Peer,4,26-02-2023,13-06-2024
219cfc20-d4a4-4c40-b297-24af4ea8f9b8,172fa4df-4ab5-4e11-a9b1-f092613cfdd4,d2836fc4-d3b0-4fa6-b9bc-3759922a9c84,Internal Audit,Internal,3.9,18-12-2021,25-06-2024
609f4975-c0da-4cc6-abd7-41296225958f,f69e85af-f27f-48fa-bfa9-79aee4d2f583,69f54bc9-42df-4e94-b447-c9d588e5efbd,Vitals,Internal,4.1,12-12-2023,02-07-2025
9d66f147-b234-4d37-a017-5fa8af87f564,8f5c822e-97ce-497b-a79a-e8d1b79784ab,61f4f280-3ae7-4fc6-857b-f037827541f5,Internal Audit,Patient,2.2,07-02-2023,03-07-2023
89a8381c-72cf-45c5-a78f-61008f5e00cf,59e8f48e-3232-494a-a83a-8a54e89848a0,7340372c-3c07-4b4b-8a93-dbd8dcfe8a4c,Vitals,Internal,2.4,28-12-2020,03-03-2022
14e3edb6-2960-4b81-a8a6-b959fcddf7d3,d3c9a0bb-bd43-48c2-8201-5cebdc5a0a77,aa53cd52-7b30-4f32-8332-acc22f49a308,Vitals,Peer,3.2,07-12-2021,10-08-2024
ba122640-8df2-48cb-8302-cb6daad217e7,7f721104-5c00-42cd-b919-29b7a0fa510c,5a407b70-3e93-4458-a323-bfb26b32ba75,Healthgrades,Patient,3.7,13-06-2022,10-01-2024
495b76b8-bed5-4bd1-b060-73a7bdf112fd,a9cf5e4d-9003-49e4-8fab-e49c8774002e,bba2136f-cf58-4319-a348-6e3f18f14526,Internal Audit,Patient,4.6,04-07-2023,26-08-2024
77e81eec-a445-4524-b9d8-b59ac640605c,679bd6d1-3fa0-4e27-aa5a-7a43ee986e1f,ab0a266b-0b0c-4ece-803a-bc309d3e679b,Vitals,Patient,4.5,29-07-2020,06-02-2022
9f4e3ff4-b0dd-41f7-9340-831849b8ae16,1b27430e-12e1-48e0-bef5-f48d4ebe346c,f182578d-2e1d-44d8-83ed-0d60d5237750,Internal Audit,Peer,1.9,11-09-2020,10-07-2021
a72d8b47-d54e-4198-9dc1-63fa56366fdf,3107f2b9-4773-4ee1-9d47-ccd182e690d6,d7893270-05b2-4823-bd51-1c9936d53916,RateMDs,Internal,1.6,16-05-2024,30-10-2024
d0c83113-b08a-40a2-8879-db403bd3a356,e251fbd1-eb64-4fd0-965c-b43b9eaddbac,5a01d18f-452d-4e9a-8a4e-31a7a5c7f79a,Internal Audit,Internal,3.2,21-07-2023,02-07-2025
3f5d3632-d675-4713-a232-2ab473c826c1,80629e7c-5888-442f-8c7a-b0df53bfff73,730dfa76-0b72-487d-869c-43c62b00e127,RateMDs,Peer,2.3,16-06-2023,28-11-2024
1eb8742e-5935-4f58-b9d8-75e913c16434,51764151-8ada-409f-8a6c-c3fa90074449,7991c37c-39ab-422a-9324-ef52ac895238,Healthgrades,Patient,3.5,30-09-2020,30-07-2021
eea8bd64-1890-40e1-bbe6-98624aebff41,e3322659-82d6-4a7b-9b50-3176d5c64f15,5e69dc49-d6bc-4580-a7c8-f564b53fe21c,RateMDs,Internal,2.1,24-05-2024,04-10-2024
1d517abc-88a7-44ea-9a91-2aefd61f317f,2eda7e23-97e5-4749-b5fc-4e19340bc706,a990e6db-2359-4492-9da5-b725052613f5,RateMDs,Peer,2.5,07-09-2023,17-08-2024
b93e2739-5653-4135-aedc-8a3a93a8da61,b858ed4f-e1a0-45c5-9a7c-da39ac5ba4f9,7e42c675-b85c-4254-949e-c71541fb037a,Healthgrades,Internal,1,23-05-2023,09-11-2023
fa690736-2f4a-425f-ac01-87c261214a1b,ecc42924-60f6-4adc-9fb2-43703f852795,28a5de83-4899-49bc-8e26-225a84efec62,Healthgrades,Internal,2.7,13-07-2020,02-11-2020
b3227554-c5bb-41b6-9b41-d6d942bc5ce7,18aec44a-80be-4885-9c10-2108f64dde91,7c5239e2-c546-4153-95d4-b84a8998af62,Healthgrades,Patient,3.2,18-04-2023,24-03-2024
33ba0e5c-f2e0-4bda-a152-5c5c6bc90454,04e7fb12-d950-4aef-834d-204f1a5b2e46,435811e0-6489-4829-aae9-711a8a22eec1,Internal Audit,Peer,1.7,30-06-2021,29-12-2022
ce9c49f6-f30f-4b36-82d6-acf9af47e9c8,bae1e11d-50d3-4f39-9ce8-42306e023e48,d7c83c99-9922-4874-9a5a-c53da038cc14,RateMDs,Patient,2.1,12-06-2024,13-07-2024
14b59a68-d77e-48c8-bdf1-85302e37e9b6,303baa56-150a-4d8c-95c4-cd24447a0b77,03910c42-2c2f-4e42-bd82-7b11de837500,Healthgrades,Peer,1.5,22-10-2021,10-04-2024
15be737b-7003-45df-975f-863064035b93,2e09210b-88f7-4c4b-8468-8a1de611907e,65bd1e35-dfb3-4e30-9c28-ce2d8f5b8432,Internal Audit,Internal,2.2,31-05-2021,08-08-2021
5d2c8f21-9b25-458b-898b-5d7cbb7548a5,5ef4281a-019a-454d-b045-415a55f8ac0f,2fc82b05-defc-4f39-a28e-d1fcdb2d911b,Vitals,Peer,4.5,11-12-2021,23-09-2022
478534a7-ef6b-4bbe-a807-bf1ba350272c,366cf19b-acd7-4840-b58e-cb0d48dd26d4,b93491fb-a0bd-4682-8cc6-f8cd1e1b35aa,Vitals,Internal,2.8,27-08-2020,09-03-2023
0390bc8a-aafd-48c0-abe9-c4f1c7e76aba,be1f8b8f-e39e-4672-bb86-88c9b511ceb9,40190fdc-429a-49d1-bf8f-f0ba48adf27d,Vitals,Patient,3.8,24-11-2020,18-09-2022
7219d7cd-c4e0-4dcd-b302-495d5746b945,2b342600-f375-40cf-a033-eecfa2bccec7,6839cdd2-56ed-4bc8-bf1f-f7b67aba03e2,Internal Audit,Internal,1.4,07-05-2021,20-10-2022
fd10f71d-5e1d-4f39-a315-302f3caafbb2,e654ded6-e411-465f-aed8-861a8c313c49,56e7ca3b-c6b0-4505-9ee1-fb27532b1636,Vitals,Peer,4,08-01-2022,17-05-2023
48c0a554-4b0b-49e0-aed8-0046031147da,ff1caf99-5456-46c1-bd4b-8c3d1d7caaeb,21b9cc6d-1014-4494-853d-948362cf9d2d,Healthgrades,Peer,3.3,18-05-2024,08-07-2024
dcd23b45-bd4e-4a59-bd9f-a53db2f29d42,4a9d107a-704c-4248-8ad7-f2cc4e9134db,fd066b0a-d1fd-47fa-b717-e48b15814dca,Healthgrades,Patient,4.6,09-07-2023,16-11-2023
d825a06c-1f67-48b8-91d9-c3a54e50555a,117108b3-3f5b-4889-8f19-9f5ccd76b768,4bfe533c-b57a-4e15-bfc5-58a329c557dc,Internal Audit,Patient,2.2,03-10-2021,23-08-2022
614c8d45-b6f5-4f26-96ae-bdf5d10ff084,a646862b-4b08-4422-9014-7798b3e0be68,f3104bac-2b75-4fb8-91bf-1d2ba9a6baa2,Internal Audit,Patient,3.1,17-05-2021,05-10-2021
3391537f-6df4-4163-b6a3-5799e6a6ff55,991a1253-0997-487a-a49d-13a09c295ebb,8077355d-787f-4804-9aff-a61368287506,Vitals,Patient,2.6,16-01-2024,02-07-2025
1d3d18b6-6d69-427b-aa5d-9c51d84ca5e5,38edd323-57d5-4a0b-ad1c-b796f2df151a,e1a489b7-8609-4b3f-9cc6-489cf4ed44e7,Internal Audit,Peer,2.7,30-03-2022,01-09-2022
99bcddd5-5b7c-4386-ac1b-54d861305bf1,00d31c07-7208-4406-8c44-029935e2593e,b1c358dc-d424-4cb5-a9f4-ab87e121bc91,RateMDs,Patient,1.6,14-01-2023,13-07-2024