LanguageRecordID,ProviderID,LocationID,ProviderLanguageID,ProviderLanguage,ProviderLanguageStartDate,ProviderLanguageEndDate
022c8b02-04ce-4751-899e-acdd5559ff80,9cce144a-a1e2-4d09-b5c5-6af3c93c2ef3,167bb7b0-e9ee-492e-ada1-7d60fab3ba3d,42b3201c-d4b4-4afe-b3d8-285f5b5d5252,"{Korean,Arabic,Portuguese}",17-11-2017,
10ebbba0-6451-4f26-893e-667c34b8bb5d,6de87d10-a676-40a6-8f74-fe5f86a68327,33b0430e-9bc8-43c8-907f-611829906882,9c94377a-aeee-4568-8006-6f8674e1320a,"{English,Hindi}",17-03-2016,09-03-2023
83e389ea-b870-4bd9-85b0-4442559b382a,b1f9f8b9-d074-4bde-9de1-56ee5f807ded,65505164-f173-4215-9e54-b82ebe8f18c9,81f76218-8be7-42c6-8e29-b2f0c1bb931e,"{Arabic,Russian}",31-01-2019,21-06-2024
5203dafe-1f5b-411e-9dc1-f00134481a58,22f83106-4e2d-4c64-8d94-af4b260aaa4f,49c2ed3d-004f-4ad8-a8b9-6af723074b57,f6624db3-1e05-4d4b-8762-72b4fe632383,{Portuguese},03-09-2021,
144862f2-80c7-463d-bd39-aab12e397a33,70e78c27-6acc-4f4e-b68e-d6a19e4df317,153f4678-0591-471f-b758-48e139d0da4b,f4786df1-b02f-4ddd-8089-3dd570646f26,"{Arabic,Portuguese}",22-04-2020,
9f62e3d1-1c04-4109-b1d4-5fbc6125a41c,ec794cf5-db73-495c-b537-9f04a4838730,08a39d51-7bfc-4724-94fc-c457ea6efe58,eb4a6fda-8cf4-4874-bb08-6ddbe70376c8,{German},13-03-2018,
ba692873-6bed-4116-aa19-503faeca6b7b,0771df48-3857-48af-8640-516b3af6ef00,6783c1e6-d00b-4d42-9c97-66721404f85c,d89efd27-0888-4e90-8175-5fabf4088719,{English},26-01-2017,
639ec4fc-cd92-4f12-996f-94f3161282f3,8b56088e-3c02-429e-b522-586325be2907,0457e113-2c74-46f7-9175-783d31226064,69cfea2b-74a3-4227-a03a-84df32482534,{Chinese},09-05-2016,
41d7040f-fddb-4748-a1e3-c02aad150ab6,0d3f7937-cc5a-4d6f-83b9-4e07cdc35479,3d2c241b-4abb-4808-9f70-93079132771f,6e4ae0b8-c9b5-4028-b1a1-47c9ab153642,"{French,Vietnamese,Russian}",26-03-2018,
a6777967-44e4-4fa2-9f0e-80a4b7db4204,d075e02a-594b-4d20-ad16-fb60423c3498,0192e1e2-3b90-4773-955b-9f3f5b2af722,d2f0c029-35d6-4668-94c6-dc044d60ac88,"{Portuguese,Persian (Farsi),Hindi}",10-09-2022,
7c0a9e3d-946a-4a08-a3a7-6e724cf67392,405cb933-321d-435a-92cf-3d95f160f3dc,48eddcb0-04c4-4e46-89d0-60cdc9569b6e,2ad91f02-f11a-488e-8bd9-72e396b19082,"{Tagalog,Russian,German}",06-04-2016,
7a8e8788-b553-4ac1-b080-e7a084a97664,40993c5a-fcc2-4818-a7be-96b4b22239ec,5cbd6fe5-5f2f-464c-a1ee-31198f0918df,f44ae714-79cd-47c7-91be-e6aa30422c6c,"{Arabic,Portuguese}",30-06-2021,
487676dd-e09f-455d-a75f-9750ac82ca62,b51b3ebc-1c24-4efd-8020-60b6f42fdf8d,8688fe2d-1cc0-4e45-8dbb-20f37e776bcd,3e4da25b-c16c-4614-b0dd-0425127c2995,"{English,Arabic,Portuguese}",14-03-2019,
bad05f3c-53ac-4278-9011-25c3be540c5e,df0d3f76-78c9-453f-b23a-d61d895a7b8a,af40cc44-3651-44a4-9e17-a4da971b677a,8064c619-54f9-46b3-b7c7-cb5f57c9bfc8,{Japanese},22-11-2018,
f9f1fb72-9439-4c92-8734-bf470dd1eb1c,85473c77-2574-44b8-b979-114e5107f22a,9234d60c-4b9e-4a23-9921-9210663a721b,3349cc71-5420-479a-b415-a439018afa12,"{Chinese,Tagalog}",24-02-2017,
2b5e140c-7b4f-46d4-9e40-2775b727979a,f5aa8ddf-9655-43aa-ab30-e0172eea0828,f55f3214-e4f8-4cbb-9b0d-be8a904f48ef,8d98b2b8-0045-4418-8966-f1b50872018c,"{French,Polish,Arabic}",13-02-2017,20-11-2019
c6e2ccf1-bc82-4bc7-a1d8-04401063ca05,ecf652f9-46ca-497a-88e5-a2042b76f9a2,def4105b-d653-4084-bce8-b7501ae454e5,62ccfc07-0c50-47fe-8651-f2faeb38b27b,"{English,Korean,Portuguese}",27-11-2021,
896988d9-0caa-4471-828c-e0ba0bb69446,58eab510-fcba-4b11-8292-ff57f85b240b,b66c4d5b-896e-498d-adb8-8e4e4037d848,163cdd24-25d0-44e2-8076-fdd7141489f4,{Russian},29-03-2024,
a68e6e9a-d286-4ae1-8760-2833e5bd5fde,03d8303d-b678-4220-a8d7-f0d3863e9fe0,b1fa416e-358c-4b34-800c-af86a793c255,03cb1bf6-e737-462c-a89a-350401b3acad,"{Russian,Polish}",09-08-2018,17-01-2023
f67ca661-3fca-43c3-9c65-1caeeeb6c995,80069fb2-8c38-42a5-8488-01f7b93bd013,c304b82b-74e9-4b9d-8857-42bdb1086c39,33e74435-96ae-404c-bf19-77bc6762d5c0,{Russian},20-10-2017,05-07-2022
05b76aca-4ef6-4af6-ac19-a6cb04a3ee17,405e62cc-620e-482c-a26b-470e25687be3,fbbc1ada-f039-4851-ac93-1fea2784c1a7,5cbe54c7-c71a-47d6-b7d3-cc33c8a840b1,"{Portuguese,Hindi,English}",12-05-2019,
d080b803-c7bd-4635-8566-ea97efdb318e,3bdec61b-b1d7-4f6d-bc5f-8a873bb6eced,00a3a076-4c1f-4632-adf4-05cc848ba6f5,52ee196e-e7fd-49fc-8392-948b450383ac,"{English,Chinese}",01-12-2016,
9598f6d2-9310-4609-a24d-bc969acf2e43,aebb84d3-5c79-4921-ae0a-4e6dd3fae96d,3807b911-c3ba-4967-b44d-d34eb3138ee9,4e3ded22-a042-436b-b09b-f9a51848f008,"{German,Persian (Farsi),Korean}",10-01-2017,16-01-2023
19cce8d7-a7b3-4676-af42-df63ecfcbd4b,c4fe0c44-1ce7-431f-830b-0ffd5ef44067,3ea30048-3727-4d14-9550-3e9fa84206c4,54737e0b-0836-41f1-9a0a-53d2a6306a76,"{Hindi,Polish}",10-10-2017,
60f1185c-6cb2-44aa-a547-23cd23ae72b9,3a74387c-cade-4433-8bd3-157412b302a8,bfc4fe60-9d28-4a38-8092-15da3eca12ef,dae285ee-82bd-48d0-bb8e-2abde825df02,"{French,Vietnamese}",04-09-2020,28-07-2021
fdcdf5c3-136b-4253-bc2f-b77a2b691eea,e46571fe-07e4-45a6-893d-f07cd9dd9117,4d16a1c8-9a63-47d3-bbc7-dcda4ecd046e,78793e89-cb21-41af-b0aa-e4f05d9964f4,{Japanese},13-08-2016,
6b72f487-8c93-43e5-820d-e765ac671744,7ef37887-1877-4be9-86f2-c6fceca52d5a,9a89e8cc-7dd5-4c5e-a5e8-29a3a94a1455,a315678c-1a37-44a9-a0c4-b76243d8f91b,{Persian (Farsi)},23-12-2020,
bdeb3e50-6713-4519-8f50-a12324377e4c,58983713-d051-4e41-98b9-1ad68d3d9522,2dab5fe3-4182-4a0f-a426-40d788fd9afb,d8e8ab12-99d5-47ad-94d2-f6b5f4670391,{French},14-06-2025,
ce1bc659-0261-43e4-8f87-0d155b7fd72a,a5bab3fc-694f-4dc5-85b1-05a5ad78a7af,2591d843-08eb-4e55-9dbf-daa5d4b2941f,885a700b-a131-4636-916c-ef6605f706a9,"{Hindi,Tagalog,Arabic}",06-02-2022,
04b5b71e-a153-48de-b4b0-206ef0e804bd,2d8659ca-c760-4839-8ddd-4f7e25de2bc7,966f2560-1a3c-4c79-b198-b59516aeeb9a,880cc59b-1fed-4516-8b72-26264726f560,"{Russian,Arabic}",29-03-2023,
121d1628-ed1d-4dbd-a39a-c7b2cff542f2,58c398f7-0812-4e97-8a0b-bcfe1b5dbf21,15d3173a-8bc6-4fe2-92b9-817021f48ea6,1b2faf81-d77e-4928-99ff-c5c59bd59644,"{French,English}",05-04-2019,31-08-2020
09e8d85e-6e9e-43f3-a688-e3332c7e366c,520bc35d-cdd1-4007-b1af-7bd374e41250,b5ac4f95-9e5d-4b1b-a65b-69364db10412,912c9da8-243b-41e3-9f66-2b9d14f2ef7d,"{Arabic,Portuguese}",23-07-2018,
93d615cf-68d5-40d6-b30a-be499f55cc50,61003682-6150-4367-9417-7b2cfdfbe9b8,fc04390d-51d0-47f0-88b6-28a440c1d841,f1614a34-733e-4b0c-9d69-a28f16e20a29,"{Spanish,Polish,Russian}",08-02-2023,
73681bff-ebe1-49b4-81b9-9430c5d2ce2b,796228d5-1e00-4e63-b294-a519bed89701,204dfcad-ae40-44c6-8d88-0ebea039432e,cda5fb1f-c531-421d-9ef8-8a64100ed7b9,"{Japanese,French,Arabic}",15-09-2018,27-12-2023
212cfff5-e3ea-4d4c-875e-ff207fc6cd65,62451773-ac86-4ce6-a61d-3ace3ba77955,d83f1ebf-a719-487a-9a28-2a5b2a1d0211,869c23f1-e930-4de2-9dd2-85bfd4b3b460,"{Tagalog,Spanish,Persian (Farsi)}",18-09-2018,
9845d512-5669-4add-b69d-cb5548b5882c,92f56086-f0c7-4792-b7ea-925d2657d2f6,696ad0bb-311e-4a8e-8a7f-a9c60e873192,801ae542-206d-4cb2-85de-fdd78d2a5ece,"{Vietnamese,Korean}",19-01-2022,
bbe08864-1dc4-4c9f-8c16-b3ac88c8b164,4cd5d6ac-e0ca-4945-a5e9-f2e3105bffa9,2693c7ae-628a-41c9-ae89-967f2de9cd1d,d571150c-fa26-4b88-8b53-997c67002211,{Persian (Farsi)},16-07-2020,
71130ea7-e679-49dc-9b14-ac33d91fffe0,dd813dc4-1366-4aa3-ae19-8499e145c826,a18c5b05-f970-413d-9b7e-5cb27f3ca5b4,83706927-e9b3-4c27-981b-7c0f28b32a9c,{Persian (Farsi)},19-02-2019,26-09-2023
a4040cfd-7f98-4249-87fb-757cee5ff8ce,6a111c9f-f2c2-4e07-be66-8c8cad8ea67c,ec452d60-ff9e-4a8a-8738-9d4c2b19fef6,326dcdd3-535d-42d8-8916-f7ec3e0f3a70,{Persian (Farsi)},30-12-2021,13-08-2024
296ca882-c367-4912-a4c4-a9b5f8f5b8fa,f5cf9a2c-f1ed-435f-97da-8d9713e2293b,7a41299b-6f93-40cb-b0e8-9bc7b1f6ea2e,5a0c1b13-a7b1-4b78-926b-7ba1beb36b1a,"{Russian,Spanish}",15-01-2018,19-08-2024
36b1f16b-5e45-461d-84a0-1ab76b70e16e,b0956c5b-d918-4445-94fa-3890e7f4aeac,98defdda-5ab8-4ae9-886d-069f6d4f929a,518a9d2e-2ac0-4879-b1db-31426eba04b9,{Portuguese},24-09-2019,
5cce6a97-49d8-431b-a689-017047734fe4,5effb935-5090-4af6-a276-6f49028efa7f,105f4c9f-42a7-4ca8-b64a-8d7f52f54d1c,a311888a-2ec4-4d85-8d4c-85ed39a1afa8,{Japanese},22-02-2016,10-05-2024
42650af9-7bc7-487c-a867-424a83805896,afbb8da0-1ad9-4e9b-8eb4-59c02959cc3f,c247e3fc-38d9-4aed-bcee-a3ae3a8caabf,3d11109d-b7e0-4f8b-8d44-3d75a7e970ac,"{Chinese,Vietnamese}",29-09-2024,05-05-2025
8a3ad51b-4e1d-42a5-83af-062705ae9266,88229580-f7e9-4e95-8add-135709284134,49af8cfa-d686-4fe4-82b3-48a4af5d6b90,26fa4fcc-2a3c-412c-a3fa-e308552c9824,"{Persian (Farsi),Portuguese,Tagalog}",11-01-2025,
aa345632-80c6-48ee-b318-9244671c0047,b3ce6a89-ee48-4fd0-b4e5-a897d7fe4544,6b7e4b96-2249-4df3-9dfd-fbb81e006b96,3fb0f582-9bee-4435-b078-115fd2cef8d7,{German},05-03-2020,
13df78e6-1095-4c01-8ba5-68d3cd9fa3f1,63e6f90b-6c5e-4228-83b8-c77f9db76e8c,90cee8d0-f2fb-41c4-96ab-a1e2dc16f698,c5580baa-5fe5-4a05-85c6-1073b5128559,"{Arabic,Korean}",01-12-2022,
4d57fac2-c6eb-4c7c-adc4-08bed801c404,b4ed3446-cb1e-472c-91a8-1749ec3b4891,4b096c47-b392-488b-8355-9e3b1e019cd6,c640fc6a-6fc2-4909-a7a8-24850d914020,{Tagalog},27-04-2020,
63441b5e-ae2e-47ef-8c08-d45a7c3b4506,f30d824a-7137-4ceb-8e9e-db40ab2f349d,bd2fedeb-c27d-4171-b261-1c6ca3099552,c143b4c2-10cb-45ac-aeac-e197369d04e5,{Persian (Farsi)},24-05-2020,
21f899f2-0252-4c99-b3c8-fd1a0d1400b2,fa4a3ba4-8f7c-4178-b69d-eb516023717d,b176017a-b85b-48e6-ab8e-759e98d02f96,169077d7-b75f-43c8-ae1a-bc448971ef2a,"{Hindi,German,Arabic}",27-06-2025,
64b361b1-6180-4284-b426-02353ea2bdca,d2e1594a-3439-498b-8160-5e22c0316398,2e29bed1-12ae-40b3-9e31-4309bba0b087,0a3e1b94-3a1c-497e-9d54-eb219ffcc88c,"{Japanese,Persian (Farsi)}",15-08-2016,
886b9dc4-c653-434e-8da2-a4512bef7dcc,be65a248-e6b2-4e58-b809-3c57948d5a80,965d202e-3517-4405-825e-88d6ef2b9bb0,49fb3e82-713b-446c-be72-57fb5aa49fb8,"{Korean,Japanese,Portuguese}",22-08-2023,
27842c6a-81fa-43a2-acd6-1ed1fd0f77e2,36837759-3a72-46ef-a614-4dfa96ca523c,70d65e62-bfe4-44d9-80c7-886bef2c94fb,6d1aefce-1fd2-42b6-bf41-9cef4abb6d52,"{Portuguese,German,Polish}",09-01-2016,
27af4239-1df9-47ea-a913-e1a8d00fc324,7ced3223-39e9-4665-846d-a318da87ab19,b467db78-2e95-4788-8804-54179511d36b,63877a10-18c7-4c3c-a9fe-b8a56c039c6a,"{Vietnamese,Chinese,French}",29-09-2021,
1266e1b3-5033-4e70-aa2b-eddebfd34cce,38407f8a-0d16-42f1-8a34-4c29cf9de508,63f85b30-5715-4383-a781-091cb7740f3d,aec898ad-73fc-451d-ad98-d12b83dfff89,"{Portuguese,Chinese,French}",24-05-2020,
d0b4e9f2-bc73-438f-964b-017c052f648d,37c27e78-fad2-428b-864e-0018499a4697,829a56ca-0f44-4846-93f0-58b48b4bd733,44682cdf-f691-47f3-8126-c75417301b46,{Russian},25-07-2021,
fd853638-a511-4573-9335-49c0f770e319,ebb44c98-2f95-4fe7-8b6a-f91face14769,7607a0a9-34fe-4eaf-b8ac-2cf02b191c40,6a823ed9-1b31-46f7-8043-586ff796fc40,{Tagalog},14-11-2016,
5a9b9b95-e233-4005-867b-78d49236a0a6,011d7b5d-c89c-4fde-9c5d-fc1bf1ea87b9,e2e9c9e4-5d55-41ad-a5bb-8537947ef4c5,2dc26ffe-adc8-463c-8364-df4a8be1ecec,"{Vietnamese,Polish,Russian}",27-12-2020,
041efcc3-9bbe-4f0d-94bb-05cf90d44453,e2899908-098d-452a-94be-6e2f38caa0bc,981db551-a04a-498e-ad36-990ce5440e84,3453ee92-f0b4-4fef-b243-98338598247b,"{Polish,Spanish,Arabic}",26-08-2018,02-05-2024
550e21b0-e592-460f-bbc5-85c4c5508b0d,4aa85d29-41e8-47ea-97eb-71600e185ee5,a48f5ca2-3f5d-4903-a3b6-b227ce49bf7c,01c92a93-167a-4e39-9578-cd4db3728048,"{Tagalog,Persian (Farsi)}",19-02-2023,
3ee185e0-44b5-460e-b4c2-290b924043dd,14b842b1-8da0-407b-aa05-bcc4a1bc9d72,6124dbea-e6f6-4bff-a743-71ee43d6e38f,39739f47-e8b4-40e7-81f8-545542d560af,{Portuguese},15-01-2019,
43e7c84a-c335-4b91-82f2-57d3d467abef,7554c3ea-f22e-434b-8017-72f8ee6b8e23,5ba7eb64-9cbf-4274-9cd8-65e70e99655a,39a88cfa-c7f5-4ad9-8e0b-99728f75b983,{German},21-11-2016,
535a2ba2-1b68-47b3-8017-f3051236260d,a5df2d84-41bf-4028-8a8c-c8d45e266b6a,f94e1582-c49e-48c7-9bad-afd2b7e9c934,9b0b0332-3bad-41b4-b6bf-9b9a0932dd26,{Chinese},12-08-2017,
f9d8a428-fa27-4bb7-bc3a-10a01a638b26,34a96adf-668c-4569-a77f-8e1ca34dab28,8775831d-8978-42c1-bf1e-f680cbb12109,f503396f-6a27-4f23-b781-d6908ff6d194,{Persian (Farsi)},19-05-2016,
69c4cb94-e075-4e50-bf1f-aa80e5492e47,54103731-fb3d-4b97-b839-596c2f0c25a9,2645d3fc-c418-4bbc-9eff-8a2ec21f8f29,8fb6432f-4383-47e5-89ae-c6613a6566c3,{Vietnamese},30-04-2018,
79737d00-92c8-4632-a5f5-aefa8da6dfe5,5936c7c4-9c23-4a2e-8c91-32234e59f6b6,82a3ef85-2938-4927-bddb-4de1fa4708a1,794effd3-37d0-4c0c-a8b1-312ef6667dcf,"{Spanish,French,Portuguese}",15-10-2019,
0eb58a3a-5743-448b-a0b7-648b86ea576f,3a94d889-00fa-476d-b70c-20047cfd251f,8d2fe18f-ef17-4c24-a126-5703a1422db9,49b3ee83-d94d-491e-aa76-b18821578e37,"{Persian (Farsi),Hindi}",04-03-2017,
86d0067b-e00f-4e34-b3c1-df7e9f595a94,aa979b99-077d-4dda-afaf-01c76d36a4cd,88e19fcb-fa2a-48b2-871a-07f4dad3a79a,1b7f1388-120f-4d00-93b5-d032fa3a40c0,"{Vietnamese,Spanish,Tagalog}",02-12-2019,26-03-2023
278d2e97-ebf0-48d1-924f-a4899bd44fb7,f4c2883a-a780-4540-9081-bb613d5f3016,7fcb0e7a-4e0a-4a34-9086-db5f390b7f86,48cb8666-b6bd-405a-9575-b594a1c80b62,{Spanish},29-11-2023,
451b4951-f8e7-40ed-a37b-cffe1e40d22a,f1a69259-1d65-4c0c-ae58-9422a6091ae7,21b18c1f-3c74-49ae-bda8-c32ffde8ca98,d0b13cf4-a475-4836-b1b4-b704d8940a64,{German},30-03-2019,
51883981-1231-4126-b574-aea678e292cd,d36a0892-ba61-40d3-a3cf-912ecb58ed55,a2e8b4f0-eda7-4cca-9b45-692490fc4b69,6233d86c-f91b-4a1f-bf05-adaa874da9af,"{Arabic,English}",10-11-2017,
032f6fcb-2eaa-41eb-8de2-c17c569960cd,0198128f-da8c-4281-a7b9-a722de37368d,0d4a6f4e-d792-446e-a156-bba05ab1dbce,54a9e0bc-e27f-42ab-a9a6-e1aa3d6ef8ce,"{Russian,Arabic}",07-03-2021,
8bed2f3f-6c2b-40fe-9e91-66a06acce510,b5e0b7d5-751f-48f8-9d44-ab68d80a338b,9d8b0340-5cc8-4c2c-9dfd-a0de16ca0864,918c61ac-5607-4dbd-bc0c-936cf008152c,"{Tagalog,Vietnamese,Hindi}",28-10-2019,
de46f8cb-cad0-451e-b193-b3baeed86d21,d03275de-9296-442e-8b34-34d3bb5ddc7d,792b0782-ae6a-4e32-9b14-30089fd3491b,a4d8da13-3a1e-4a5e-93c7-38e3ac624be0,"{Korean,German}",14-03-2020,
f42cdccf-0bee-4f99-aef1-586f2acb4deb,2a25c33b-675b-43f1-a48c-6362037563fd,776f59f0-c045-4e47-b237-fcba42a3659f,2312f715-bdae-4780-89f4-bfaefd105ee8,"{Portuguese,French,Arabic}",06-09-2022,
5ba704ba-77eb-44fe-b58a-0e2673b53818,364ead85-392c-4378-94d9-c1f1964b4aff,7642cba3-b531-432b-bec3-3ceb640656b0,4d1a9336-2127-48b4-a0c8-4ed4a808d9eb,"{Polish,Chinese}",04-11-2016,
3a51c473-148e-4bbf-bdea-a3982e57c59d,3de6cced-f8b0-45ac-b037-9260238186c0,764e6ec7-e470-47e3-9c11-04091b257632,b3cd01ab-47e4-401e-8d98-5afeec7bab59,"{Korean,German,Polish}",03-04-2019,
fc8793c1-1c8c-446d-a50d-727ea0d8d616,e30a1cf7-f0ca-44a5-bb4b-ef60a3a87d6d,be0b435b-1835-4ccd-aa18-a7957ec739cf,7a0e8d62-979b-4bc3-a871-58c28b38b658,"{Korean,English,Vietnamese}",24-04-2018,
5d73b468-7b26-492c-b560-75dd9680324b,dc07e21c-7de9-4473-b863-0e76bdb4aad3,fcd48c70-9248-4de2-b19d-b6f8d94d3706,321a7bc9-b462-49df-b318-1dea53c2b40b,{Vietnamese},13-11-2023,19-10-2024
7eda9fa2-bccf-4876-8104-705cdb68d90c,63c1158c-6dd8-43b6-afa3-eeca8312126f,4e3a4ab0-b1ae-4c71-8096-0c23a80d69a3,c08566e5-c04f-4031-83d5-f0c671f7428c,{Hindi},13-12-2015,10-03-2024
d312542d-88e6-4ebd-8196-d585d93591bd,78d36cbe-4fd6-4af6-911d-a62ff72dfdad,d94f3de4-2430-4ee3-81f8-3b0988159322,ba8da934-3e6c-4395-8418-f5062162dae5,{Arabic},14-11-2016,
9d21dacc-8df4-4b28-98bb-63b6c8d2a7e6,905ea4e8-7d2b-49b9-8d76-2be6b9cf710e,a43285f5-c2ef-4d99-9b81-25fe7da63139,57ec90ed-1ad5-4c14-93e9-5b77202649de,{Portuguese},12-03-2021,
66c43b1a-2b3b-4bc7-a2ff-af71e66ae475,0e646161-1d19-4b8b-bbdd-dbc4af838eca,8c12465f-8ca6-462c-8cde-30ad1e704cc5,9171d619-f4a0-447f-a4c6-bee8172808c2,"{Polish,French,Vietnamese}",07-06-2019,
e17b0de9-2dc1-48ee-86b9-aa1ebea7f7d9,b4441ba7-e9ea-4e4b-9ed1-d62f172bb394,220b8e10-54e1-4cd7-be74-ad6599d7d0df,ec1f8570-dc3e-4843-a016-0ce973912351,{Japanese},23-04-2025,
2a534feb-517f-4fa5-b763-5857c696e831,211885d8-efbf-47dd-8da8-b682ee071ad3,a16f3d8d-f302-4d68-beb4-40ee69e0029d,51f46d90-d56d-43b7-8bcb-2e4ff9a79d89,{Spanish},27-12-2016,
b99397a5-74c8-478d-a149-5d4b9769157b,03b397ee-fd91-43b9-8d18-6695a04b1613,7c18c89a-a3f6-4cf4-bf84-b44e1a398711,01e9300c-998a-4940-99de-c383937dd4a4,{Spanish},02-12-2023,
2c869ccd-5045-44a1-aaa9-aa820b10f421,908f31ad-4c5b-4dfb-9fef-f6a0f910eed6,2a168efa-e582-4e4b-a996-a53bb093f11b,50f25d14-220f-4b4d-aec8-4261aa5ed3de,"{German,Persian (Farsi)}",22-09-2024,
f84810b2-4d90-4518-89d1-68ba78ec7242,9e4747eb-f566-4438-a7b3-670421d7b6d5,ef8d52a5-6390-49aa-8e74-aa479484ee45,64cd4c74-dedb-46a2-ac50-3ff60ba79a5e,{French},15-12-2017,01-02-2022
cb47e7d7-46b8-4767-bf1b-2b5007fac733,ac657077-fc1d-4a72-b8d5-8d79549263f3,58b14eaa-b10b-4190-827b-ed1e55069c99,ad732a48-f53d-4e15-a2ec-be87b54eafb9,"{Tagalog,Hindi,French}",13-02-2017,
e65b830d-ced5-4ea5-bda0-43d38e9d65b1,dbb54508-b49b-48cd-8906-cb874f6b89d3,20d8466e-6928-4dbf-879d-2ea869e0204a,6e65dcf2-f2ef-409f-b429-b6b739d6c1cf,"{Hindi,Tagalog,Portuguese}",26-12-2015,
f6f85b03-1218-4ac9-bc6e-f21b1b8d68af,ae064b1b-ad19-45a8-81c3-6219ed180155,603d0df3-fefe-464c-90d8-2f12c1b09ea0,733a82f6-672a-4dec-9d5e-2a72aa2590dd,{Korean},17-09-2022,
ecb212e2-e222-4a2a-9593-7c2d902cdb30,88291d97-d60a-4df3-9209-97dad08b3602,2aa7ad8f-1a36-40e7-9ecc-09c8267bccbf,14226d87-ef60-48fe-9c8b-7337dc09af54,"{French,Portuguese,Tagalog}",31-03-2023,
1597ea94-a63a-468f-a599-588d9fd2c83e,88d14c74-d30c-4ef3-a625-23c9b3642dca,6a364096-23d8-4033-8f26-4684e37298fc,6be836c8-4242-41cd-8946-7850b7bf1c0a,"{Chinese,Polish,Vietnamese}",02-10-2023,
6db2c46e-6924-4ba3-b171-4a48b0581612,25f55abe-a3b8-487c-b7cc-fbd5eb4c687d,6b7024a5-c72e-4f1d-9cff-782f17d24cef,714e5b8e-d7a5-4340-802e-af1e461350d8,"{Vietnamese,Russian}",30-01-2019,
7688df8e-2105-497d-aa7b-fc8ebd65fb4c,75c540a0-fce9-48ec-b643-8e2559f41856,9e1eb637-4611-4c37-8ff7-7c7db2e665d2,977c5050-a1a3-48f7-bffb-2a43013c869e,"{Chinese,Persian (Farsi)}",03-11-2020,
2dd52e31-5dca-4173-811a-63734ea6594b,aeb5a877-8528-45f7-9bac-5fdf946c5287,de1c7b38-a097-456c-bce1-d89ab4c2bccf,5ed7e56d-3402-4c78-bcad-a6fbf572e81c,"{Japanese,Persian (Farsi),Vietnamese}",26-12-2016,
9f30f436-474e-4077-862f-cc9a673f263b,36e2ba78-7315-44d8-ad08-1d8bd07c2651,5f138333-255e-48df-8ab4-7fd873f11aaf,42e4b98c-dd96-4fe5-8247-3a996e09a2a5,{German},02-06-2017,
1bb719ee-01d3-47d6-b6ad-30e8d8d4c1f0,a765f1c7-685a-4e39-855f-4d8d54f15743,dfeb2a50-c66f-48b1-ba88-830cfa161db3,50239d40-4f7b-4544-8d69-ee9e507028ce,"{Portuguese,Persian (Farsi),Japanese}",02-11-2015,
05d4ed1c-fd3e-42eb-8f45-3cba93005e4c,00915b1b-872e-4c84-ab53-c9c8b55e56fc,965bed60-db0b-4770-84f6-4ed4d19937e4,3aba0422-62ae-4be7-a30a-02b09f7be032,{Russian},24-11-2017,
dbdc04aa-8231-499b-aa5e-bb975043de42,8add2a87-3e58-403d-bc79-5d420706eae3,fad07baf-6bf1-4a05-86f2-3d855f57a5f3,36a24e2b-a416-4858-831c-b6ad603c65b8,"{Russian,Portuguese,Korean}",03-04-2018,17-06-2021
56284969-766e-4826-8d5c-53144d2eda0f,a787b00a-b16e-47c4-b230-021c14a8798d,8a206486-8ae2-418b-8131-c4162ba47481,89dfbf0f-ac24-4b81-b821-538820d84267,"{English,Hindi}",16-10-2021,
7f24ed4f-201d-48e3-9af7-fdf2657503da,06c47b90-9199-4c12-b950-42378d999569,6986c0c9-9843-4b4f-9e38-8f84f9e48ac9,18645991-7d8a-4230-a1d4-667feda1470c,"{Vietnamese,Polish}",05-01-2018,
59e0b711-4ba4-487e-a23f-a80498d24e10,f735cde1-2274-4383-ae07-1d3f14e2688f,908bbde4-f48b-4b18-b1c2-e036e3a84068,485b657c-a25f-48df-a039-9cc2bff6e333,"{Vietnamese,German,Hindi}",07-08-2015,
957e693b-1e2c-4b79-8f8d-a7c6902e6a83,843176e2-d4fd-4b38-8421-347ab2aad1eb,6b7acceb-f8f8-45a3-a556-5ce3369e33d9,946dd356-c0a5-4d29-96cb-2df418b67893,"{Russian,Japanese}",22-08-2018,
dab6b81e-754f-4cee-87dd-0a5c7015d583,e31ce2ff-0f5d-4867-90b6-31a8da28a520,fe805553-8d21-46a4-84a7-c58b9ef81f1f,ad8b53ef-a3ea-4d62-a245-44bca33144cb,{Polish},08-01-2023,05-06-2024
957176d1-738d-49c1-a15b-c2db53b866a6,f73834b4-df51-4ba9-933c-a82e30697b6a,aabb1c33-d9f9-4829-85fd-de9293d7d743,eff8012b-5fec-4c17-9f8c-ebe6c27442bd,"{Vietnamese,Russian,Persian (Farsi)}",28-04-2025,
15d4e0be-2e89-42c3-ba6c-d60dfc571063,d7123480-1a5f-4044-83d8-dc238444c0d5,ee8237c1-8428-4bae-b690-c2d6223deee1,d139b7a7-c298-45e3-993d-eb16ae10904f,"{German,Tagalog}",21-01-2025,06-02-2025
6710b0af-4693-4677-b758-9d2b4d6ff4c2,80e91034-db71-4e54-89c5-864d5ba77248,ed74219b-85ae-40c7-9ea3-1bbda875b397,f911b27d-9429-443c-9b18-192d6709099f,"{Portuguese,Hindi,Chinese}",26-12-2022,16-01-2025
28fb4fcc-2d10-4ec5-b42e-a021569c6299,21fd72a2-b3be-4cb6-af70-441a4364674a,527ad230-20fe-4d79-9751-4b5ab4ea681c,83de5432-c641-48b4-a82a-4f203542489a,{Korean},29-12-2021,30-11-2022
01ba3453-c60d-46cd-aff6-4a51b1948370,e4ccc1b3-e26f-4e22-9724-fb8bb96701d3,082c6f6f-3dd0-4c02-8566-74dc13ddb64d,eb91e17f-59ca-4fd4-a03d-0ffc118c9f86,{Persian (Farsi)},19-01-2023,
41bbb640-9d72-4b7d-b890-dbb06c14853b,25dee17c-4b69-418f-bc34-5482ca9b46bd,d4e45d0e-99ed-4e06-a7ab-5d8fe7db9d0a,f2842488-7a47-4f63-a90a-8442ba6140a8,"{German,Portuguese,Vietnamese}",01-05-2023,
2999da5d-78d7-4a29-9bc7-5a47983f7978,611928a6-5139-491f-8b98-2d200dea7d5f,18a0b746-4f46-4c00-89c2-559295429f9d,3ae56cfc-b610-4723-9661-80ced58e5bcd,{Russian},12-06-2022,
478c439e-d45c-4220-84ef-5b60e3a57797,240b60eb-fe11-42ca-8859-8e4ae61bc19f,37b1fb0f-b818-4063-8c78-eee4a36e80f4,251441ac-b090-4bed-a1b0-0b53abe2cc6e,{Japanese},12-09-2017,18-02-2024
2bd97450-335d-4c92-b603-f68ba34f8732,40fcb372-25a2-4ecd-9197-bd6392e8239a,03c411a1-738e-4015-971f-e8d80ffed004,c6f68f5d-aa47-4e7f-b1b8-8477bdfd47f1,{German},06-12-2024,
e7a47aae-ab8a-47f1-8785-4ea71dfc937a,44ffc001-6b36-4342-bcd9-3901dd84f015,5fa5f983-0ddc-4102-8e16-5973584a106d,d9bcf54f-e8e6-4c93-9394-053904ddac78,{Persian (Farsi)},26-04-2021,
57c06311-a5aa-45dd-98b6-1a885950d7db,36dc0e13-c3f8-4e8d-97a9-79efcce081d2,8aa9be77-7ba6-4e3b-8b6f-da5f8c22fb61,32f86ba0-7f9a-432d-a357-e8c148700b9f,{Persian (Farsi)},04-06-2016,
927fe14b-51c9-4143-97c1-265770173c82,272963c7-7a2d-4141-8558-44e6b765f551,c92211e1-b20d-4bae-9e41-174c8fea23fc,4da69a9b-3fe6-4fa5-a79c-db500722d078,"{Arabic,Korean}",18-04-2017,
e7bed5e6-8723-40a6-8499-f7d8c308b9e6,801dd376-1570-4a06-bf1d-1d24f51db861,5bbbd603-1044-40f4-a7c9-48d809927498,714f9578-708d-4008-9d66-c5ddb9c27c55,"{English,French,Hindi}",10-10-2017,26-10-2020
cae977ae-d7b0-4e70-9c39-af3b3f389e7e,a6c97243-831c-403a-b7c3-23dcad6d01e8,2c64e39a-a36f-4a6c-9b75-81ca712679d9,0618132c-f615-45fa-8923-2f1fa2bfd950,"{Spanish,Hindi}",12-09-2019,
1fb03461-09e4-4758-b89e-0d49fd0af819,d5b8d7a4-c30d-4eef-81ae-a7eede4b5b03,7a79ca6e-c438-4b05-a47e-c2d8ac23f8f1,1192fd4c-7ecc-4148-b8de-5a73b389c7b2,{Spanish},24-01-2016,
c4dac577-8612-492b-9a28-2e609bde1bda,b2982ef5-ec94-40cf-8fbf-9a6226ed52a9,c2d773ed-023b-4bb4-9cd9-e371bdb1cb53,4a7cb594-67ac-4420-90bd-00d19ffc5dd8,"{Arabic,Spanish}",05-09-2018,
849eb846-a937-4b7c-945b-48fad7e62306,88e92ebe-6a45-4719-89c1-a6d2403a2e1d,23efeabd-b777-4692-9d8c-9c4885db4bca,bf528b7f-3cd1-47ad-beb4-f780eff01084,"{Chinese,Arabic,Korean}",04-06-2019,
a3f529dd-b43c-4054-bd29-53e1cc45d15c,b6ae4878-57b3-46e4-be81-dee272e298f9,1ad21e35-35d6-4414-941b-d21b90789445,eacc43dc-e1e0-42e1-8326-b3626b14162d,{German},01-04-2020,
21f99350-5ae8-42c6-8874-a8b4ec3769a8,6d929496-1ca2-48b1-a21b-2c559d8c30c2,5714ef63-97dd-4361-99e9-fed452f644f1,1cec8a7d-91e2-42b8-818d-7a72ff095f9f,{English},22-09-2017,04-02-2024
2bbc93ce-ca86-4186-8730-8496da2916b2,9a36fc1d-f583-4ead-97fc-62fd0c5f0a12,ea2f10d3-3cf0-4c43-b2d7-b0ccc19a32c5,f0acf1b7-813c-476b-9533-ee2f32a2431b,{Hindi},25-10-2020,
4ec97262-e9e0-47f0-8ba6-392bd3d7551d,092dd92b-f690-425b-8df4-bf06c4af94a6,141a33cf-8f8b-424b-bbe4-894c966e05c8,23c9455a-3ffc-4fa8-a8d0-4704cafbdc9d,"{Korean,Hindi,Vietnamese}",07-01-2019,
4f734794-660b-4486-9e74-971ec848f7ed,8fbb3e3f-7e04-42ff-adf2-5e3a2ae4ab97,03ac97e0-ad4b-4311-9719-76317cb4ee25,b889863c-8d23-411d-9780-8f7557d34072,"{Tagalog,Russian,Persian (Farsi)}",07-06-2018,
c6ec5d72-3209-41bd-b26a-03a897361c6a,61a8dbe1-bf1a-4a42-874e-f54b2a95d405,d8c3e105-0875-463f-b16c-bf786c7a3ab6,c865b34a-3903-49c9-b41d-1371e9204a80,"{French,English,Tagalog}",15-07-2020,
fec48a75-4af9-4370-a3dd-8d8555f5867e,c2c0648e-3758-4f16-b62f-30f043b1e63a,34b6c103-cb01-447a-9d49-e5de0256d8b7,eda09f34-8faf-4862-9216-73648b95bab7,{Spanish},13-09-2022,
e627a79f-5959-428d-a528-3c872f8f1356,bcf1e407-3d2e-4e6b-86ca-cb60df4217af,92cb459d-516b-4492-b5f7-9fbfacc0a04a,78676e34-efde-4b83-9ddb-4b898076c6e3,"{Spanish,Japanese,English}",18-03-2016,
3c74406e-1373-43f3-89e8-20f169b490b3,d790e0b8-ec5d-4682-b9d6-ebdc5e7a771e,3201c25f-8e3d-400e-9164-574f30dc5c6c,21efe548-d486-4725-89e1-12a0b17d9da5,{Japanese},03-12-2023,
dad83729-be2f-4100-bb10-f2c2d4f444c3,a99b137d-ae43-497b-8e06-d099185f97a9,c0ab690d-22b5-4e35-9b05-9844b1be20f0,b4f54b1f-9326-4a30-b87a-4932b4e12e02,{Tagalog},08-09-2022,
505cc0de-3844-4b7f-b36e-d0e024e67c27,381bc2bc-65a6-4a38-8c37-016d7744b9ba,7905f4f9-373b-432e-bc1a-a71d09118bb5,483ed5bb-2d4e-4588-839b-3748195d4726,{Japanese},14-06-2024,
2792cab6-3207-4f68-96e2-b4b604f55ec3,4411a3de-3027-4d51-ad4f-d828e1030a4c,d3409da4-c793-44c8-8320-e28027b13412,2c41f408-f0f8-4536-90aa-6f6ddc9878ef,"{German,Spanish,Vietnamese}",27-02-2018,
f44fed77-7e4e-461f-a39c-cc966a48aff9,6b674a3c-c3c9-4c12-93e6-58d84264c336,670fccd5-cb8f-457d-a422-f8a4bac4ec21,5b051193-fdbe-4951-849c-498dda24b1bd,"{Korean,Vietnamese,Russian}",11-07-2023,
137b1666-fb1f-463a-b2bd-9cab71b2a44e,007d1df1-b680-482c-8e7a-c570330cfc9e,f98b8555-8b8c-4fbc-8ab9-4ab790f099bd,91310ada-83a5-490f-ba47-b795e1180265,"{Korean,Russian}",04-02-2018,02-06-2023
0a36b599-4091-4175-9a61-c2e2c82f3706,337bd5a0-5638-4d61-981d-87890d165479,3aee6f71-c8f2-4d2b-9514-cbc9b8033f21,861e7df8-1c1a-4108-a20f-b63590620d05,"{German,Arabic}",29-10-2017,
010f724f-0262-42ab-b8b6-f593ab5eae6d,17158c37-1a15-4c0e-967d-2d2401d89792,0ca53fbb-2929-4099-a89a-f79e38a0266f,cfb39c42-6052-4a38-9825-6ac550f2833b,"{Spanish,English,Polish}",26-02-2021,
657127f7-289d-4a91-bbf4-ff612d8f9ec8,4068b31a-7aa1-4aa3-9f71-4b784efe6916,210e1f44-df55-456e-a1be-8f42577160cc,71dac6d6-15bb-4dd7-8cc8-fa40af4af9f1,{Vietnamese},05-09-2023,05-01-2024
a3ef931f-b4aa-43d9-ab51-c046c6b0ad94,59cb966c-d899-465b-a150-84fad5c50d70,adc27068-78e6-40f7-a787-68a8d95b7f11,b9d7f82d-be5c-4454-b28c-2d8e09c07156,"{Spanish,Vietnamese}",25-09-2017,
9d27d162-8264-44db-a653-165ff1fe931c,57e63dbe-3d4f-4fce-9eb4-ad7c1c1863eb,c662620e-0c73-40e0-a11a-95fdd58f099a,d5a8d9f4-bb73-42d0-883c-32b732bad4e5,"{Arabic,English}",12-06-2016,
9eea0088-6b4a-4f56-a78f-1901a2ac37fe,cbce4ec1-694b-40d6-b7e7-c93959384060,d60cf493-c333-464d-abf4-52e096a09c7d,9277db98-513e-49c0-a831-482dccd88b5e,"{Polish,Russian,Persian (Farsi)}",06-11-2015,27-07-2019
d82fb750-46d8-4861-9f74-c2a75538606f,b82314ef-2ce6-40ab-8ba8-612511655bc4,e24cbb00-548c-403c-9042-3169c1536189,1ad294e8-af5f-4a06-a68f-8414637ff465,"{French,Hindi}",12-06-2019,
40707e34-0318-4ad5-a867-98391bc27ac8,b06808df-b575-47e7-b17f-e101bec6a4e8,c07313ca-4d55-4973-9c85-6db513bb736a,ea29474f-6ded-4996-8ec7-46315ca9d8a0,{Spanish},28-08-2023,
f0265593-0961-485f-88c3-265758d7e610,6aaf46a9-abca-4a16-b64f-a298303ad247,8448aa5a-6232-44cb-895f-8b4ab218aa77,d118c7b0-2cfd-4657-99d6-0f4e98197221,"{Polish,English}",06-03-2024,
b36fb846-0cc1-47e4-8534-f421130df691,4f4e34d1-279f-4fc1-8d30-34bd6dc07804,6bbbee51-49e4-41c4-9567-9e2a707a077e,a00a76a5-f2f4-49b1-aeb9-5d704835ba37,"{German,French}",11-06-2023,
86ccf198-cefa-469c-b11b-895945602e70,11b60810-75a4-48f1-8714-08bfef770583,26f6a596-a8d8-4f0c-8352-016ceb04b5eb,a8c74e7d-8175-4215-8aa7-4b734ae59100,{German},03-10-2022,
be867bda-98c0-40e3-8280-4c87fed14d07,d3a58ff5-657b-4eab-8edf-9e0e0019bcd6,b545c96a-0a1e-4157-aa32-2efa253e1693,05a1bc95-83f3-4296-9697-ad338bb5fde4,"{Vietnamese,French}",17-12-2018,
1ac9dfe1-0376-4410-b37b-469660c0f5da,058a2bff-65cc-42e2-a0b1-1ca10534f573,e35d3933-2346-43d8-a504-9c5e476f6210,91300c9a-d4e1-4872-8549-61be43ccd80e,{Vietnamese},02-07-2018,
140e928f-aab0-46c7-a7d5-b7e9e1f1e11e,99abf511-f7d6-4714-b129-5ffbedfff6c6,edcb37dc-5c75-40f6-99df-34af6b7df41e,f324b565-02a1-4072-8177-c21464cdc3cc,"{Tagalog,Portuguese}",05-01-2020,
925cfd96-1686-4803-b24b-dd65919b9efc,d049c22e-272b-4998-b3e5-2c1bdc245a7a,e109fd8a-132c-4023-8a9c-2d6e7b35a973,ef07314b-8b2d-4ff8-a0c2-5016020d14c2,"{Polish,German,Chinese}",10-08-2016,
6ab1accb-94e8-4030-a521-5146523ca962,d563fd75-b1a3-4aa0-bd83-d901fc7b0819,b6aedb0e-4611-406e-8ada-29ccd5419c21,5bcb65fd-fb29-43f0-8f79-0c43c9dc32d8,"{Persian (Farsi),Tagalog,Chinese}",07-02-2020,
186c8a2c-3316-483d-ad0d-0bb477d792d4,ba263c64-8560-43d7-95c4-86ff5114f7fb,ddf368ed-bb82-4699-8a11-f8a7da9cd8b5,a45944e2-f91c-413a-a2c7-e89efd5c059f,"{Arabic,Spanish,Korean}",12-06-2022,
4939c22b-e86b-4c3e-9eae-cf0e727edc94,e4f5b957-0c4f-4cc0-9b13-adaa2bb1167d,0e47388b-2d2f-4f4c-aa41-e8deeaee0af6,dd0a6e27-dcfc-4591-81ec-485222431b2e,"{Spanish,Hindi}",17-04-2022,
9bf34405-7e8a-4b72-9d7f-824d4e2b1c5a,cdf7e463-a0de-43b5-a2b7-cd0524273c5d,247d4710-8435-40b7-9243-1456533030d5,5563a1b8-ea36-41a8-b96b-134dbc5b4686,{French},11-04-2021,24-07-2022
996c573d-0711-4c7c-8819-0fc83c1e5166,74034907-648d-4198-a341-044ad1f86ab3,9956878f-02cf-4a5d-ae4f-38ba4eb9293a,99471bbb-72ba-4b97-9a8a-d9c808fa13f2,"{Spanish,Japanese,French}",25-12-2023,
c6ad1bb0-aa71-49a2-a404-2634be25f541,de50fe8c-b5e8-4bbf-b567-668ee520b07d,cc38e808-7ac8-4519-8db5-e0cc36423544,bf0b9372-efd3-4416-be07-2b2f522718b3,"{Arabic,Vietnamese,Portuguese}",07-06-2019,15-08-2021
19dbbf7c-b658-490a-b63c-3926809f8df3,cfbf390f-4f95-4030-b95b-856bf082c0cc,78c578db-528c-4a08-b4d6-5d7318a82f5c,dc14b37a-3f79-4475-b5fd-db9c0fd22fdc,{German},04-12-2018,
a279417d-92ab-4539-b003-3dd6f960550e,15e2e515-4838-405f-9250-ccf777047905,08d9aef9-8a44-43ad-9917-502e1fd3bbba,c1b7b4f2-2965-480b-a59e-5498004a8a38,"{Korean,Japanese,German}",02-11-2021,
a02ffe07-64a2-48b9-b681-7dd5d93e3e76,e3a6d56f-0c87-4de3-8037-9e11d987d2fc,09ad9cee-c3e5-4b36-a359-f1116c32ea56,40f4836d-0662-40d8-bd0a-1bb1ef42b76b,"{Portuguese,Vietnamese}",15-01-2021,
45bd63af-c30a-48fb-8fad-b56ec8e22e08,e4d55dd8-e160-4953-ac89-78606c3fb45a,0153e543-dc81-4f80-9633-e6dc059898fb,bb0927dd-7bd4-466d-adb6-aca1c96c207f,{Vietnamese},04-05-2016,
857d6b9f-5775-47bd-8a61-48f08f45d289,1c3becdc-28ed-44c4-a841-fa50e3484b8d,6082c9e9-a8c4-453d-a9d8-aab8057a30fe,46452ef4-88d5-44c0-ab83-b337b1bbaa4b,"{Spanish,Chinese}",07-02-2016,
27cccebe-7046-4b72-a0b5-1ffd7b1c515d,bbf3b56f-f9fe-4498-908c-59380020932c,4337a323-1786-422a-8939-ca01c734940b,34d35521-960f-42cd-b14f-ca2960ddf15d,"{Hindi,Japanese}",21-04-2019,15-06-2022
933d4953-01a3-4c87-a246-cffbf8f7cc13,66e0302c-2d58-4715-9dca-65d93a135194,fbc768f3-0aff-4549-9ab0-fc6769db3566,9c63cc31-295b-4f01-9bf4-e3dc185794ac,"{Russian,English}",02-01-2023,
7d1b396a-6cca-4ceb-a231-8b9fbd6c5140,0c650398-f0ed-4085-b5b6-485a6608f0fe,3011e94a-20c6-490a-890d-7943bdbe6ee6,b8efb38d-e2f3-49a8-8f7a-2010e26b1c1e,"{Japanese,Hindi,Portuguese}",11-12-2021,
12770b07-5576-4519-9c4c-3d08bdb4f767,b80ce382-5bc2-45bc-9f6d-8be1f033eb9f,84931fe1-df83-4fb1-8974-6e37339f2a2e,15eb9853-3e44-49fd-80b2-7606c8b5eebb,{Polish},04-07-2019,
90420215-c17f-4724-a77b-dfda68e8d01c,4f37502c-ffc2-48b6-a9b2-eab094a74be6,eef04bc5-5613-4be7-a5a0-80a6324af34f,16a182f9-0107-452e-aa4e-9279f878c1cb,"{Portuguese,English}",24-12-2015,
4b231125-c121-4281-b71c-c0d71e6edd71,98d0f6f6-2452-43ec-b2aa-9561a4cfc817,79bbe54a-0c60-4ec4-bd41-6c288cd2c40c,300fa971-dd47-4be6-b9a1-f638ea387636,"{Japanese,Persian (Farsi),Spanish}",24-08-2023,
7b7a9248-2b66-4b69-a444-e5c8305e9ae1,fc2f79c6-b752-45ad-8340-1ca1ae710b1f,6f6342eb-cc26-43a5-b20a-f527dd737a27,5990a990-a3a0-4bac-8fc3-df7f50e05a29,"{German,Japanese,Tagalog}",11-03-2021,
c1ab6b7b-8987-49ff-be2b-6f76d291954d,070a1b75-6328-442a-b74d-a3cfff883ee8,00832ab2-8a43-411d-8fa9-1260563c19c2,9624ce44-4751-4de5-9c98-5d5594133f15,"{Persian (Farsi),English,Spanish}",10-11-2016,
4b073ca2-d6aa-45b3-8345-c5f996a28af8,d67fe8ea-3983-431f-acd9-addd089c3dfb,5514baf8-f8b2-4083-99b1-0761d6526afa,a6364a3a-8679-4985-9879-a761db118bc7,"{Polish,English}",05-02-2022,17-09-2023
d6b1352c-b3a7-4978-bfbc-88eb7f35fd62,9e0ac5bf-fbc8-4c17-a7a9-630af1d69f5c,2893b9d7-63a3-4da6-a4df-0c227c55a13a,975bf32e-cde1-4b30-b143-ed6234891b7b,"{Polish,German}",18-01-2024,
39732951-809b-4103-9161-5487f464f5c7,d08b3436-eaab-40b8-b89b-62f5cd849884,afb82010-33a2-4c0d-b255-ee6047ea0d6d,6287f2b5-8afb-4839-809e-270cbea4e7f0,"{Japanese,Hindi,Arabic}",10-04-2025,
587cc658-c4e3-46a3-a570-b63458f77d9a,b45fd164-e4d6-4af2-9e31-e01f6ff8c20a,7265fd47-ec95-43bf-83de-5212287a58e9,a3d48fa6-7571-4acb-806a-b94dc5470114,{Japanese},19-04-2016,
2327e78d-1a1e-498b-8537-8efd346f2641,dbef7df7-8b23-4572-baa7-09967cbac02f,b708e56e-1c11-4692-ba03-a4cbe2b967e1,39a17fed-d9cb-4045-8edd-76d65610376c,"{Spanish,Hindi,French}",11-07-2019,
0d677bdc-b65a-4edc-afd1-68f4d6f9a63b,3630c879-0a14-4e84-8ba8-f43e35815757,9a4da0c2-f54c-4878-a901-1dd0ff16a5bf,56206ea1-e9fa-4061-b5bf-4c064c352ac7,"{Spanish,Tagalog,Persian (Farsi)}",10-10-2018,
29d82027-4bbe-4e45-a5da-193f4a566581,f8df6870-b460-482a-babc-dae72b5a6c92,a291ee41-053e-4a76-b2a8-816e889e50c6,564a7585-6f2b-4408-9e76-02952a6d3047,{Vietnamese},27-02-2020,
7d44d638-fd1e-40c9-abbe-3ce2c45c0a65,d63d9364-4f7f-4b31-8d17-6601f6a3907a,c34e490e-2e6c-42bb-a782-ba4b5be3ff12,a76f4a67-29a0-40bf-bf98-5ab515031eee,"{Spanish,Japanese,Hindi}",06-01-2018,
b9d69f8e-77f4-4cbb-9bcb-e658638ab3f2,c382f007-ae1f-4aa3-88f4-c3e89e1e743a,80a890f6-fc58-455f-9fbb-cf93fada6a77,1fbb623b-a572-4be7-955d-9e192656ec17,"{Russian,German,Tagalog}",06-10-2017,18-03-2019
de1baa7f-a9f5-4fd8-ab5b-4a0efb3769cd,eb007fc5-47f5-4bbf-99b2-34e85efda78b,aa6da88f-9710-413c-8470-54701db5d67d,a58628ef-fc2f-48d0-848b-13b1d6f0a3f5,"{Hindi,Russian,Japanese}",14-09-2022,10-03-2025
1bb9d909-7e26-4dd8-8cbe-01d3c7854a75,77040c82-52da-4f69-bdb1-b690484dad63,34c73975-185f-43f7-99c3-7ec5badfa769,86a71254-fc5a-4212-b21c-dde445d6817c,"{Vietnamese,Hindi}",25-08-2015,
89238d0a-1496-484e-94d9-296f73fb0fd4,10ef430d-a7a0-45b4-9fed-08141fb520c9,dd12adb1-7c95-4097-9779-12e129d35061,9ef0e12b-2399-49d6-b433-1a657e44e1af,"{Russian,Spanish,English}",26-03-2022,
1c65be24-c181-4261-bd15-97c6cc94167b,1434edb2-0427-4768-b022-afb927e51724,8086b3da-4207-4ab9-b28e-8f763baa8ec5,61408e46-9a30-4259-8237-b413c3aaffff,{French},13-03-2023,
3ac60f4d-f387-4a64-a1a7-c421478df5cf,e7e400f7-0292-4aa5-a043-7cb0909a92d9,9d1db3c4-14f9-4a26-bbf7-00149345b419,0f960907-afdd-4ffc-8c2f-ff528e00b248,"{Russian,Chinese}",03-01-2024,
5002eef1-c90b-453c-abbb-ca01f5a918a6,31af81bc-4d6a-4407-a8a9-4b01fd392a20,522e6605-97bb-4804-929b-dbc529f423a6,ee29bd9d-8685-426b-bf08-90203b60944d,"{Portuguese,Hindi}",12-04-2024,
3ee522e7-c174-48cd-b2b7-07f59b28b460,6e51f1f8-54ee-4632-8bb6-a4e457a952ef,578c2b4c-81d1-4f27-985c-e9ebd2916ff6,08bda753-39d5-4dd9-b5b9-f3a25fc1bfb9,"{Portuguese,English}",17-05-2018,
0a5ccd29-d5b3-4c6c-bf2a-9f65eac40d76,6b1097e2-8cf7-435a-a535-dfae132da57f,22ba00ea-4302-4826-b942-a64ed971927c,f4e99c58-1c15-4209-8441-0c98e2b27734,"{Polish,English}",19-01-2020,
dfe43059-beeb-4d9d-9e4d-8de57ba08c22,b0d14395-0b9b-4652-a7d3-53e81ed9c405,2e3a6e84-53fc-4f6e-9fab-0eb86e7f2471,9888c14b-2055-47db-810d-f25ed87dba4e,"{Russian,Arabic,Hindi}",15-04-2017,
3889fffc-dda4-402f-89a6-c8d657795b54,eaab35af-787d-4a7b-882f-6dffbfaea47a,ceea4d2a-c86c-42e0-9842-ab584fa72ee5,f88f4445-2e99-4e7a-909b-48614ea6233f,{Russian},29-12-2020,
2430a3fb-0f76-4c9a-b39e-31a3edc84936,4c9f9252-3d29-4433-afa2-17b6b3715596,d63b7729-06d9-4e40-a5bc-f5e6178f5b7e,87cba1dc-7f17-413a-9e48-fee39b9f3c83,{Arabic},16-06-2022,08-02-2025
34f70690-0eaf-4c02-892d-cf855595f88a,72448fc1-4e0f-46f0-b7f9-1fd6bceb1a6f,6eed5a7d-5715-4e6a-8967-6403b912f09f,e9a8408b-3f79-4cc0-b2cd-152016a1e5ef,"{Spanish,Arabic}",18-04-2022,
df17c8c8-4146-4476-9968-0f884e0e433e,c5de1ad9-daa4-4ccb-90cb-b69bccf15539,ebe7f712-1f6e-46bd-8316-1c077d0684bd,d60deb16-c190-4cd8-9156-58eec17dfc22,"{Persian (Farsi),Tagalog,Japanese}",01-12-2024,
5fde11a2-b593-4e87-8ece-2123e1889755,649ad85d-dd59-47cc-8ce5-774be6eb8c33,d3ca1086-9a7e-4118-90f9-f596f1d889ed,65aeae32-8b58-452d-a555-d7739ff827c2,{Korean},06-04-2017,
b1f21405-eb31-4415-8f75-399a4be70fcf,b42e3b35-cfac-48fc-b996-953a21a9190d,19f8aed3-83cf-47bd-a9d7-2a1a567c5abb,2997ab35-eab7-4d33-bc94-61d74e883dd0,{Hindi},26-03-2023,
8eaf4316-5ec6-4c18-871f-e4f36373ab7b,0916d118-26fa-40b3-b731-7bda4c0e558b,8ff23140-99f0-4340-8ff7-ab1bf5c84dad,14c1292d-fcd5-4238-893a-4665166cc424,"{Persian (Farsi),Chinese}",02-06-2018,29-01-2024
55f297a6-26c9-4865-8a93-bfdbbfd67491,3e0e4734-ab64-401e-8661-42f849d7b71f,42dbfa11-e6a5-4846-b7b7-30af5510034f,7a0898ff-0fa2-4dfc-bf6a-0036650062da,{Vietnamese},04-07-2020,
f45d6412-f0c2-43f2-844a-2d491abfdf7e,e1dd28b9-a866-4262-ac03-66dd025b0837,3954a7fd-a9d3-4e41-b614-f67803c98f82,1ccafdeb-163e-449f-b124-4c80afd05aa5,"{German,Russian}",17-03-2025,
20fdf818-abe7-4f62-a229-3808eeb03a97,ea59e903-012c-4270-9a68-a8905c9d8071,a5d5ae5f-1444-44ed-b4cb-d0df8ecf518e,0fa45148-58ef-415c-9c24-6afc02c5cf56,"{Korean,Portuguese,German}",13-11-2016,
403c6271-4173-4bc5-9ce7-272b1c5583cd,98d708e2-35e1-4139-ab2e-bd84079a2e86,74242327-45c4-4922-a61e-423c6de0aa1c,0375f7f0-f328-44f0-8253-2a86a20674cb,"{Persian (Farsi),Polish}",09-04-2023,
49291bfe-8b5d-4c39-bafa-5ef5d5a43adc,02294215-4e46-4f84-b827-06e90cfd9079,70629a54-fc43-4ddc-ab88-8dd084434fa2,44aaca5d-e5ba-43bc-a9c0-63a7dbe053e3,{Japanese},28-08-2024,
9af56a13-9fe3-44e0-89f6-8d9253d041a2,a941d146-f870-4d8b-923b-ecd6273f8f03,da4ff611-79cc-4c7b-b409-9b4ad8f310a1,66f72a36-6e6e-4b1b-b5d3-82a9a756b67f,{Spanish},14-01-2019,
229367d9-c3b7-4ed2-9554-5823d5155e35,6827349c-c8c1-428f-aced-b45dc9cab408,d8a5f670-99be-474b-8068-aa4de585641b,2e9a4946-8a76-437e-8ede-12e1e82c4d86,"{Hindi,Arabic}",01-06-2024,
7e91e1f0-15f7-4322-bb66-abe6d113fed3,4d202fcb-3d5a-4dbf-b21f-cb81c4004aad,2b11176c-3377-476d-a991-3f164919bbea,6ee37563-1daf-4ba9-8622-2273da1e1dab,"{Russian,Persian (Farsi),Hindi}",28-08-2024,
19eaab95-1d8a-4513-bfed-fe7286dd9ac0,6e93291f-69e4-4f2f-8a42-eebfc76837ee,75dff7eb-6dbe-4d40-96a8-4e40aedaafd1,f01fe534-a039-4708-8e96-2707928aea96,"{Russian,Chinese,Polish}",23-08-2019,
8813aa07-bf5a-4a9f-a9a0-503571b1a2cf,2ccc1686-4e34-4e3c-a22a-c3dbaffab584,4b6b2eb3-48d0-45d2-85b6-812da346729c,89a2acd6-8c3d-4f44-a088-f45a04f54cef,"{French,Spanish}",10-07-2021,
2c77b85d-3b0e-45cd-9815-7c3578316758,68a1b883-6203-4ce9-8ccb-b18b05171332,beda8115-6293-48c9-9ae1-d10fce216b21,bff40c4b-85a8-443f-ac2c-f90c30e16f50,"{French,Portuguese}",15-05-2019,
f748e22a-94e9-493e-92d4-2a99a6d0ff98,3a296e95-61db-4feb-9ff5-0c5c61aa4da6,b32933f4-ce67-4ca7-8790-8f6f4ba4e4e8,d2028fba-4791-4a6a-a4a8-a899b8c351c8,{Spanish},28-01-2024,
17503430-e7e8-4b32-8423-ef0e1d29c251,46d3aedd-1219-40ff-9f02-30f47b712a54,9bb8a882-05ed-47e8-91e3-b7aa1afe3441,f2ebb6be-0cba-4ef7-b378-422902f7c54d,"{Polish,English}",22-06-2023,
51bb2caf-860c-40c6-9f21-a71f3cfc7d5c,b6e0c314-8938-46cf-be65-b34206a3b245,5c0ce19e-fc75-4725-97ec-20bfeea1cd3a,6b59e16d-6b8f-4b10-b890-8fa7ff16a492,"{Arabic,French}",24-02-2020,20-11-2022
e8ea9401-dd43-40cd-b7da-d0f92ef531ae,fdec2698-9d6d-492e-b01b-8c0ddf1e4b17,db09db9c-1a70-4a5a-ba8d-c70bdd93a094,7ad25e1b-1b73-4fb2-8458-717c515a424e,{Arabic},28-12-2024,
78ae1835-6880-4fe8-b982-a325cd98c667,f2c71b12-0c02-4136-9e27-1604bbb4a0ac,ed1698aa-d04e-41eb-a4c4-d3e0db8f0cf2,a6655b5b-015c-40c3-b7ef-8cfc2d91caa5,{Tagalog},09-07-2022,
2845f9d6-edd4-4639-9bed-521f06835a37,c08bcebe-8aa3-43eb-8647-8de62beb3846,74f870b9-c583-4807-9dd9-5d90b4e36ef0,327dac40-709c-4912-8c90-9ec2174d0aed,"{Chinese,German,Russian}",03-02-2019,13-03-2024
1c8cd353-64c2-41bf-a3a9-a7635a861117,54af93a9-3d86-48c3-9973-9c4f7ae2cbd3,e29f8b9f-6a93-48fa-baad-2ef177e0a174,2420174a-3157-42c7-af3f-2c3455bf8ba3,"{Polish,Spanish,Portuguese}",05-06-2023,
624ba391-34e4-4dcd-af00-ef0bed44dd33,badbef05-79fd-4508-973e-684fef0bcab8,7a18d261-dcaf-4ce9-9666-65f63a10ee75,0f451303-0f05-4509-a347-89c87ec4a504,"{Hindi,Portuguese,Polish}",26-02-2021,20-06-2025
0aec864a-cf69-4b04-a095-46958948073a,e41e0424-cbd7-4eb5-b8f7-6a999db6ebb4,d0ad4510-70e6-42b8-aceb-93f315e6e327,0aeb4901-c19d-4a41-bd9b-2b70fd4bc688,"{Chinese,Polish,Japanese}",30-09-2021,27-07-2022
aaa026c7-be1a-458d-b573-617dd5f648db,8774c62d-5692-49ae-9d68-cb096a9307da,7ac49d0f-7b95-4178-bffc-ffa58fe198b2,601fa72e-fae8-44c8-af23-3d700b5ac7c7,"{Portuguese,Hindi}",11-04-2025,
ae253b1a-747c-4e56-b503-08b32765f12b,88f055d2-fcc7-4bf0-8a54-261601244a20,34f15799-9cd1-4f88-8c4e-20b77cd49388,f959b799-2dac-40d2-8f78-d099697a1ced,{Chinese},14-07-2021,
e3d35883-87a8-421a-88c8-ed4588902fd1,ab047ee7-7fba-48c7-94a3-a5f526c47397,2cc805d9-9308-4fe9-9014-6b1d64a19ecf,1f494785-a62d-46ac-b160-a8f0a3b676ea,"{French,Persian (Farsi),Tagalog}",23-04-2020,
e7ce7d67-e0a5-4db9-8644-7d233e7203d6,32b6edf8-6366-419e-80f1-45ea6452623a,34766a30-efe7-43fb-9237-a3485ebd2dd1,b0725f45-469a-4fc9-822f-d01628a625a2,{Polish},25-09-2023,04-01-2025
491d668e-59ec-4097-9b42-a863601f4f41,055e6d8d-a22b-4682-8ffa-0c8c008c2743,2506dd7d-b2b0-4888-a1a0-f22e23bca705,6c23202c-770f-45b8-8fb4-84f7212f9ad9,"{Persian (Farsi),English}",16-10-2018,
b0ca39a5-d310-4d44-8eef-1df7dca31e04,826276d5-285d-4a1a-a2ea-4add6db10838,a70aa64b-5a52-417a-96d0-6a9717d22829,922076c0-3234-43f4-8188-aa7e66192765,"{Russian,Polish}",12-10-2023,29-12-2024
7d109dd5-b548-4e8c-b9ac-64c3ef7ca852,41502485-deb2-45a1-ad2b-53633a300c85,e518c680-e806-4e2c-9676-db494f96fdd1,e6136ce0-009b-4bb7-81f4-459c1183db50,{Spanish},16-04-2017,
05a95d00-a093-49cf-a1f9-c43c942a660d,2e165245-600a-49c7-bc71-effac0a7fd16,10d6d962-9acc-44d9-a5c7-d4688025e5b1,95d8436f-ae97-433e-8f81-e92e27f6771f,"{German,Tagalog}",19-02-2023,
97d316f2-b080-4611-a1b3-dfa73edbd2eb,2e11326e-b329-4cbd-a611-20f3adeb5408,fffbfcf7-d9a5-469b-98c2-f89d8f43818d,07e8e6d2-1838-4158-90b6-9ecad7f71a31,"{Chinese,Tagalog}",03-05-2019,11-01-2023
6a588e8b-319e-44e5-a94e-b25b7369e632,1f5ca301-c455-4d81-9969-589f0f2a8b5b,51de5742-cd7a-4f69-960e-0b37bc7077f7,dd76b058-f18b-4fcf-9405-e62820599bbe,{Portuguese},14-06-2018,13-10-2024
7c231d9c-fd89-4780-ada9-45e8e00b890a,62507609-80c1-43ab-8865-d402da5d9f99,1bcb2300-57b8-480c-aa1a-75f7d5704c29,72a46825-ecbe-460f-9403-70a2cd043f5f,{Polish},04-08-2018,
e81b14f3-b30e-4698-9cae-e255ce0aeaf9,4d71f5f0-984c-468c-9ac1-2b6526a33af9,ea19a1b5-72dc-460c-9c00-27a0c6aa7671,0614c877-0f71-451c-b4e4-4cacd410323b,"{Vietnamese,Japanese,German}",18-12-2020,
e23f79a1-9775-4b8c-aa30-679bd8f33e0f,f576fbec-794c-4252-b6b8-1618a5026930,88cb477e-84a8-4c1a-82ca-7cb3b89896c2,c58fd39c-f283-4481-a19b-cc9071587099,{Vietnamese},14-03-2022,25-07-2024
c65e6fc7-a463-438e-98c9-8aa9f2627d32,28bf2263-0e36-4f04-adbd-b5b0cae36dd0,d4a122d9-1ec5-4bc3-8d49-4e75de18dd16,4feec305-611f-4024-8ae4-21f7b18bb4ae,"{Russian,Portuguese,Hindi}",18-07-2017,
34b3a2ed-a9fa-46f1-8d60-176037329566,7a96dfde-b486-47f8-bcda-a971b2cfa062,93265b0c-bc5b-40d1-bfdb-8062e7568840,235f27e7-f432-4422-bb76-c512a4e44c6e,"{Spanish,Persian (Farsi)}",10-10-2016,
52114820-ee0a-4187-90ec-c9c80b66eeab,da849c68-6442-4ddc-b4b1-47afb6743ddd,a58f2111-506a-4d5a-9299-c38581789490,b5949f95-7e89-4087-8ead-1290b9ee41f4,{Hindi},23-02-2023,19-11-2023
c2ff2c1a-6018-4ce3-87d3-195a598f8d97,270debf7-a79a-4a7f-99e9-ba7ce0dadc93,d27427e0-42e4-4e9e-a542-cf19ede88c2f,df680065-47c3-4fb3-8d81-ded68b964e71,"{Portuguese,Vietnamese,Russian}",21-03-2021,
3c13b821-595b-49a0-b2dc-76d434a5c6f1,47df5475-b95c-4c62-bfb0-c1a052f29d2f,5c8b992c-6ab2-4876-b53a-4ebad97373cf,106e1113-e9d7-42ed-b462-ee73dcf40a78,"{Arabic,Persian (Farsi)}",13-06-2022,15-09-2023
30d9de0b-6c19-4061-bdf2-cc830f354c51,bf6e2dd4-fd02-44a4-be78-a5d61eb2e4bb,f26e66f8-e39a-4b40-b618-32f10e00700e,ef067ee9-4092-4ddb-9cec-17dafcfc24a0,{Japanese},30-10-2020,
f14fd0c7-50b4-40a7-81e2-f64f633c9590,843a4690-2db9-4724-988a-b000338f52f6,ee0f45e9-7775-4029-b952-0c58baf05670,3020bee9-617c-4853-8138-e20537d8e37c,"{Spanish,Russian}",13-12-2015,
a61d9c5b-d24d-4880-bac1-23c512577fc9,3f7074d3-feba-4189-b7ef-222df97f4858,3da3ef5a-1f4c-4205-8657-c5a1f83305eb,58ea6cc8-119d-4ed1-8e9e-3ad3d6494c11,"{German,Tagalog,Polish}",29-10-2019,
21d1495f-c3ef-4160-b61a-05c18f9c3e57,ca87a9a6-a9ff-448e-9aaa-2d31ef56dfba,84dc2a8c-03e5-4285-bc69-10d158f9ca21,320cfe41-da80-4221-9836-b2bc630350a6,{Spanish},03-09-2021,
d6e5b946-14f9-4ecd-adb8-cf1461bd5085,287ceab3-0c38-480b-96d3-de6c1f7bcdb7,829d2ebf-e4f0-4a9d-9944-9b48e445f58b,ef90fcee-7b35-43e4-a808-617cb7341bcf,{Arabic},21-01-2018,
ee48acc1-fa71-473a-bbd4-c680489a3905,add73e1c-5344-4ea7-b86d-9167f8e1fec2,4adbd6a4-2121-4719-acb6-3b3a16824759,79745c31-d409-4447-ade1-46c2562c2c50,"{French,Chinese}",17-07-2019,
c7eee72b-31f9-4457-9d96-ca7ae75a54b8,9b585900-8bf4-451f-97ef-4dfab41ea9e8,1af87f51-d832-4c8d-b57c-2d7d6eb50d83,a997f939-1d2e-419a-8931-2357f0d9338d,"{Chinese,German,Russian}",03-05-2020,
38659b9f-078f-4279-aa29-977f47a8a5f9,ef3dd63c-02e1-4957-bba2-f51d6e7a9da4,12723ac4-213b-4b92-97b9-206a63fcddf2,b14eeb00-35a5-49f0-a690-e5432adde3cd,"{Vietnamese,Tagalog,Japanese}",23-07-2021,
4e90ce44-7a0f-40af-bfe5-cc93c7957a4e,2c4d0bcd-c751-4846-83ff-63f42fb47c2a,422e8f63-d497-47e4-b53b-d3207a766dc6,dde0134b-f102-4ebc-a060-67d7a9de5b95,"{English,Persian (Farsi)}",26-09-2017,
ec358334-ff37-4797-94dd-e0385a3b88e4,3b434f54-9fb8-41cd-ada5-21bcfacdb8b3,9b7b3f48-8e78-452a-8778-65af0f771a72,172f2d70-a4f5-4463-9b87-5baf6fdd5228,"{French,Arabic,Japanese}",19-02-2020,
d5ac1974-128c-4b3a-9d59-63d41bb54c0d,9b6691e1-6cf6-4b82-8b14-007cc8d2a290,13816ce8-f851-4a02-8f74-cacf064bf86b,30818a91-1ba0-430c-9d63-2b7a0d4866d1,"{Japanese,Portuguese,German}",31-03-2019,
6445a6e9-debe-4661-82ad-fbea451aa9f1,c093789f-d58b-4b9d-a752-9f49ca2977cc,ca50f8b1-0657-4473-9f10-f9b02286be7b,7a53dcea-d09b-48e0-a9c9-fc401b8e4cf4,"{French,Tagalog,English}",25-10-2015,26-08-2024
9a49dea1-94a2-4e39-b24f-257cc6f225b8,13dbce3e-ce4a-4c7f-ab96-c6bd8a382859,3ef619fd-d88c-4b63-8fc3-9255dcaaabd3,7f77615b-302e-4bb1-b68b-8f056ec02607,"{Arabic,Russian}",27-05-2024,
2140ee16-427e-45c4-a14d-d1ce386a6cfa,6fad0d64-70af-4b34-bc69-baafdb8c8b3e,037b78a0-8d87-4186-a46f-4103fe1f3e75,fd6c86fc-a14e-4be0-9cbf-30d00e367e3f,"{Spanish,Chinese}",10-04-2019,
de3c8a3d-fe2f-4bc0-b543-e05a3d4947c8,1b084ea9-b7d4-4039-88e4-89402a08da49,c27666f9-5797-4f5f-816e-bbd4fe72ad8d,864b73dc-8869-43be-8e49-defa7010b360,{French},01-01-2023,
be3da12f-70e9-45a3-a800-ef84fbf006b5,b0844ba1-a0d1-48be-b13f-8a9c8c6d4a2e,374a8619-9550-4121-a4c4-fb964630a4cf,ee3fc914-b7a2-43cd-b76d-d9c52e84ad97,"{German,Japanese,Portuguese}",25-11-2022,
e52e8e98-364e-4be8-80d9-106740ef3de1,cd86b247-fe0b-4378-a2d9-3a343528fbec,1fc96d72-1225-4707-ac2f-5e7acd364efa,694c35de-08c6-4fe4-b7b3-32b6a44a2c75,{French},31-01-2023,
7f860b86-738d-4958-8154-d13d1764c405,b4372f0d-9c1f-42a1-8224-d7a5c7968d39,fdb18317-5835-4d53-8e55-dae82856563d,d2c08f3d-1f6d-4c17-8c7e-281f80f2865b,{Arabic},30-10-2018,
6aaab231-9972-4487-81ec-f0dc9e037bc5,ea3331a3-18a3-4469-9ee5-fd2832b7ffd3,0a0dbeb5-152b-443f-8301-be68ef4d0c9a,575add17-831a-4d90-97e1-708faa4f58cf,"{Persian (Farsi),French,Japanese}",29-01-2024,22-01-2025
79024d77-da8c-4623-a317-7a0993238cd0,f90df0cd-1a70-4d58-934b-a02004fb43c3,63de90ef-a97f-46b0-9200-125d9f74390b,5198f531-b2f0-4db2-bdf6-59c643c1b534,"{Polish,Portuguese}",12-01-2025,
49ff843b-20a3-42df-9f63-021265ba8e60,b07f88ce-a56e-4270-accd-35aedda53cfd,be5fd14e-e4dd-404a-80d3-a9acfc748040,9b3435e9-ab08-47c8-8ada-bd98381146f9,"{Persian (Farsi),English,Vietnamese}",02-12-2016,05-02-2017
be3fd6a3-924c-4f68-b22e-5dbef5dec69d,4716bbb2-a271-481f-a452-02dcecab934b,127a2a5e-abb3-436c-8159-e1cfb627e4c8,60b62c84-5621-4846-9189-e484d7b6cb6d,"{Tagalog,French}",20-07-2016,
562eda6b-cfab-4b05-b25a-e96a24aefa8c,3aa78f82-061b-4bb4-9cba-9319eeb0d1fd,d2dcc83e-d389-4638-96f8-1a2bcbd11ec5,ed2a8d0a-eb6c-4db3-9813-90272f358208,"{Tagalog,Portuguese}",26-02-2024,
b2481512-ffe7-4ee4-aa3d-77c7675795d8,ef53046e-ea26-48f8-91a0-709ff559d3f2,cb76c690-74a6-465b-8239-cc184287e885,5a7329a6-e091-4f9d-90e6-23eea36daf5d,{French},22-07-2019,
35f21495-2a93-4965-9186-e8d5f851f5eb,2168d0d2-c20e-4bb3-a884-ff20b2dccb28,844764eb-5ed0-4cf7-986d-b416338e4ef6,08a39b1a-b83c-4c19-bf73-9c9595b5cb30,{Korean},04-11-2015,
7450fe97-7b3f-4c0a-b0a3-8edc405919ac,3dad2252-170e-49c6-964b-212b32e7767f,ac7eada1-c4d0-41ca-8e80-88f1573bafa8,365226bf-6ce3-4351-bfee-e46766076795,{Korean},31-01-2020,
6c696c59-ff41-446b-bffb-fdb589aecbb9,8bc82ea3-9f74-4718-8742-356fe310aa30,d9746b7c-6552-4de9-848f-e5fc9754bdb5,c048f10c-4b05-421b-a1f9-96a8323ec332,{Russian},12-11-2021,
90e0b215-9d63-4686-b0cf-60d35bed3866,86558de9-1f8c-4635-b893-5cce215e2f29,e85ef032-2ea5-4998-815a-fd7c1a613deb,cca41649-7407-45bb-b991-a153fe43b8ae,{Persian (Farsi)},23-10-2023,
b1e1b8c4-6dc6-4dbb-a82d-ee6d986ce6e2,76b410ab-e9e1-4a99-9dbb-3b82845691df,6a69b83b-c978-4eb7-892d-cb8499eda834,a02bd3b8-aff8-4fd1-a72b-c94e7e62ef13,"{Vietnamese,Persian (Farsi)}",28-11-2022,
0a3c0dc8-4253-476b-9ea0-51064be6b537,11f7c164-5df7-4c43-9603-daa2726f698e,42767f05-65de-4687-b826-29f18cf21180,887882c1-40b1-4b55-ae11-19ac918b4ac3,"{English,Vietnamese}",04-03-2025,
7619922f-8dab-4300-b31c-c160d78ae96e,ea3a1b11-3949-405c-9f7a-727476cdbc8b,339d86a9-4634-4d2f-81c1-29e8064a119c,d0fd6f6e-a90c-47c9-82bf-f9652cdf347e,{Polish},15-12-2018,
f78a833d-7b4b-4bdf-be81-425415d16055,f0bcc689-7af7-4676-843f-f4a01cf91a07,40f17066-167b-4178-bba1-2ccb33ae87e8,10a52dc1-e239-48ab-8b23-f13455b7b6c1,"{German,French}",09-03-2018,26-04-2025
79b01846-b8c2-4b5d-9b54-2d432dcf1c5f,700d1152-4241-44b9-9490-895bcbc3773d,64da9e35-2f41-4592-bdf3-0c7ac5be056e,28ff2f18-4bd5-4142-a1aa-f182d4c36f4c,{Japanese},20-10-2021,
55769870-5b98-4459-8278-e124d1454ed1,66ec207a-64a0-4d37-a90f-bdf0c682e801,693176fa-a758-48ac-ba77-56e144d6c734,bde3d8b1-7f7f-4cd6-a820-98d25265418c,{Hindi},02-09-2020,
2bee6e06-1336-4006-b794-1a4ff6ae00ba,45ddd210-a7fb-456f-a258-8ea2011ec02d,8a8c4596-b5e2-431e-915b-9b125b719f0b,ba6775e2-8b83-4764-8ad1-611130f7c25c,"{Japanese,Chinese}",21-02-2023,
cd349902-37b9-4dd9-bcd1-2a78443d27ad,904836bd-d5c5-449f-9734-bc65f41f113f,df2efde4-bb3c-40dc-8a48-6778be635a74,5408ad31-f749-4174-9af5-419d1eb709a9,"{Japanese,Arabic}",29-03-2020,
c3fe3f10-67ab-43d0-a847-6921ffb718de,c273e862-ac30-42ac-af33-61b3176dfa89,5296a53c-670e-4933-ad57-2de586a8b14d,2f136649-e201-4bfb-a5b5-c35317ba3e1d,{Russian},28-10-2021,
b2add58b-6b26-4f52-9eb7-742e930e4dc7,bd87c322-33ea-43db-9745-704e941a9117,29882fe0-1246-4a68-9c30-93a12d1a5b59,db5110ab-786b-4811-b063-37275d182de3,"{Persian (Farsi),Russian}",26-12-2016,
d6a44d7d-804c-4dd9-b546-6774de5ef2f9,9c3c46d9-5a24-4247-b7bc-ffea3e780d40,2b760da0-c020-4d01-a8c5-7ef34c27d0b0,f94d8d56-2579-4c5f-91e5-9d72ee10683f,"{Chinese,Spanish}",20-10-2019,
e2314e4a-ffe0-4993-8705-45f1753505b7,90e4661b-9907-4cf5-aa10-a1f31523914f,71de0d33-d392-4eec-b2d2-3e71a29d65ec,ac939128-da24-4c61-9b43-82ad9d037a94,"{Spanish,French}",03-11-2021,
ed6c45e2-7e4f-4bb0-b64d-1593069b4b71,e010ccd3-0fe4-419b-92ca-24e9d8d7dc30,508f4a7d-48fa-46e8-afca-46d5f46f803c,b3fd40e3-767f-41c9-94d5-69383e5ac996,"{Polish,German,Portuguese}",08-06-2019,
3d7bcf2c-eece-4254-99c0-fc9d29653d5a,d0ea2f05-82c9-4fc6-bda2-d37fae277506,ed3f4503-fd2b-434a-b53d-418d1e884615,ca84a48c-df30-483c-8cde-bba62ef4b894,{Chinese},17-07-2023,
8020abdb-62b4-46f5-b0d6-fc18d50b3e9d,2e0db3c9-73ca-4291-97fa-914e45e49d8d,b69b6e88-2b69-4dc0-8159-64d0d385f596,02e2cc9f-1571-4f62-873f-041bd20dec0d,{Vietnamese},25-04-2025,
bd0aabbd-8822-41f8-8a4e-f876cce686ed,b652f342-123a-4a9d-86f2-75fa8aed793d,939f4260-5c61-4781-bb90-e3a88125e99e,ccd3ab4d-0a47-4e3b-876c-07d101dd7504,"{German,Hindi}",05-07-2021,
5684dedb-3deb-46e7-8379-b364edcd45fb,39c122b5-d01e-4fd8-858e-1145a770010f,086b6124-440f-4176-9550-536ad2f33989,1b88ec68-4767-4107-89a3-f7abc62d9d6c,{German},08-01-2022,
31f8bea0-0182-48c1-b94b-6457b228d088,eb6422e9-4f74-4371-8575-d49cf1026341,b99e4a3b-d57c-4101-815e-95e31b269cae,b77fe430-174c-48cb-9c76-005de1f0893a,"{Japanese,Hindi}",07-06-2019,
f8f2b999-67b3-4870-ac87-3711fb962b50,48870600-5980-4d06-91a8-e5e5bd996345,3cb6ffc1-34c0-4b70-9c82-75cf530b3b83,7728ab63-d298-497a-b979-516565cf3d2c,"{Polish,Vietnamese}",08-02-2018,22-11-2022
c7d5c980-fa26-45c9-8fd7-09d16060f771,1938c3fa-861f-43f1-b5fb-79bcafa0210f,aee5c430-f8d6-406a-9049-a2efa0a94a81,716b2a73-db3c-4f6e-a4de-ef580d69b77e,"{Arabic,French}",11-01-2020,
dbbd66fd-3c9e-42b9-a4bc-8af54e253e71,21475c55-94f5-48c4-9d62-5b38e3816d92,c7aa98b1-7269-415e-9556-c9a90f57a46e,1d4fdafe-fe9f-4891-81d0-751ed8e2d384,"{Russian,Japanese}",27-10-2015,
d618ab87-9237-4956-a194-26e383e05c65,0f8e9015-2f48-4489-b4c6-091289965fa4,60594ca4-b3c8-4c53-b307-9a1f391d4b3a,2f44e6b5-cab9-4705-aa85-4a36f841a909,"{English,Hindi}",25-12-2018,
c4f70250-dafc-4531-b3d0-e8340d369bf4,f68bcd36-e7a1-4b25-b53f-e2cf6ac005c4,026b8a42-a1de-4c08-be2f-8648211bb5fb,fbef5055-e913-4673-9e59-842439d6275b,{Chinese},20-10-2017,
5ce28c7e-e4a6-436d-867c-0b7c84904aad,9d9c4370-c5a4-43ba-af59-b8ec3c750108,8afe3ad1-d3c0-4d54-9062-db836124311d,4213653c-ce8e-4f89-aec1-7ac8fb086478,"{Hindi,French,Spanish}",12-04-2019,
881fb0bd-c10b-4f8f-a018-f828ee90e6c1,20efe7c6-1d09-4f31-9284-e2308df1f4a0,770be5fb-9498-456f-bf3c-a0a3ae0b86c8,74d8ab49-1a43-4e55-8354-a2a86d2f5995,{Korean},01-10-2016,
ace61b74-60bb-4ae8-b374-d007c3874dd9,0891e6f9-7b77-4d8c-9a5f-a89b12028f12,84c1f7f2-122d-4845-a09b-1247170aeb2a,e4c65b64-432b-4aee-aa8a-129089971924,"{Hindi,Polish}",18-09-2016,
ed993fce-18c2-4062-9c33-11eb2be757c2,be47e76e-c844-4126-a6a1-192cd13e9c6e,9bf6040a-384f-4532-9450-8fe651c08ec1,0bc9e2bd-0aea-4f24-986a-7742110b03ca,"{Portuguese,German,Japanese}",28-04-2024,
a629c6cb-d1e5-4573-80f9-0608aca59e5d,9f223c1b-2132-4f39-8ae1-3084d61ef031,b09dbc0e-9bb8-4707-b943-d7cbe6e2820a,8a36fd6a-43c7-4fc0-8ef3-43c7c1a57f9b,{Tagalog},17-04-2022,
3e0e31d4-fb89-471f-8d75-2cc1f55aac2f,9653c5e7-917d-40c9-b54e-12901aadee15,f8fe94a0-d821-461e-bae0-121de9216cf9,8b7c6fa5-4be2-4794-9220-2748047cfdeb,"{Vietnamese,Chinese,Hindi}",29-12-2015,
ea5c729e-608e-4f4a-81a7-d58b61cd6b11,70c2efc3-d191-41f7-ad42-da4185e80d5b,f751a31d-d5a1-4c25-945d-a8e8b7c4c001,3afc4e06-5a33-4f79-be20-e1af748ee58a,"{Arabic,Portuguese}",10-04-2016,29-04-2024
ac0fdb3f-a960-4f5d-a57b-d6cda960af94,7eece1d3-7113-43f9-88d6-208c213f42e2,2eda8811-46ed-4cdb-968f-7f22c0a4bcd1,faba4f75-ae22-447d-9424-f7620a6388de,"{Russian,Chinese,Tagalog}",24-02-2018,
43c9daa8-385c-4ac3-bbd1-053536e8d565,35078373-5898-4bd2-94ec-e95b559b7445,7fa73ade-9b53-4ce0-a0d0-59dbc9c669b3,d87a1841-8545-4847-b7d2-802243a91ec1,"{Spanish,Portuguese,Japanese}",13-11-2020,20-09-2023
fe6cdc47-a823-4bfb-836e-a77f5dcfbfed,d26aa766-5637-46ce-85cf-56f4e850d1de,fec9a8eb-22d3-41ec-83a9-c61e284e8633,637a99df-80b2-4a6a-ba3f-b7964ddbce43,"{Persian (Farsi),Chinese}",06-12-2016,29-08-2017
8cd267f1-248c-48de-b177-2fc153c1a5c9,5f09737e-c4d1-4bcd-89a5-cf25f610abbe,51fa13f2-f8a9-4b3c-abe6-4493d1c8a221,2f12e842-4560-416e-961d-6c74a0b69eda,"{English,Russian}",19-10-2021,
81549ec4-b59c-4ea5-93ad-2621fd629f92,4fe8da49-0d37-459f-ab0d-d5021d8f6f16,d7f4422f-e3ce-4345-9b29-18097838ea24,5b974df3-a3a2-4cd2-bc42-d8354b1f943c,"{Vietnamese,German}",23-12-2019,
b768801c-d21e-4d14-8821-02bac72002cb,4d3febde-d77d-4fce-9bcd-dae75b81072f,6a426123-6c0a-424a-8930-c1ae9da2ab72,2795e114-25ad-484f-b24c-7464d9c8aa34,"{French,Japanese}",14-08-2017,
60bbfb59-90a7-4d86-be51-9776cdee52e7,30ee250f-2068-49cb-b9c0-5a0834a5fa9a,1ac36110-ee52-4eea-9de8-53350b347464,42c35434-e57e-4607-aeee-0b0f799c658a,{Vietnamese},07-04-2020,
ced976c5-02b8-4d11-8d16-5b50496e7bd4,63122131-90e4-42fc-894c-1bdd1e032fb0,b4423532-a7d4-40ce-9674-432fa4bc1f6c,bf8e00df-ed16-4297-a777-3fd979a47a30,"{Arabic,Portuguese,Vietnamese}",09-03-2024,02-12-2024
d247a1bb-5895-468d-a6cd-7dead313b421,f66c5647-d815-4cc4-a8c3-2cc9920099ca,0b409937-2273-4167-a51d-51b97f664215,16543f00-70b5-4785-b67d-c108c6ba5276,"{French,Persian (Farsi)}",08-01-2019,
12f8a65a-8dd6-40fc-9a34-0127d705e8c6,1bd4ba1a-ae18-46ee-a98e-1a7b4f738119,73926a63-0502-4717-a6ba-67be821a9fa2,8fcb73c5-bab3-4ebc-a9c8-910743a64ef2,"{Tagalog,Russian,French}",08-11-2021,
4af8d820-8a29-4766-ade8-4a3a45db37ad,a870a816-1528-4537-9d8b-4b627d71e6ba,36d1fd21-a05a-43fe-837d-9fdd33d476b2,7a39a720-efab-4a8d-8b87-22e5a78e82db,"{Korean,Arabic,Spanish}",14-02-2024,
c675b273-c729-4c2f-83bd-6907f4e3f69e,c1bbe1bc-83f5-466b-89ab-271be547518e,46c95e75-017b-4cdf-9b86-d394eaa0c614,bdde2faa-d875-4616-a8a1-3501db4a643f,{French},09-02-2017,18-03-2018
1091b811-f094-4edd-9c26-eec4101ba9f6,f097282a-2d93-463a-96af-4398049f04e0,ef4a714e-024c-466b-bfe9-ba30b0c80edf,42b102fd-ebba-4565-9838-e3aeeb755891,{English},17-03-2024,
2a0aa1e6-58f9-4235-96c2-6754bcf0ef41,dc1740cc-7a9b-4565-adbf-48977795f862,25d532e8-3443-4d4d-b17c-0ae69d148b87,8050a5cf-f0e0-49e0-a755-d3db5d8159fb,"{Spanish,German}",08-10-2023,12-06-2024
c1bd8b2d-31ab-4537-808d-f7fb5a61af31,84ae5e52-fbce-4e28-8a7f-25d4f9411ee3,2f075deb-1d1d-4345-86b5-15c61109cc9b,b6a40d44-5063-487a-b0c6-24745927ef7e,"{Korean,Chinese,German}",29-09-2023,
5e40d145-3e21-4661-90d6-dbc82e0318ae,d7c81f7a-655e-4849-a602-16c1162480eb,8760e172-ea7e-4407-911b-0b1a1f629fbf,4c786bbe-070a-4790-bbbc-26ea08d31113,"{Hindi,Portuguese,Arabic}",21-04-2021,
077f701e-8b0d-4f92-9e3c-075281cf4240,9b3db381-471d-4dcd-bed7-a1c61a3ee410,31923673-bccd-424a-9f90-80940b9f2ae0,4429b95c-e6aa-4ce3-baf1-f3a951232240,"{Spanish,Persian (Farsi),Tagalog}",25-12-2024,02-04-2025
d0791e47-119f-4acf-bfc9-8a71aa491d18,035b4735-0f07-4c9e-a3b8-1771546bd7d3,08613182-296e-4d91-bf5e-d9e17b414018,e3efb37e-244b-4ac1-837d-fe59dbb3898f,"{German,French,Portuguese}",19-09-2024,
5fa0f380-2803-4207-91cd-1b6772017bc6,3a311ea7-40b6-4d26-a7cc-d1ebbc728537,e5f8279f-28b6-4bc4-866d-c84670d97109,1b4064d4-67c5-4f7c-959f-a5e1bbab9982,"{Portuguese,Persian (Farsi)}",16-03-2020,
bafd6ee5-3932-4c4b-a5cc-fe95b9ef944c,07d81f25-55fc-428e-a4f9-bbe6907d5731,5989f195-26db-4d9a-b063-66433e47c870,72961258-af41-4c56-b836-8d11cc91bd7b,"{Persian (Farsi),Japanese,French}",09-10-2021,
9ce85ca6-4fdd-42cb-8658-47108dc3f82d,cd839743-e931-4b54-b261-0709070dfa74,2006853c-7e63-4501-98c6-b7c7e4bf8571,00194867-84ca-44d4-b773-dd5b1ed179c2,"{Spanish,German}",21-02-2023,
baae309f-4c0d-423b-a2c7-a87359f53669,6f256631-2b07-405a-ba38-b628e2cdeb9e,639ea241-5781-41a9-a8ca-38b01ecd0277,ea7e69eb-13f6-42c5-9f93-501a1fde2d90,"{Hindi,Arabic,Japanese}",20-03-2018,30-10-2024
a8a61620-e092-41b6-a1a0-bda7f7225989,71a2ab45-8796-4e34-8784-19ca15bf7376,ff51cbd8-81d7-4869-adfa-b28126ba1a7d,ae455bf3-c09e-44a2-999b-c5ab898f056c,{German},13-02-2021,
d3b8ccfc-85bc-4026-94c8-0d44e041788a,afebae87-9be7-4a18-979f-05d0930743d6,6150ac04-37a0-410c-807b-98a1b5cc5d62,fe482142-fcb2-4be4-ad11-fc837da89a92,"{Chinese,Russian,Hindi}",17-05-2017,
16d18bc7-ed66-45be-97ad-f520c5675a3a,e70cedb0-647e-4619-b9d9-0ec4636a27cd,66ea3300-2ff5-4d40-b1d0-8280d8a96c9c,f2de886e-86ca-4144-8cf6-7912ed7ff89c,{Tagalog},05-12-2023,
5135eb35-38d7-40c8-bcdc-5df36c16a184,b6ec70db-0600-4901-a342-a9bed63f7e76,a3ad16d2-7014-4627-b527-c4ddd2b2af64,64608356-22f2-4dd3-8ebe-d8ecf5e590db,{German},03-03-2022,
fcbcff06-45ec-4da7-8c6a-9a49e11b0ee3,c67179ef-ff4c-46f2-921e-93e069da35e4,4021a312-338c-4efe-bac7-70460084c2c5,4fe41b8d-9be3-490e-a93e-814353bfde38,{Chinese},07-08-2018,
39f37c15-2973-4bb6-9247-4ba5e17c9d47,fdb73b73-75b4-44fa-b32a-af59e78b83eb,bca11b7d-e697-45c2-9600-122b79d50fdd,df963c53-697a-4784-bdcf-1c78bbb6f5b9,"{French,Chinese,Polish}",10-11-2019,20-06-2022
0a208b8b-31fe-4112-9fec-c086fce6a457,d6265101-1405-45b8-80cd-246462ea69c3,368aaa83-a020-46e1-ba0c-84fefe0dc53a,fe1c0327-e1e7-4fe9-af4a-53182c96899f,{Arabic},22-02-2018,
70e6d15d-4027-49d9-bb05-0a1d77ab6552,6ba1e621-69e8-4bf5-b35b-8b09b57b5f5e,d2aa9c1e-8881-45ad-a295-d5a0f76e32eb,e0d7e7bc-6a64-4655-847f-a18bd7ab3e7d,"{French,Arabic}",08-03-2019,
9c15c523-e8e8-4d16-b05a-883409c8ebf2,8b9b2be1-79ea-4315-bd83-e0b030e3c231,97bfe0f0-14c6-4636-a78e-790ed2aa5bad,44488897-c6f5-4f57-bb7c-8fd26d890923,"{Arabic,Persian (Farsi)}",05-01-2022,25-09-2024
a1f3f25f-9655-4f03-bd5a-79d372e58539,69b89a99-2e72-4ee2-a202-f2f2459ed9c1,6196c24a-842c-4e42-8ee9-c1619f09954b,08d41d13-0419-41d6-bdb6-743d52e140a4,{French},22-04-2022,
e1ba3d47-cd8d-476f-9c80-8e7d1645fe87,1bfccf96-ec90-47ec-9b0c-02596783f131,5875a8fa-ab67-4555-878a-4d79efdb2a2f,fa08f659-0c37-4f3f-ad72-77bd53476255,"{Japanese,Polish,Hindi}",12-04-2020,30-07-2022
3e90a22c-bb81-48ba-aa02-f9f9261af1ee,66c06386-5db7-4deb-a473-82b8bf0e51f5,1e3c74e8-8240-411c-9d0a-c4309945151e,7cdf52b9-3ce7-4e36-a12a-4fbd76f23125,"{Polish,Arabic,Japanese}",06-11-2016,
043b4b2a-f1be-4a27-953f-6295ea414c4a,6478b8ea-e0e6-4ee2-971d-f707b8746db9,cb1bea85-1fc0-404b-b394-0e7b6dfc11cf,381bf34a-7b66-4559-8b34-ae06ad3ed1c9,{French},09-03-2025,
ebedc735-c5f7-4237-ad29-0701b892b06a,9ee17618-7d89-4c31-9621-9059bd601d82,c339d960-746f-40af-bd6c-6c30e63f2234,1bee5c2d-9127-4578-a7da-cfb1b7f411fe,"{Spanish,English,Vietnamese}",27-11-2023,
668debe9-71eb-4c37-a9e0-2a1c165d046c,d1c66369-7c95-4776-929f-45eb9c0cf1ce,038ffe2e-d475-4161-bc72-3f811638fad0,4ee66ce4-212e-4d8d-a6e0-83b93ee66bc7,{German},23-01-2023,
4b9d08cf-64ea-4bcc-8995-88b7d7f9951e,9f169e15-8110-407e-8131-4808f858dc76,fa222a7e-c619-4aa1-aa71-abbf96cd16b1,071716d7-46d9-43b3-b988-50a5a2427e5a,{French},26-04-2025,
6c326ff7-6f42-4307-97f2-a375960c8f96,170c29e4-c233-4059-87a8-191b913db9a2,cedd39bd-c106-4b3e-970b-257f6636cd8f,deeb4999-b469-4b89-a08d-70443f297818,"{Persian (Farsi),German,French}",06-12-2021,
6b173065-c5e1-4f0e-b9d6-a1e834ca18ed,238621d8-c093-4d2a-bf22-44707f07ea3d,6c50142e-5f86-4558-be48-41342404c347,4e6c0f14-a1f9-490a-8872-b9c9f1bf530d,{Polish},18-04-2016,
1af4809c-724a-43d5-8915-ee5860b9baf3,cd6b07f8-1083-408b-bf71-00b2a774d0af,a4d6da47-c2e8-4bae-8efe-e965010036a4,1be0b183-2cd0-44f6-b9f3-5618c98e359f,"{Persian (Farsi),Japanese}",26-02-2023,
954b8009-4c5d-472a-a4b4-1778075ed815,7e8d1c0b-3c89-44b1-aeb3-1658572fd7a6,90912904-3628-45d6-9d4e-e9f804d7b9d8,6a14d017-bde0-4772-99d9-308bd60c35e8,"{Polish,English}",24-11-2017,
34e62f50-065e-451e-a105-d88681757079,f980879a-4cc2-4e6e-a6d4-366d96e6040f,c3548152-db9e-426d-a56b-f1ae2979248b,1122a597-6716-4be5-8067-3e8df34cf1c9,"{Polish,Vietnamese}",07-04-2016,
eba82ca3-0835-4855-a851-918ba0ce2e32,b4cae5dc-339d-4612-b770-cde9981a5e84,168a9f39-2f29-47a1-9523-dcd35c52c02f,3decd499-0dcb-4e45-bfe2-319eb228fa93,{Spanish},03-05-2021,
889beb05-4ab3-4bf5-b201-5ef4ee9aa4f9,7a3f3fae-2601-4395-a763-aa5dac9fdba4,475d495e-76f4-4756-a627-a5c40666e61c,1cad3b71-1874-413a-943a-83ce76b41bc1,{Hindi},19-08-2022,05-09-2022
759a1e8c-119a-4669-b6eb-417e1e2d0f68,cf69f408-384e-4af6-af03-2ad2a663e7f6,3252aad8-0732-4b33-8ee0-05dfde898e51,9d899f20-aa3a-4b06-9252-118b8eb2dc4f,"{Japanese,Arabic,Korean}",01-02-2017,
93ee600e-03e4-4ad5-828f-1691522b7454,8c48d692-ae5c-4912-9b3c-9d6f53a7dded,301ee0b6-3e07-45e5-a4c7-be095e49e93b,70b69c6a-e5f1-4f86-912e-37edc4c665e8,"{German,Persian (Farsi)}",18-08-2021,
0f7cb4f7-3453-4d32-b598-59866b7fe33d,b4c57a69-2d75-43dd-8f43-815c30f7ccbb,e92c645c-141b-4d18-872d-935eb5ddea4f,c4fca267-c01f-4e6f-aa55-7b2c9f58c457,{Japanese},09-02-2023,28-04-2024
709f6e80-028c-4164-8555-554ae4554905,aa4a6329-eff4-45b8-a72d-fc2f3fa4c5f7,595408f2-2c1d-46ff-b929-e73f071b34d3,4408dbfb-e485-4dbf-85d5-d78c6f6c8ff7,"{Korean,German}",13-08-2020,
f99cd08e-e88d-4314-ba52-3922b119ebbc,3e6b7a37-f20e-412c-a3b5-e8d516b6b13e,bbf37efd-03ad-4041-9031-806be9893c22,1c249550-e11b-4e70-9c69-0dc9e604a6b9,{Japanese},23-12-2024,
33e14431-d748-4c7c-8371-693a975119ea,85824ab8-4b00-407a-a1d8-65e8a6bad26e,d4ed1f17-7121-4554-a749-6d121c83dea9,e5dcd5c9-37f7-4f2b-9051-ae353dd5ea8b,"{Hindi,French,Chinese}",20-07-2022,
d4649d0e-115f-4e89-b59b-c15f885a8e74,76eac02a-4952-48bc-b48b-dcfd2eca1a5a,fed90224-6115-4892-a139-12113462e0de,79f2fcc1-807b-4956-8740-537bb7189657,"{Tagalog,Hindi,Vietnamese}",05-01-2016,
5ad46b8e-3208-47d0-b2ad-f6229e8cf579,c81a23ce-9b09-4992-b9b5-d859693c6909,53fb57fa-6d46-4e28-ad07-c12aad27de27,0533f26b-2704-4477-9c51-bf27832cb5f9,{Hindi},05-07-2024,
854ec354-38cd-4852-882a-a124278f4067,b809bfaf-8ed2-443c-8d2e-95181f67f993,00f1fc55-4072-4fc5-8814-38ca5a9f6c16,9c5d9792-9546-4534-b5f3-b810d4b773c3,{Arabic},18-09-2015,
9d60c031-604e-4301-9e0c-33f6d78bccd8,09ff9385-6d06-4380-b522-4786ce1bfd05,12769d5c-b760-4782-9dde-8fba2c81db8d,07a68fc8-32f6-40a5-a3de-480ee4c6cfb9,{Japanese},02-11-2015,
5605688e-35c4-49f3-9bb2-dfcba1f76ed2,4d0e010f-af97-42df-8e2d-578dee4f4f9c,2c7a72b4-a109-455c-bf1b-623b3d5eca34,b5ad4e2b-fbcd-4a5d-93f9-5cc16e30cd9d,{Chinese},24-01-2018,20-12-2022
8fa60d34-c35d-4672-b0a2-6825c0ee5f85,6076218a-10e5-4277-b833-bdb8c4fae321,753b4ecf-4c5d-4e5e-be89-fc7e382610aa,a808c95e-9cd0-4f5c-aa98-561261a72374,{Persian (Farsi)},01-01-2021,
c4b0cb58-f7aa-4ad5-aa6d-8b93814bf065,8dd5be1a-f23e-4852-b279-14310f55ceb1,525e3cc9-8b84-4d3b-ac96-c607584c3e2e,be3254c4-9299-48ea-a42a-ff600f8570bd,{German},04-10-2021,
d71bd3f5-574e-452e-b5a3-0d95a2f40474,03d31516-cc79-4074-86d4-e873c8c21d43,4830e89d-4192-488c-9802-1f1f4e98e6b6,bb92b47b-db34-46f1-80e4-110d1f49ff6d,{Vietnamese},05-05-2021,20-02-2025
7896f6f2-67ff-4d40-9e59-70dcd8201e31,92ab7f89-31c5-47a9-be08-31bf2eb4f20e,75f570d4-5457-4cb9-8bfe-5058d6352a60,37b493a0-a39e-4047-8e2d-a691a7240e2a,"{Portuguese,Hindi}",16-09-2015,
dfad00ff-31e2-476c-99ee-0580d5a79339,89ccd27c-fe9b-4a6f-8be4-aea900871fb1,e90466d2-e49a-4d4f-92dc-bf7f91f1cc2c,0d62bc00-d6a6-4360-8320-c460b6bc9c78,"{Korean,Portuguese,Hindi}",30-12-2016,09-10-2018
ddb7c622-9037-4fe3-a69c-2c6a56c5208f,bded21aa-c01b-47f0-aa52-6a70254547e9,0fb7589c-c3bc-411b-856f-92f9536e7526,e8207466-6ce0-4ac2-a6e2-af97659f70f0,"{Arabic,Tagalog,Hindi}",28-06-2017,
3b1a45f0-d955-4ec6-ab40-ca7916ef8a7f,9ef3678b-1d07-4903-a798-7f44eba43f25,774c2127-6754-4f97-91a7-349a635ef1e1,9d4e9181-3051-419d-8fee-f67855d9faf2,"{Korean,French,Hindi}",14-08-2021,
4b456724-876c-469b-8ab1-33bafc040def,ce395f0b-30bb-497e-be45-7d5cffb5b41b,14e7068d-62b2-46e1-85fe-e5cf76afec15,7a943843-a49b-4ad0-9254-09b2f55ea0a5,{Russian},03-12-2017,
3a5cd41d-06ea-40d4-aa7d-aa841af752be,a386f531-eec7-4d39-bd17-8c199c526fa2,aba4c826-ca09-4f63-8221-19180c053672,d93a3253-ef84-472a-bea6-c23390920f06,{Japanese},24-10-2023,
5a0a4c23-fecc-46c6-b165-0da3449afdc6,d29c86f8-e3e6-4b06-b4e5-cff6ed537576,7efe7474-5b78-431f-9dbc-86f91f273e85,ccb8890d-e432-4463-a167-2304ee676c72,"{Japanese,English}",23-05-2021,
8c214812-65b9-4e48-b90b-d53160917413,45d36535-0962-4dab-a771-40d92c6aac0b,175d9661-2aad-43d4-9810-1794b60f008a,627ba923-57ff-4b20-9854-ff5af8b6633f,{German},16-07-2024,
e5ae8870-9418-4566-aa78-90d7723cb123,d59a38f8-5190-4755-abf7-142c71362a7b,81e2d53e-b2e1-45ed-9afe-4f950de640e8,96380523-5819-46b3-b448-b72172784a29,{Portuguese},20-03-2025,22-05-2025
353f40d1-5835-4109-a926-43879b026a79,97f43da6-4466-4d26-9274-7c13c5070d02,ddd9b8a4-f996-4bfd-b2f7-dd9db8495636,039a7f40-31bc-4f4b-9280-fb97fb0cce05,{Vietnamese},15-11-2017,
e77c7600-23e8-4f58-a5f4-434b1a51e6e1,284265c5-8eb3-4f7f-b7b9-522cc2fd9368,05ade731-64fb-432f-a19c-502f1d5d2531,b84fae31-8018-4289-8bde-d77806a651ce,{Hindi},29-03-2023,
85e9a924-4eb9-4538-90c8-9967c94f5bce,25b903c0-f192-4130-8a75-3e3683621474,bf98bbef-6de7-4420-bea2-10d23c9c5167,5d135f62-374a-4ad2-8db2-ae24ebf7ab2b,"{Hindi,Chinese}",16-10-2024,02-02-2025
cdf8142f-1e43-46fb-8c56-354f7f56ba06,997fa181-b7a3-4aaf-b341-f8eb25583385,a3f7cd39-01cd-4e35-afd8-dce36948374b,31b3fd2f-c06d-4cbf-9548-ebb8bc5a0034,"{Spanish,Japanese,Chinese}",04-03-2023,
1e9a012d-df82-40f6-9cb7-fbfdaef836fa,be44e714-ebf6-4724-b030-c11833e034fd,1688df84-e0a7-4dec-bec1-5ce5f1ecce0e,de4f94da-10bd-4f1d-b367-0060155d07c7,"{Polish,Korean,Hindi}",09-07-2017,
e006fff5-4775-4c32-9250-a740d6c5c849,bbbc483f-1a99-462a-b79a-5d5ec97a7e8a,0f2fe541-251d-4cc7-89a0-766e196b631b,61e2163b-b555-41b7-81b3-86491ba61472,{Hindi},09-10-2024,
0b549870-c1e1-4099-8799-d96082b03553,12fa909a-e513-4e48-98cd-eaf71a093e22,4a3a9a15-afff-4ff5-8ca1-362ccff1cc6a,2ca72947-a51e-4575-ab8f-9bbf6ba2bf01,"{Hindi,Tagalog}",21-10-2023,
cce25612-a93f-4122-bdc8-a1e7768636b0,9a376c16-639c-44f9-9381-3800f58f806d,68e83a53-be32-4b16-a683-e5ce2b5dad24,162ca10e-571b-4ad7-aa74-6c848cfe2df3,"{Portuguese,Vietnamese,English}",29-05-2024,
cb85ab1a-e6b6-4d44-9329-ff455b553726,a0fe59de-5801-4e0a-bd22-852894e96836,e31d78d5-c666-4480-895d-135555c6e5d4,2478e764-251e-40af-93b1-fe939487da30,"{English,Spanish,Japanese}",22-11-2020,
35f536ab-cd1c-4836-b12e-d523e9edfe80,f6101c8c-245f-4f26-8808-237f2f22a7da,28225fcf-3506-45c8-b847-78d8527655f0,3b05d363-885e-4d9d-9802-708826782b84,"{Polish,Spanish}",10-10-2018,
ffa0151b-252d-4f96-b2da-ff0cdedfed08,320a8c30-2e7a-4a8c-b619-22e017836753,ed440ee3-30d1-45c6-81ce-4e3b4bc75659,05f4cd4a-b179-48e0-bce2-285c5f993789,"{Portuguese,Russian}",19-09-2020,
e6cb3521-1d3e-42c2-9296-dd46bd6a444d,b98bc713-8f94-4565-9979-850167f6586e,8e226cb8-4983-4dfe-8e41-4e4b0462cbd0,031d536d-8b73-46f2-ac02-e231aad1a808,{Hindi},28-06-2018,
e7d1fee4-8ba5-4112-8866-68c064211497,6763a80b-b668-4da1-b9a6-8fb497b9d79c,eaa3e6d9-45f1-4ceb-b51c-638ca2eb2b27,14dc104c-81aa-4be0-b3d4-780a6dd3ce3e,"{Polish,Chinese,German}",19-08-2015,18-03-2022
4ce0d7b1-0409-475b-849b-d513ae9203ea,af2f1546-a0b5-4612-abaf-ed94015799d4,d98825e7-1f10-475d-9dc4-9369bb26fd7e,e95b00c7-42bd-4013-8cd0-1fea023f4ae4,{Chinese},01-09-2019,
f6cbc37c-9eb9-459b-90d5-08f0f4d95af0,78a52fa7-6284-4a9f-a3d1-f303779d5536,d3997791-6602-401b-aa3a-5228477bf595,6b4e0c91-081d-4bb7-9753-3895ee839303,"{Tagalog,Persian (Farsi),Portuguese}",26-04-2020,
1a0500d6-29c5-4095-b142-65b97df2c79e,1be43d70-8336-4b96-a381-c49da81edd24,c72d40a3-ae3b-4e71-a4e3-ef1ed8f07246,88e3aa6b-26d7-48a8-876d-769986036fef,{English},17-08-2018,
514d7d3a-7a6e-4a1b-b2cf-59acbc7ea5dc,00fc50b8-f503-4fb3-a10e-53368d96564e,8b3caf2b-ef1a-4a0a-b22e-4e0a28c90fb8,179ef8b1-efb2-4e27-b2b5-ac97b810dd77,{Vietnamese},30-05-2024,
0d7a97c0-1c22-4aab-a569-87328941e872,f2d98a28-879b-4b33-ae8e-b32daab8c37f,bc05e326-db7a-4670-add2-3ebb66c77e9f,25f74316-dda5-4db1-8548-4eee01f3e696,"{Japanese,Persian (Farsi)}",27-01-2016,
b7919bf8-2865-45fb-ba0d-dda363937476,04d33ecd-ef06-4c52-b043-857508d6e63a,65fc7035-27d1-4d4a-8153-1985dfef6429,c094e3ca-70c4-4c01-bc74-4f4ef82f368a,"{English,Korean,Chinese}",18-03-2020,
c033ac5a-d8eb-48ad-a4cc-2a7cd11e8d15,84b1c8ea-e79a-4c1e-8554-c2204ee7695c,9bfe4cc4-19a0-4d9e-a758-8b6d254ef6b7,488d76d5-7c44-4b9c-b352-cdb170b64041,"{Arabic,Vietnamese}",01-01-2023,
2e897f43-7976-4c2f-b188-131a30277322,5cbd8f85-f1d4-457a-9ebd-ef4ff58c71a9,103a68b9-0504-4ce5-8df0-51b566109195,97d24d74-817a-4079-a60b-2d9a424d11c7,"{French,Hindi,English}",06-04-2021,
30c51962-f3a1-4b31-8880-a3a8569e03c5,4b379bc8-a90a-431a-bd2d-729aeacdcb30,dda741de-b74b-4b46-8eaa-5c524e81dff8,f2844843-a2ef-4c80-bb3f-5abcfffee094,"{Korean,Russian,English}",09-05-2024,
b4aab872-5dea-4785-a254-0370598628b5,247ef6dd-5289-4c36-beae-df1ddb82f97c,bbc483e1-30f5-40f0-ac0c-c9055ca5980d,2fd0df80-2818-41cf-a64c-93cceab18538,"{Vietnamese,Portuguese,Polish}",24-04-2018,
dea23089-8f04-4027-a98f-c5e635e93a3b,4e15c8af-cfda-43f9-88e3-04734d81b075,19e101bf-0855-42e8-aa53-4a6c8d08d5f8,e952aa48-5ee8-4113-9975-a662246d2837,"{German,Korean}",13-10-2018,29-06-2019
19f8c569-ef17-4fad-8c16-4565ea3c0b1f,9e737f5b-e8ef-46c6-873c-df38b1ac43f9,c3e7bba6-c414-48a4-9447-32231f5028e1,8da3c2f9-0ff4-4fee-98de-4aac5f6190d9,"{Korean,Hindi,Polish}",22-01-2024,23-03-2025
a23a2432-704b-48e6-90bd-45faee887ad8,8f46b54e-f210-4576-9ee6-eb6abd5e3f7d,75159d3c-23c8-4673-8c5e-4e88b0f69c14,e0ea9609-e84d-4907-b557-82aef8fdc822,{Tagalog},24-10-2018,05-04-2021
fe5d5ea1-3b0e-4399-92d6-cd045dd27f1a,a6bdbf63-05f5-4317-a274-8aaaf1067187,f73711d0-e8f6-490f-8832-09db60f9efef,16faa683-902b-4e4f-8504-7f6df40012b8,{Vietnamese},13-09-2017,
e45caab4-1e60-471f-bbe0-aa4009dcd316,60f1aa80-64d6-4c3a-aad9-18e48d2e5989,cbb84276-4a7e-4396-bdd4-5e2cdb2c6a12,f0a0589e-a053-4dab-a94f-7d7e7509c055,"{Hindi,Japanese}",16-06-2024,
cbef568b-2cf9-4028-b374-77d50ed94826,a985ccab-1746-4b49-82c0-a8619507374e,b6dbfe3e-103d-4ed6-9f75-c5bf3a96180f,bffa3a7c-72e0-4f95-beb9-982a7f4858bf,"{Japanese,Persian (Farsi)}",27-08-2024,
738fbc2f-e1c5-4728-8bbc-46d8704cf483,cf7572ef-1c7e-4e35-8884-55fe56fe22f9,706d6940-129b-4739-add9-7cbf6059288e,af5ed9d4-c3f7-45be-a6db-6a640ff07bd5,{Persian (Farsi)},16-02-2018,
29b5037a-865f-43b6-8e80-d7cd671c699d,f990badc-a269-4f8d-89e6-5069d3df97fd,1bcc9a64-d206-4b9a-8b08-54c2dd052ff9,49eb35cf-ed62-4bf7-9d9c-676354c232be,{German},29-02-2016,
76c5eed6-30d8-4f31-852f-caeb9a937ac6,26a3a31a-b9c7-43ae-b038-75787d80a462,cc123c7c-f22c-4d32-9076-38bc6526beae,7d11c47f-6700-4442-bedb-2a73eba2980f,"{Arabic,Hindi}",08-03-2019,
e31d97a2-952d-49ab-90b2-95bfd6707a44,6e6a3089-8c6f-4ea6-b03b-b259d9293c12,212a97e1-7a95-4b99-af1f-07cea156e0bf,af8ce44d-2b2d-4c4b-940d-c18131078102,"{German,Tagalog}",24-04-2017,
c4c1845b-96ae-4ec1-9f1b-f865e4ecb6d7,3bb395d0-f7fc-4462-a357-25ec0f0e971b,2b299bbc-7520-4224-a312-83f6f887b1ee,55d4f05a-b51f-48a4-84ab-026934bee98e,"{Portuguese,Russian,Chinese}",02-12-2018,04-03-2024
4d6bfa93-6c5e-4b12-8381-e5f586e493fc,5a90f551-8c68-441f-9c6d-e13e12ad19b6,04499ace-2a68-4c95-a612-183cf69caf8e,3277ebe4-8250-4af7-9a1a-8d12f57254b0,{French},04-10-2022,
24a3effc-18e3-404c-845b-62f9eee8285f,f4c26db7-ff5a-43bd-a3f9-1bd31bcdaea2,ca20e0c7-4a54-459b-8b81-6568b18791ef,b2fbc0a6-b28a-4fd4-8247-6d2b412e485a,"{German,Portuguese}",19-12-2020,
9817b3d5-43d9-4fea-aa06-413a4de29a6b,c5d7545a-2417-42c7-810c-e159413dcd2c,72d78d5c-ea1d-4109-9fa5-54fb5814f451,a114dd9f-ff2a-4d66-9202-2de55a7f23fb,"{Vietnamese,Hindi}",21-02-2018,31-07-2019
87f7dfce-a532-4302-9b56-07c97b1387b6,02140d07-8584-453f-91d0-8b6ad158e341,af33616a-619c-4a54-bea9-9df8089464c1,048e609d-0600-4487-8c1c-392c15b06a29,"{Tagalog,Spanish}",06-11-2022,
409ac72f-4fb8-47b5-9170-a173250ef3e4,3f213d32-4d5c-4b88-8bf7-50c78a87fe92,fef9f7e6-9c18-42ab-9126-35a05a886b97,d3c5b396-a5b6-4d06-90e1-2bfb8b56e1c9,"{Portuguese,Polish}",12-05-2018,
f9b3181e-7ea7-4ffa-a7f6-dd81d002049d,a02d7389-445d-437e-89e9-7cd06f0b233d,3182127d-1abe-48b7-a7b8-2b2b7ed00ba4,88f65f66-9d6a-4b10-b3ba-16b60340a452,"{Vietnamese,English,Japanese}",14-04-2023,
f8f555dd-0119-4a2f-aed4-09428d4aeadb,ce97a55f-a6bf-43bf-996d-8c4149da875a,a3567e3e-cd19-4948-be1f-f542ebc37c1c,14a97584-673b-4ce8-bcff-27146b88a64e,"{Korean,Russian}",13-08-2020,
f0f10012-6419-4e3d-a47e-413cdff8fc3a,1c62813d-c86c-4710-af67-c57207eccc92,d64e7f07-2831-4445-93f2-b8a92722fc62,439e8c86-6a85-43d0-9480-4edcadb09f5b,{French},24-09-2018,
e7922f6f-50e5-4b6b-8f75-ea523e2583c2,6d998fe3-c3c1-478e-b12b-30d104d93e84,0a36b15f-51c7-42d7-a33d-5a9edcd44b81,30a7fed0-9ed9-4139-a528-1240ae708f9e,{Japanese},18-11-2023,08-01-2025
6ce4d8c8-ac2e-4664-a1c2-dbc0349df32b,375f7260-09b4-4659-b3c7-7cd7e2880168,dd05adb4-ae94-477f-b25f-fcb8cbf166eb,29841b0f-28d9-4c48-b7db-613ecd8b8d87,"{Persian (Farsi),Portuguese}",07-08-2019,
53b10ce5-ac00-4697-b41f-2313ad17ba85,f1997820-62fd-4d3b-85d7-56faea4cf024,a7e80f91-dd29-46b8-adb0-0dc5e8e8fc03,6977ccf0-d05b-4956-b8ea-150d8b349543,"{Polish,Russian,Persian (Farsi)}",08-09-2021,
7e093a73-abff-4bda-bfe9-2eb9ec5ae1a2,e8399874-cac7-4e15-a3ec-af8114cd06bd,36f466c8-1dbc-40d3-be35-f2db6c9ba730,f9925fbf-665a-4fdb-aa55-f2c5a047f988,"{Hindi,Vietnamese}",18-10-2023,
9fb1800c-19b9-4c86-9b89-c663092be468,4bfa9afe-31ce-4613-a335-436165013f4f,f3840fed-f824-4686-9ebd-4b99781c2427,72d43e0d-2cc8-473a-9ca1-e3e0f0f78238,{Korean},07-03-2016,15-04-2024
5c6265b6-ae40-4867-a7e2-09f6603053ed,01507b6e-37f6-475d-8d73-62bdb94a7523,65e27f21-7959-4e0f-9987-2f9742f579b6,b80ddfa0-b4b4-46fc-9be6-340809ffea73,{Tagalog},24-06-2016,
f01a423e-0c96-4413-b0ac-de851fea2769,363c5233-c146-4eb0-9e2b-4dd1e64176d8,3ab8894d-bd9a-401b-9d57-a33b5a161918,415f2e01-96e4-4ca6-95fb-8ad2d0904486,{Persian (Farsi)},18-12-2021,
f194d856-4695-49c4-900d-fdeeb87f8611,6fd07af9-51e7-4bb8-bb04-847885b61ea8,b9bed63b-6ea7-481c-947a-9b8bffa85b81,1311c083-f310-47e3-92ff-829aceff4e64,"{Korean,Arabic,Spanish}",23-07-2023,
7677d5b1-16ba-445e-a7a2-0b8f6ec295b1,6714d1b5-c538-4cd0-84bc-4f1d75c03e97,855dc0c1-f707-4072-80aa-32a58eba0bde,a9139405-0157-4826-883d-d8c18275ab6d,"{Persian (Farsi),Polish}",29-03-2023,
ffa4f714-1e30-41f7-ba73-cc6ba013f39c,1d63cf70-9a3d-45ec-8270-8dbba7f1633c,b7edd5f1-6544-4c7e-b635-cc4ad9c4a944,4e413426-842d-422b-bf71-7c0bee3f1ce1,"{Hindi,Chinese}",26-06-2023,
1e30b9ec-4524-4517-9fa0-049600af4517,5089f5b7-d0fe-4732-a140-b637423e15c4,59b1ff0a-e131-4b5e-a9a4-40b90992ea43,ae51ac7a-e0fb-45e3-b59b-54c69adb984e,{Persian (Farsi)},07-10-2017,
e140434f-a8b1-40f1-bf6d-27fb65a5def6,b59de2d2-5fd4-4661-ae04-a58cd44f5a17,d09ab95e-71ed-4bb2-a2e5-cd3fce47ea5d,ce61780d-ba73-4cf2-ae6c-9273fc5863a5,{Polish},16-03-2022,
b4ec3a5e-c40f-4b09-b0ba-f2d9a9f8d972,b905c076-0ead-42ff-ab31-19443688ae24,38e0d857-6be0-4aed-a96b-dd6cba504177,9dd9a41b-20d7-4241-8bef-f0479c2ee8df,{Chinese},20-04-2016,
78b0ec58-f406-473c-8ed7-dbb9218ee565,12b7144b-5b60-4e04-944b-78f028209319,5f12d451-6bca-4df4-abdb-d473c6217bd1,9fb94814-106b-40a7-bcd8-f135d278ff69,{Chinese},22-01-2023,
7d058d53-2bd5-4821-bb97-d0dcdfc870b3,c171637a-ebf6-4b66-8a44-38c0ac45e6e5,99ddf0de-a227-4479-a9b4-f3fbad90fefb,16635b19-e59f-45e7-b91f-8cd243f48d0b,"{Chinese,Hindi}",02-10-2018,
9c1494be-52a9-4c2d-98ba-822f249a1a03,de2a1052-4867-4454-a997-a495919cff56,50c6c2e4-b298-4360-91a5-a0997d4b5b94,b27f16d8-377b-4cb8-82c6-69797c70e512,"{Vietnamese,Arabic}",01-03-2022,25-03-2023
1655cf7a-a389-47ff-b786-aaa84ed9eb1f,ef8b96d2-698b-4c4f-8256-b21cd25571fe,351541e5-4ee5-49bb-b343-05cc9665e3e2,523dd992-a2f5-4155-b82b-c08a5c564c6b,"{Hindi,Portuguese}",31-03-2019,12-10-2024
0fb1c17d-19ab-4b51-b417-0c0df30568fe,ff8afe16-3612-41a0-952a-83b43a8a1f91,b8965a4a-bd10-41c9-9e4e-7ddb933e80c4,539d1260-81d3-4af1-be3b-cc9f44b1742d,"{Vietnamese,Chinese,Korean}",16-01-2016,
225a9daa-88c2-4d50-986f-d0c61d8772e9,c0a375b6-89cd-4389-a050-e809d765db34,f5d5a77e-5d1c-4455-a540-6192d14842c6,4d7a3f64-614b-4f1d-86eb-1e4a6f482be7,"{German,Spanish}",10-01-2024,
a9c8edb6-ac74-4e85-aba0-27767954de71,da0b268f-9602-41e1-85b8-2bfc1bb006f8,302eb700-92a6-46f7-ae39-96e5476a0c96,b7a5e27d-1ab6-401b-a858-3e512d5f16fd,"{Persian (Farsi),Spanish}",13-03-2019,
131b1176-adb3-49e4-a80c-ae8eb25c4f16,e2f8296b-b0c6-4441-b4f1-ce37195232db,72da31aa-f73e-40fa-a847-423edd6f1066,4c11c88a-a136-4c83-b73c-e636a02bea7e,"{Tagalog,Korean,Spanish}",09-10-2018,
94654ba4-015e-474e-a59b-77dbd558fa49,89f7b49f-e097-4fd0-936a-e3888ecc46ae,0a2d6d30-4600-493c-8da4-235c0e6d27f4,9559c1fb-8d40-4e48-a819-1b8b70433584,"{Hindi,Spanish}",11-02-2016,
89d74ce0-af65-4589-9da2-1f0949d71786,53732510-7f24-4a64-b0e9-8b46d609e52d,0f329c28-5790-4a69-874f-eef81b6786d9,bb62fb2e-5e9b-4c88-aa37-0bc0f09cf3c5,"{Portuguese,Korean,Polish}",24-05-2017,
c12dd3d4-36d8-4e8b-a0ef-c9ab595cd015,b4869d9c-dcd1-4ed3-bc1f-3f7cf73383ed,60606270-63a4-41ca-9264-d4390396d087,76c36567-8f1c-4c27-a86e-c21b5a85c58f,"{English,Tagalog}",07-11-2023,
f6a3da2c-b76f-457b-81dd-486a6a4251e3,803a039a-be01-4238-9c61-74c565439bc6,9003a154-36fb-47c0-b1a5-0bcf46785306,bfc58511-023b-4d6e-821b-5906aa122889,{Polish},11-02-2019,
9ea7b9b7-825f-418a-8438-22672aea544f,5443b205-cfb1-4cf0-b0a7-92869cbbd901,c640f0a3-6b23-4287-9587-ff214b4ae99d,c21297fa-b9ba-4242-bbf5-2b73b0b1032a,"{Polish,Russian}",20-01-2016,
f8441d5c-2dc0-4ba3-8a6d-6bd32a961d80,3ea68845-259f-4a61-ac45-03b81a73c64c,003998f5-474f-4121-b232-904430940b8c,7c7cdd6b-29dc-407a-beb6-cd5ed855f9b6,"{Hindi,Tagalog}",10-07-2022,
c8dfb564-dd8d-4759-829b-ed131fb145ae,bd3d8e81-e67b-4019-97ee-1a6f75a8f702,cf31a2bf-51eb-487f-8458-781c2289f19b,ad076687-8531-47f4-8f59-751bf707e42d,"{Vietnamese,Hindi}",26-12-2019,
0700d164-97f0-45ec-a39b-3ba030aa41bb,bb04b7eb-b07d-4e1d-9b23-4286d1525bf5,a81963aa-6451-4d50-aab3-c1431c2072df,6bb3f6ff-f4d2-4ee6-ad4a-043adadb0f4b,"{Hindi,Polish}",20-10-2015,
fb136625-1b9e-46ed-952b-c38f2be8ed30,650a6fd6-b3b9-4510-a6d5-a574ebf369a3,0f1a1b77-8088-48b9-916b-79fe26b5c7f6,90b673cc-c990-4a72-9ffb-99e456e14410,{Russian},09-10-2024,
f0ea2818-e65e-4d7f-978b-3d67c7c5056b,6d2710ac-1e14-4162-8128-e7a17a101870,b8007fec-7dd6-4ff6-a9ef-7c1cdd721ab3,7fdc96cd-5345-4a6b-9b74-fdb706b4e9e5,"{Vietnamese,Persian (Farsi),Arabic}",01-04-2018,
a1d579ae-94fe-4203-9cf8-4f26438a3efd,85f4577c-2e3e-4a5c-b529-1d9599df3436,81227dab-57fe-4780-906c-40a489333883,a3760713-de43-4e11-93b8-e3f391ad46b4,"{Hindi,French,Polish}",26-03-2019,19-07-2021
0d76fe70-4df7-41a7-843b-5ae671ac69ee,a1f366bf-21aa-458e-90d1-9fb052f36b0e,e789afde-60ae-4eeb-98f3-f3e43eeab8c0,355c9954-99ec-4b35-ac39-2aafa212e640,"{Arabic,Spanish,Portuguese}",31-07-2017,
1ffa6b93-9e2a-4a99-9dff-ac6d480c2de7,aa1312c4-3353-4089-9c86-8ebfeb918ad5,a8180152-ee08-4f16-87f7-e3313ae17de4,283c905e-b2c9-4a65-b5cc-bf1f3007b9ed,"{Polish,Portuguese,Hindi}",29-12-2018,
ef621f62-0d00-4a46-acbd-612b4cc0b786,66dc54ac-35f5-4271-a3b9-c9a8a7e29a4f,0b7e75b7-2760-4525-a8dd-eb5b3487d808,b4179745-4ed0-4e6d-a7d8-9127f3a4b134,{Vietnamese},21-04-2023,
0e15d0c8-41a6-4d2e-8744-f14160cdc1cf,092dd625-1dc5-4d2a-8e9f-e40aec94eec1,8883b58f-36c4-4682-9af0-73580d9776da,7e08611f-ec70-46dc-bc24-ebfd173999c7,"{German,Arabic}",30-09-2022,
af9846df-0911-41ce-9eb0-00c720a55ff6,41f85988-3f51-4ad8-8d19-3434382d90fa,7091f836-6af5-4ea9-90b6-ce2867eb29fe,da3ab31d-c0ef-4c78-ba69-b3954331b60b,{Arabic},14-09-2024,
d13fa5d7-78c2-40fc-bb2d-9559faaa8ad9,fdbf9202-a311-48bf-91ec-04015cfe2c01,a3df8493-09ee-4a8d-a582-53ccd56d18c5,8336cc71-1b60-4bd5-8116-517277fe5b61,{Japanese},17-11-2023,05-03-2025
d398d2d0-53ea-4d11-b971-473448ff5955,89b0bd4b-5224-43c3-86cb-5848dd80289a,a8efe7ef-2faf-431c-85f2-26440b8bffe7,71a24ddf-add1-41de-adeb-bb6fbca07d8e,"{Vietnamese,Persian (Farsi),Hindi}",04-07-2016,
31a5611a-c628-440d-973e-3aa16b63fd73,bbc6a5aa-0227-478a-ba92-275bce462e6f,d4e03edb-b1a4-4306-9c4b-39911c868dc8,497c3e0b-b305-45de-bf2d-2619cd0c4f11,{English},26-10-2020,10-05-2021
765c1cac-8350-4a09-abcf-0006dc207db8,4476e454-b000-4247-a183-8e105525f410,2a48056c-fbb0-42b3-9486-53120dd2ad4e,8a81e789-470c-4866-93c7-351872ec0af8,"{Japanese,Arabic}",17-07-2016,
72f5f1e8-0c3d-457b-8c65-c8e6767887c5,9875bb2e-cfde-484e-9232-98ae0923fadf,f9ebfde8-d4a6-43cd-8979-b96f8ba1cd18,f5cdfa3b-218b-4522-93a8-6456daf1104e,{French},08-06-2020,
224496ab-bcdf-4691-be96-e613a62156e7,c04ecfad-71db-42b2-b521-c6a3bab248ba,945595dd-5596-4019-97fc-f5ab17b65fba,fb8edfc9-760e-47b0-afa4-9984c85804e4,"{French,Arabic}",26-11-2018,
34bbb63f-8926-4e93-84ee-2bafc1056ef8,c41aa678-bd8b-4582-9c79-5c9be35bdcd4,f8964a22-ee04-4ff4-88fa-a9973586551c,5b4a4e53-c0df-470e-bcd8-383efa639423,"{Korean,Polish,Spanish}",15-11-2022,
803a64db-c2b1-401a-945e-4aafa0a648fd,36c826bd-6d79-4daf-989c-142227d775b4,0881b0b0-dde3-485c-9f7f-3a3c5f294635,edab3880-82d8-4acd-9f2a-4d5dc42c0ab1,{Vietnamese},12-05-2019,
c06dac43-9f61-400c-9213-e19a46ca6172,75f8ca6a-aea2-4e93-a743-241e1332b8cd,313025ba-18bf-4b0a-95a4-e01ea84ac4f2,8a8d231e-32cd-473e-97b2-f03d0931c4b3,{Persian (Farsi)},24-06-2020,18-07-2021
a31ef078-2de4-4bae-ad4d-ad687f9fc4e0,b078070a-32d6-4065-b7ac-c8bd840b95e3,f4264cf1-e934-4662-9a2c-a5b5ab541d66,a9e30444-6cf7-482d-9c6b-f4d3e1da2637,"{Persian (Farsi),English,Arabic}",01-08-2019,31-08-2020
afd1a9c1-d7e7-4a64-8c6b-667c3c99ba8f,5bd3ac43-a4b6-4e7e-9a33-b4957e8a46e3,d3e0e36b-fecb-455e-8c1a-f49bd10f7efa,bb01b48d-ebba-4498-8ae3-1f2d08550f4f,"{Vietnamese,Hindi}",12-07-2023,
61231fec-3933-4e8e-bbd1-2d78e856a557,c6883de8-747e-4d50-afc7-1da50850be86,c386d6c6-6302-4088-87a2-d00b3e2b8bec,cbec4cd7-219e-406c-8d75-d2390db91292,"{Tagalog,French}",15-04-2017,
695c112b-9b83-4c2e-93e4-5fbaafa1b406,4fcbef42-0259-4a04-ac39-06d09f6cd098,4853cbcb-8816-42c6-aafa-a37a7ec77ad6,a699c865-fa57-4a70-a2d4-d0623ccc13a5,"{English,Polish,Korean}",21-08-2020,
e573318e-1ca4-4257-86eb-bc3c4adfb026,a419f742-ad84-4da1-aa39-2fc38dc3f2fa,fb595b95-8905-4e2b-a93d-71f607fec89a,7ec12b2d-23bf-45ac-ab98-a4ee0b256042,"{Arabic,German}",29-09-2021,
608182a8-bb91-4f92-8148-b610226b0348,046287f7-4911-40f6-9472-284c601b6417,d552f0db-55ac-4c65-8622-70f6fb64840d,7c240524-de04-4657-b485-c52779291d73,{French},13-02-2019,08-11-2022
1dcd0886-165c-44bd-abe5-c4c0771eda10,cd1faa19-c534-4b52-95a3-4267c6321e22,ce530b07-21b5-4f45-bfe6-cf6ea1986a0d,fcc5ca80-183c-4560-9a25-77184657a56d,{Vietnamese},26-07-2017,
8b78e10d-8622-4d31-834f-19346a4ca9e9,883a25a6-e3f9-4a8e-97ee-b92c4d2a1f74,cb1e33fc-6c16-4b55-b92d-9e93b9534a51,fe754f5a-fbb1-499e-82b7-d4675595290c,"{Polish,English}",24-10-2016,
581a43f4-8ce9-4d2e-902f-2cb7529788c8,272098ad-31ed-43dc-8546-1e8955707b4b,a58d2622-d6aa-4f9a-85b2-1e0ca5145d3c,9a178a8a-090c-4d6a-a92c-02953e4c7518,"{German,Japanese}",07-01-2024,
82dbb1f6-0127-401f-9124-a265b12c9fad,28dcaffd-9255-4700-9463-f0e64ae62cec,c77bb368-3982-4888-bc7c-6b66922a8418,c4bbf3e6-3d9e-4dc9-9c83-b0ae93a027e8,"{Polish,Persian (Farsi),Arabic}",05-03-2024,03-11-2024
f6c3dcf1-3177-46a4-a5fd-938e65253984,0dd72c79-7462-4619-bd21-58852a9e702d,1d21877a-957f-4d97-bca5-ef4ed62abaab,b419641b-d127-4976-a67f-25044429f041,"{Korean,Vietnamese,Tagalog}",17-10-2017,
64273180-dfc4-40dc-af9f-7474f6954086,8d23547a-adbb-4b6c-aeb0-d8e8f819343b,3c4e9fe5-5653-4e02-9488-fad445b67a95,a9115927-ebfb-41e1-839e-45740aa83cc9,{Spanish},01-05-2016,
45e8616c-2165-4f01-a534-4ffefd18e8ec,2fab464e-160f-4e3c-8d8d-c0b0a0a50231,a00a3332-d192-40cd-ba94-29583d1827ca,0a1ed370-7d10-48e0-848b-94d9eb3c94af,"{German,Vietnamese}",19-08-2016,
74720140-23c1-474f-863a-f5e86f930298,c235196c-28db-423a-a934-96b88158547b,4b980ce9-a9f9-4acc-8933-50fe03a9b56b,9c574578-4e4b-4ae3-92af-296e83696e13,{German},22-02-2025,
c8f3cc67-d0d4-44b6-815c-d2f05f1847a9,797e7e28-a792-4b70-bfd3-c6be830fab9f,6ba01fda-903b-4caa-849d-340eb32b4985,307dde68-bebb-4883-97de-e397b996bc2f,"{French,Tagalog,Polish}",18-11-2020,
82d4fbe7-9efd-42dd-9fe7-c74292bf7acf,082e8507-e833-49db-9393-9a13e90f2d23,621afaff-1e37-488d-be71-35025a3d9a61,f229d6c8-3fa8-404b-980e-4dfaa7b7822e,{Arabic},02-11-2016,
295d6070-e772-4ca5-8173-412cd5228fa2,91e3eba8-a634-4528-a90d-96cd1b1ca260,984e5d41-d0a1-482b-8c52-fcf15390a641,9eb0302d-d3f6-4c25-9610-deaedcb03808,"{English,German,Russian}",23-09-2016,02-07-2023
205f8c48-2505-43d2-816b-253980abe5e3,927ee040-ffeb-430d-9754-b97565a490c9,76f5d400-06c1-42b9-8dec-304fd5826938,c1a77558-a45a-4a9e-b50e-7812647334ea,"{Russian,English}",18-07-2024,
e2cb4c80-7129-43cc-a5d7-8304cc248a6b,b8cf8578-047e-4b33-b7ef-984217f63c98,fd4ff5e3-026d-4242-9b6a-d3b3ac7dd329,9771aed4-9ed2-4088-810e-0359320d651d,{Spanish},13-11-2023,
e49e6ef7-3d5e-4f19-9cb2-8036a19200c1,da72776a-735f-4213-84a9-302fa9331649,5cf55c0c-0e4c-4440-a1e4-d33ac7abda03,95872965-caf1-4c3a-8a24-ca4ef50b0b1e,"{Chinese,Russian,German}",14-12-2017,
eba6c363-6426-4009-8bb7-18258c25927b,73ca839c-3fbb-428d-aa02-521d4640a3d1,c1c8b508-41ba-43e6-9fed-8b4ac69062a4,92eea59d-8e44-469d-a16a-4319ff2c9155,"{Russian,Japanese}",19-04-2024,
32b818c5-5d5f-490e-b63e-a93d348bd2d7,5d418eb8-06b6-4889-a709-d63f8b3162f7,be384c72-bdbc-4e55-8c14-d31cd124651d,67ab5f86-bacc-49f1-a2a9-a96b668c9714,"{Tagalog,Hindi}",05-09-2024,
55da827a-7d3a-4d43-98da-a6ae80740c37,2be8b440-1bef-412b-b893-777971ebc24f,f02cdf02-f5d1-45cf-9164-2ad31a407880,63f91efa-f332-49fd-ae93-d99e6853bf48,{French},19-12-2017,
3e7f450f-d6f1-429f-aa49-243ea0e83168,d3c4a0bd-3610-4027-ab56-846849169871,d9396efc-08be-4972-acda-68ccf1b5c84d,fac05152-142b-433d-a94b-44ebf44dac19,"{English,Korean}",20-01-2018,
eb2d9667-b1ad-4729-bbb2-d12f636fb723,68495a0d-25fe-4264-91dd-10eac90b1663,d2fa2468-5d3e-402f-b290-f4cfaea895c2,3620a3da-e236-465d-9d52-b2ff9552728a,{Korean},22-06-2022,
00b91c81-7722-44bb-85bd-6b5b4c1b90a6,20c2302a-9959-42cb-9d77-9ecd84149646,2ad3d1c4-4d8e-46df-9421-a5f6be85ae0f,d1a309a8-c511-45a5-8d6e-f763f766b3a0,"{Hindi,English}",16-05-2023,
a94274d6-6414-4bb8-b172-818d39b57cae,c081aaf1-f57b-4633-b27d-0d58e02d32df,4c8d8dd2-ab80-4731-ba28-5a6a011b5d85,d78b232a-f41c-48f0-bd08-e129fe54c9ce,{Tagalog},14-09-2017,
db0cab3c-299e-49f9-aa2e-6c5127b0b694,9d644f61-1ffe-4d20-8591-db6ff355e308,9e11ef04-a678-41db-bf0d-b03a346d42b6,d1d47eb6-1ddc-4f14-a4c2-86d1c881d243,{Vietnamese},16-12-2015,31-03-2018
6c8a3828-e010-4b92-9151-780078ce0b95,5818d8a1-e322-4160-b94b-6e1be0e7c709,118b597c-12fc-4678-ae08-f777f461520a,5501580d-d864-4963-a7ac-18e696fd87a6,{Korean},13-10-2021,
384d357a-c18b-4651-9a39-100444fc88b7,b806b09c-5798-4b00-b67f-263c3fa54ddc,959d36c2-5a19-4b0d-85b5-6c0898d6b2fb,a8e9f41f-7897-4081-a65f-6d62c4cf45d4,"{Persian (Farsi),Spanish}",17-11-2019,
6c9e7598-fa3e-4810-b7b2-ee532e7ac807,bd3081fe-8103-4687-91e4-17de7bd8b26c,85e83f59-7719-4604-9313-47a47f177415,d2c9e444-bfb0-4873-a894-1033fe3f7065,"{Russian,English}",29-06-2024,
eaca240b-e053-4637-94b8-21aefa8896e1,947a2842-4a3e-40be-aefe-d049ac1242fb,f4173cc9-53f7-4ea2-be6b-ea9990da1a3d,d85b1d30-df03-4640-b19c-83588379b657,{Vietnamese},22-10-2017,01-09-2018
161a9d2e-b750-4665-8ef9-02f55e5d8887,c67d97ac-5e4e-45bf-87a2-eb77c792098a,b03f4615-f83d-452d-a71d-1c2b6758bd3b,769d6b51-538e-4e4e-914b-4be8eaef8ff5,"{Polish,English,Chinese}",23-01-2017,
1025027e-f522-42a0-9484-d47049f34bca,b0251206-ebad-4ada-b915-bc78b519de71,8c401e7d-41c4-4d17-bd9d-9818429ebf31,d1ef5b8f-0b7d-47a4-94a5-0e8f6e7f977f,"{German,Hindi}",30-08-2018,
c94f73c3-a007-4778-9a7f-b72354b15c33,f601e63f-9cfb-49eb-bab4-6143ff5e73e3,a6960872-9b32-44e0-9a09-e9c100656515,787817ff-f129-45c9-ae57-487c1dba3b8e,{Arabic},31-12-2020,
091440df-8880-4044-a265-5d2e69c3ae74,4b8f17a1-1c6a-4837-9841-f8bc56088bb1,3f05fc87-51ed-40cc-b6c2-3e25628c29d0,b5d50871-0ee4-4b17-931d-346b372d469a,"{Vietnamese,French}",01-03-2016,03-01-2025
3b9d7870-0693-4c3a-842e-b49776c65ca1,4ea1a4aa-0d3c-475d-a57b-774d49744d15,fe143f20-d3a4-48b6-9b5a-95297002edd3,78f9a667-04d2-490a-bb5d-7981296ba078,"{Russian,Polish}",23-07-2020,
d28d3fb3-daba-4597-9b9f-0d6aaefecbce,07081633-fa3a-4fc0-bba2-3a45e8e75464,ced9b877-5425-4f9a-9cbe-5c2cccf024aa,3259968c-b6b1-4028-838c-c9c4784efe7e,"{Tagalog,German}",01-03-2017,
361a9dd8-3cab-440b-ae05-342729398a6f,a2a9aa42-a27a-440e-ae0c-82bd2addc7fb,91314918-6641-4330-8313-2488012c7403,0aa24d89-8cf4-4ff2-8347-39d82fa598d7,"{English,Russian,Portuguese}",03-10-2019,
d37680b9-6015-4ce8-a8b0-b5048889137e,943bb806-932f-4795-aebd-0e564029b271,9ea700d4-579e-45d7-9d46-b11b958a2f99,1bf7cd31-54d6-4d09-864d-74c41e6e126e,"{Korean,Russian,Arabic}",09-09-2015,
babb2c3e-b293-4865-b888-26643e333ca0,0becf9c1-9fd3-4c2b-958d-2bf0c4026576,a31f2f5e-28aa-48ab-8eb9-2406729c76c1,53071868-2cbf-4dbe-8a2b-f74b88e1efd9,"{Hindi,Spanish,English}",19-11-2017,
27b3c43f-89b8-459f-9ab7-2124aa75ba56,9e87b13e-3ca5-455d-8165-93bd647441a2,32fdf0c7-d216-418c-a55d-2786ba50a35f,04eb4efc-eb91-426e-b579-cefc98a421f0,{Arabic},17-05-2024,
99d65434-57fe-4627-ae7b-8ef4f0c78b48,11ef8eba-52ae-45a6-b8e7-5fc4fc13d88d,1e5e37ed-d19c-4ddb-8814-32d40b6a38cd,f0a577b4-1e09-49a4-acaa-0d6c6ac9ce8d,{German},24-09-2020,13-10-2021
93c54238-87e3-4e9b-9983-3ea7957f3457,b1735bcf-2aa9-46e7-b91f-90dcb64495ab,40d86e03-d9b5-40a5-a882-4167839637e3,136e5ec9-b008-46fe-98f2-b1a1424c68c1,{Portuguese},18-06-2016,01-11-2020
3ac6f1fd-4526-43e3-a4e2-69aa1c323f3e,6fcbabd5-f0b7-43e8-8edf-3820b243e16b,72b60fd8-6860-486d-80d2-88f326e876a6,831d6137-1610-4052-acb2-be26343126b1,{Korean},14-06-2024,
e3c6ed73-c95d-4a0e-8543-590d9944bf4f,94d35eef-e29e-428b-8a2d-b1ca1ec533a8,828e35f4-aff8-41b8-88c7-85ea65505a34,7e9cb911-9a55-41ab-baf1-f2e795a1ea5b,"{Tagalog,German,English}",07-11-2020,
73c62e68-6b55-4250-8569-38ceda5b02cd,41d7a16e-22bb-466b-b065-91ff268fa9d5,d85e7c55-6fc5-4583-ac5d-ba66b3538a77,34bc8f9c-7f6b-4f25-b2a1-d98a7e50df3b,"{French,Spanish}",17-11-2021,16-06-2025
beaf54d9-c24a-433f-8cf9-dc9cd0db5df5,a0e90b39-9aee-4e2c-8ae8-c00e1fb8db1d,d8a8439a-f266-4f85-8fc0-c777f7fee005,62162504-dfb2-48b3-bd10-bfb1000a2c70,{Vietnamese},02-06-2017,
900d2c8e-9549-40eb-a276-3f3ab1401cba,64a5cd5a-5319-434f-a0f8-2c6c5aa64052,0d9a11c3-5d23-448a-8338-0acbf0e1505b,cba41f5f-f309-44b5-9fd1-e31bf95f26cf,"{Portuguese,Vietnamese}",14-06-2017,
977b0e8f-4317-4386-96fe-03d22d49f0ce,b770da94-0ebe-4574-ba68-4387c18392fa,289c9e85-5aba-4a99-948a-861adb05ca4a,39bd0262-f778-4aca-b8fe-a8789ef292ec,{Portuguese},10-12-2020,
6d5f5e95-ff33-46ca-a6ca-8b4395d7d929,96a66102-b046-4996-981f-5f21c2c5d313,13a90a4f-7394-4059-83de-c718bd3ee3d3,47da5996-e116-4b2c-8af3-ac8e29274e92,"{French,Japanese,Tagalog}",23-04-2021,18-06-2022
499afad1-fe99-4916-b880-2dd5464a7b2c,236b5472-3c70-4a09-8033-b7f0bef90dc2,30a6d6b8-9509-4a6e-8b84-2e7a40901344,08ddb1d6-cb28-4109-9a43-6e6054395743,"{Korean,Russian,Spanish}",05-01-2020,
87609466-50f5-47f8-acf5-e5beff6dfdf8,985bf52c-6e03-4276-883f-bfe842929ace,799735bb-d5e1-4feb-8661-fe61c4ba6e50,2c0954a6-61d3-46f9-b6dd-977a8c6a869b,{German},27-01-2022,
644d3915-7b46-445c-9ebd-73976d3a877d,c319da75-1ca5-4a74-bcae-43548cd16be9,61a915cd-1739-43a6-bf31-26d8fcf25873,04645ec7-4ffe-457f-9707-473578fb8b9f,"{Spanish,Tagalog}",19-01-2022,10-06-2022
da237b91-0b7a-463a-be5a-77d9f8651a22,f44cc6e3-27b5-4cc3-be29-3741f09f790c,57d0af3b-2443-4980-83b8-dce338eb22d8,70adc3b6-e7d0-411a-981a-7e7b3efcfa6c,"{Arabic,Russian,Spanish}",15-02-2018,
b6e37a40-90de-4b0f-b91e-eb98c8f9cf49,02722362-aa33-40ef-b100-1d05b1728752,28b993cc-884b-4c59-ae96-e671cb1b96bc,5873285d-56df-4d81-8a4d-ea9af98231e8,{Arabic},03-03-2020,
53a6b748-9844-4c5b-95af-657bf503d087,42d883d2-15db-494b-9f4c-ba4e13c862ca,af23c4f6-928d-4c03-9104-690f7c4ca010,b71d59cf-aabe-42eb-b269-3662551cc71b,"{Korean,Chinese,Portuguese}",09-04-2023,21-10-2024
dcfaa1fa-c5e4-4f75-9985-170098265afe,64cf71c9-28cd-4bd6-80ff-6939c1b69fdb,e329a7e5-9f50-4a58-a445-113ca7e299bd,853cd90b-86c0-400d-8d3d-3082790a90de,{English},27-04-2018,16-08-2019
633998e5-8ecb-405c-8cf4-85c736cd68f5,90a58c8c-1681-4357-89e1-0f56ede0fe92,23f0813b-b6d0-474f-bb05-8e8bd808c0da,2b530716-dfdf-459e-9fac-583ca627cb1e,{English},28-09-2021,
77c575a2-c28e-47ac-a237-9d872d8a9e21,94f77bd8-caf5-4975-ac4d-8d546a3d40b8,81fb37a1-5444-4b17-a150-34ab81f70b19,c8a9bdb9-69a4-4c21-97d2-7e3f440f2e49,{English},13-01-2025,
f09f842c-988e-42b0-9811-ea04b27f39e8,6dd7fc69-51ee-4a3f-ac2d-9dbdf7ec21d2,c1524e3c-eec1-41b7-8a44-60cfff5ad3da,d9428d19-128e-4d0e-af87-6c00ed2b83f8,"{Spanish,German,Portuguese}",09-05-2025,
9439cc8d-3586-4d9c-8ede-d153aa8a7656,8ac04fae-9f9e-4c24-a57e-7e6e8bf65cb3,03dacb6b-5cef-47c4-acb1-63cfd64ffc45,22003406-3b92-4b1d-a958-ea9cbf0f00be,"{Spanish,Chinese}",31-01-2024,
56dea2d6-ac80-41a4-b776-2b7820a32f4d,4f7d026c-8582-43f5-b0e8-0ee495e4c786,5c8a5cfd-9743-4049-b0ce-728c0c79bd24,a7331014-da57-4d07-bd57-6608206693e7,"{Polish,Vietnamese,English}",08-06-2018,
e3a0638f-642c-4335-8b62-a50e1820296e,4b5e782e-47b7-43ed-8934-a88038750830,69ed89ee-7c05-4330-ba5b-502ab60dba9d,6f344816-f445-4abf-860e-669d2333e36f,{Korean},26-03-2024,
1349cafc-b150-42fc-ad01-afbac3aecb0f,b4cbf749-f2c5-45fb-a6da-7ee08ed277a6,d63c7411-10f6-417c-b04d-c7b25ea18096,b36ef439-bc7e-463f-8faf-5aef3831d8d8,{Tagalog},18-12-2023,
ea45893c-2d65-41bf-ab55-a04523a06a1d,da50c959-e92c-402e-8402-e0cd585be7fb,cf08db2f-48c2-42c0-924d-f069dae147fa,d0c619a7-e80d-40b1-be89-457f76e570ce,"{Vietnamese,English,Persian (Farsi)}",04-06-2020,
5e8540f2-78db-4e7f-b8e1-cd1d8a02c928,4ec16033-0efe-4ae4-9941-c97a72cc4523,92e4a808-7b5a-4c5c-bde2-7555d347ad2b,6d0ec31a-3ea9-4189-bf84-f63cdae684d5,{Russian},16-11-2016,
66c2cdf4-e88e-4971-a0dd-7eec72cfd467,6d9d396e-d303-4a0c-9f83-da91863951a0,41659c19-e753-44e9-beb8-fee77fa86a04,6e6b1b61-c6d7-4cac-8f1f-ee0836ac98e4,{Russian},24-02-2017,
0ca381f5-05e2-41ab-aead-4a7e851f3910,023237f2-bec0-4f73-bd5d-0eca9f64023e,7c152a60-1ad2-49e6-a53d-cf756190567b,233f0dbf-b769-46c8-a441-dc3036ebcacc,"{German,Persian (Farsi)}",24-07-2018,
71dbc4dd-5901-49bf-89b8-65fa953d448c,b0fd3a88-273a-4382-b8c2-44b7c3bc4c5c,646c1bae-1bbf-4efd-8d24-eda479c45a64,d9054717-6469-4cb5-acb9-d9f2ccda7430,"{Korean,Russian}",19-03-2022,
e46e6227-2ef9-4c9d-825d-ec3344bde88d,755cc04a-979a-4f71-b65a-5e366feeffc8,4ba09918-d212-47b3-955a-ed5a7ee9f02f,774cfba8-5cde-4947-9c0b-0047c2dec32d,"{Polish,Tagalog}",20-02-2020,
5f784de7-a951-4f37-b7cd-79928b388530,2a4f43e8-dcfe-401f-8519-a1c3c95e19c7,751564dc-c069-4faa-a784-047f821c5ca7,38105c4b-fb99-4c3a-af82-746c6c94004e,"{Chinese,English}",05-05-2021,
102d7351-10df-46ba-9c31-ced5349e7f17,7465b64c-ff53-4a02-a9fe-fbb3f70b7c1d,1e36f9d0-b5f3-47be-a24a-a215e36a41e7,0b61b7c2-c96c-46c1-bfec-47d32975e9d0,"{German,Spanish}",04-04-2024,
0cf0a98c-710a-4f42-9aab-0415453a6b5c,28e8f960-24bb-455f-8629-0f3b275a1c7f,5cf9f761-3065-4efc-a340-13d5f3c55359,795dfbeb-c834-4194-913f-23dab9b1ad7d,"{Tagalog,English,French}",24-03-2024,
b8cdbcad-bb35-413e-84a9-d2a343d531f6,30859fa3-0d0b-495f-827d-db17290667c2,6cd54147-a960-41e9-922a-2a391fc58dc6,9b0f7202-8b74-43c0-a272-5e373043ac13,"{Tagalog,Russian,Spanish}",01-10-2021,
e2e0b12a-6d29-4ac4-a076-8de38e323ef8,c9f8611f-4cc5-4c43-aeb0-1ecbace86669,42247641-78c4-462b-9322-7cec4f9ed3ca,4fac619a-7080-43e4-9553-9f1d97181d87,"{Chinese,German,Russian}",18-03-2019,
8d10ac7d-6955-48ef-b443-04ca5db50a46,8da87307-8ea6-4f6e-9224-a333b1a67187,1b8c1509-b353-4614-bedf-bf7d3776871f,61883a52-5e3b-4892-ae9a-0adae43d2889,{French},09-10-2021,08-04-2025
45141f92-2be7-48ea-b1ba-2044d0ba0cd8,3ccb1ceb-4bfa-4917-9c65-bd0c0242c2aa,ab954cce-f78d-454a-b6a7-f16336bb3836,7ce0569a-e01f-41d4-b29f-b832976a2f59,"{Arabic,Polish,Vietnamese}",01-11-2022,
456c43aa-1564-46d7-b67a-87cf97eb68c0,2852eabb-a6a2-499e-a1d0-3de67fbb124b,d3224b85-2f4c-4468-ae54-289725cadcb8,719d2a01-5c69-40e3-a6df-46bd1eb06f75,"{Spanish,Russian}",24-08-2019,
4fc35803-1ea3-4f8c-84eb-94aa08e827da,ad58ffa4-129e-4fae-bf30-e09241781921,c9d9b798-b6ef-4def-9cc5-3a5ed8355a34,97a15098-fcb2-42f1-8a41-3e3536adbf90,"{English,Japanese}",23-12-2018,
0edf1b8a-f423-4e99-9c2e-756d7cb0d6fe,a6449f2c-7374-4277-a614-cba804f3281b,563464b7-0266-43fe-8717-f37999e3bf75,ccbf8aab-b40a-41cf-8b7b-282fd77989af,"{Polish,Chinese,Hindi}",30-11-2021,
571f02f5-fe1b-4410-a4b8-4e82f6300f8d,ce8b8d12-180a-4694-a026-4eb71496b64b,655cd79c-f0b7-4914-874c-b4387bf42b08,9c3080d1-beea-44b9-aed7-228835735276,"{Polish,Chinese,Japanese}",28-08-2022,
1639bca3-b48f-498b-a301-7baf30a0d2a7,229204af-9adb-4549-a34e-60575dfa13ed,606a208d-320a-4cba-b149-83f2db2d41e7,492683e9-9ac8-4132-a6d3-d33aa151c5ae,{Portuguese},10-08-2020,
d65bfc50-f2f6-4c05-abae-1d8e242cea07,98ba5526-edab-4fcc-9943-d9ab697cefb3,a9df00ee-3387-45ee-85e5-d40f7d80aa8d,82df0d07-99fa-49ed-bc54-4ca11ca5713c,{Korean},23-05-2020,
78499a15-554e-4f77-a24a-939c4d7762dc,bf95ec13-c5cc-41ec-b4a1-ae328b0d3347,64bb612b-563d-4668-817f-d75762349c43,8b2fa2ae-4d79-47ed-bd6a-71815135793c,{Hindi},08-06-2017,
2d7f3d82-f092-4fe5-b81d-ab8a98105f7e,77045305-e295-4098-ba0e-0d89efd4a5dc,d694ad67-ce89-474b-b42b-665c9241256c,e515a43a-e574-45cf-9c29-8bacd77fa8a0,{French},24-04-2019,31-01-2023
93b0c895-1715-42fc-9f33-2306f023aa1e,4ded5048-9cd4-4910-aea9-139bb526c228,a6e9b366-293e-47d3-9f61-2d3af739349e,d530f456-d933-48fb-90d7-eaa480f3099a,"{English,Hindi,German}",26-12-2016,
10fb2f64-08df-4743-a70b-82e23b8ceb49,02b3506b-1077-49aa-ac99-10840b0f6b13,e61b5d44-faed-4b08-990a-1cb0af4ed478,091dc599-40c9-4e20-a7d0-368de9507f4e,"{English,Portuguese,Hindi}",28-05-2018,26-09-2024
e7ac64e2-4bef-432a-a541-d73756ed8aff,a713b976-4bf5-4464-bc17-606603a39d35,d0ef2493-0b40-4c6f-b6e1-0678bb09a07c,06cf09b1-6d20-41a4-9844-de87d271b76a,{German},09-05-2018,
42115c95-485e-4683-b571-733b784c64e5,16fd6d5f-a8a5-4de1-adf0-bc730f34cb80,5b2a7e3f-06d0-42ca-a700-d2fb112941ae,bc3fb54d-880a-412b-9146-fd007de44052,{Chinese},06-06-2024,
772f0d36-5609-4023-9a85-6a2e6c4a52cc,807f072f-05ef-48d2-9811-c066f07e5106,30fbab99-af14-4aca-84b7-81ca6af33e7a,00130fa1-ef0c-4d5d-b7e7-84ecc2c7327b,{French},22-02-2023,
050de38e-42d9-4b45-84e2-7da86819679e,59b470a8-8405-449f-95d7-0cf10b1fa746,23b0b7fd-bfc7-4fd4-9949-7ea8c43b5ec4,4848e8c7-19b5-4398-bf86-c7fbb45406dc,{Japanese},23-08-2023,
482decf2-3f41-4868-9787-854cbf315868,1402229e-097e-4019-a8cf-28f07b461907,635d9324-f8df-4f22-970e-d3918f7cb7a1,7538eb59-c8ec-4709-94b7-46897831525c,"{Spanish,Russian}",07-07-2020,
a532bc2a-b4b0-47c3-a92a-497079dad4b6,8e0c0dd6-0fdf-4bc8-8318-12f1534a529b,fe2437d7-b44e-4009-bdcf-1352c35943cb,26be9dda-318b-4e01-8d94-3a5d93dd870d,"{Chinese,Portuguese,Hindi}",29-01-2021,
40d1b3d5-246c-4f69-ae50-dfcc28831b5e,4163acd9-a08f-4b6f-9281-c42cf2541e8f,51ac90fa-f497-41ed-9ad8-3c08f20b4215,182d8e36-527f-47b5-a322-265e36f71903,"{Korean,Tagalog}",26-03-2020,
cc6e97c5-0009-417c-a3d0-0c6d4b819183,853b8900-3deb-4e82-b2b1-79f7ff45d54f,86b609ca-4f67-43c5-9d28-3681bd580750,6c6729db-9975-4b56-bd22-4b1a1706389b,"{Chinese,Spanish,Hindi}",17-04-2020,
9ea16ab7-1ef8-412f-9439-328243e5fce3,54eda3ba-223f-4d06-8f1a-40e1ba6bbf44,ac1f93d3-9f8f-4488-8870-2432b50ed6fe,4fcd79eb-612f-4e95-9955-1a34e582a9ad,{German},09-09-2020,
d578eb52-ccbc-4275-8c8a-2dc3efab3008,4087647d-3116-4266-b3fa-7d132e576e9c,28c5ab80-8451-4e04-b159-669fa3a390c8,96878d93-b6df-4f3a-ac93-37c016387ef2,"{Portuguese,Arabic,Chinese}",29-11-2020,
4fbf1ce7-4726-427e-a1b0-fc72ee6a24a5,2b4ded5b-9e5b-4f33-bd0b-37f4d5be2a14,e59a5703-9d2a-4347-8dea-59f0618ca33c,e5218b02-efe8-4346-b524-2507049ee83b,{Russian},15-04-2021,24-06-2024
a401de25-d113-4b6b-a69b-684c716c85fb,05e3225e-ab1f-415c-bb25-c4cfc2a84e86,dc3d8969-54ef-4c04-9f45-b9a38ef91700,cb8184f8-ea98-43e4-a335-f0b561fce96b,{Korean},01-12-2022,
090597e4-f94a-474d-91fc-97d581043cac,fb9d3e69-ea75-4a79-9a5b-6090b95be763,44ec17ca-ffc7-4d5f-982a-c1fd7400e2b3,46515d35-86cd-47ce-8ff0-bb139960b949,"{English,Chinese,Spanish}",25-11-2018,
e6f4366b-f3da-4350-b2c5-30dc0dc5fad7,05e8ba35-95bf-4859-9a80-89bf43a84ed9,b3c161bb-5d41-4db4-85ed-1782959f77c0,273aa902-0a7d-43a7-9fe8-d25b9a96f549,"{Arabic,Japanese}",01-01-2020,
187ebad1-2351-466a-904f-a53b13fb1cc9,5e72454d-f741-43ca-aa15-35ea8cd2ff50,bca62d71-43e9-4cb3-b2fe-39577e6a0c03,35655be9-996e-4253-8122-3b51e50c3722,{Portuguese},24-07-2024,
cb4e6c41-f2b5-4c27-94a4-cb28852352c1,991b1336-7629-40b2-bb8a-7d7ee544826a,5599a109-f50f-4e52-8958-b81e9b087c99,f1cadae9-a26b-42e7-b82f-0cc7c96ce8df,"{Hindi,Korean}",10-04-2018,12-07-2021
73f49097-a947-4ba1-9982-23f1a8423f71,5c09736c-dd90-4710-95f9-b277c6e622e7,598fcbf7-e8ba-4730-848d-89c7d5dc3fd6,5dc492c4-cfc5-4ec9-9099-1b040e4616e7,{Chinese},06-02-2021,
dbc18787-21bd-447e-be5b-6b06e5e24e15,6ea133ff-f9c6-46a3-8253-50ea0f4e61b5,083b6aa1-4c51-4553-a764-69b09c3f062b,e1bb8825-7889-4d15-aa17-dcb312881480,"{German,Hindi}",20-11-2024,
198c04fa-179b-4b9b-92d6-0465fd070fec,a13569c8-6578-4ff5-9707-5957d5cde9d8,51d04936-d451-4c5b-9c20-360484f9223f,6e24ff70-9401-481e-b840-c75d43513924,"{Korean,Spanish,Chinese}",25-11-2016,09-05-2023
52cf3273-0bcd-4741-a552-3b21e34b03f3,ddef8efc-6682-45a3-8daa-fe75f94ef454,e13769ed-790a-4787-a54e-10334a591bca,55672e20-8f27-46e4-b34b-fad2ac662010,"{Hindi,English,Japanese}",19-04-2018,
27f435a2-e574-4a21-bbb1-044b0b43d451,fb8e1b3b-cd6b-4aa5-8e8a-1596ed81800c,5c2d1642-dbde-49e0-8742-dcf71132a0b7,fb1ce00d-9bbd-4f41-a175-c42e72e7c880,"{Japanese,Spanish}",24-11-2016,
a16a0de3-dac9-4467-ae10-19f8668fc4dc,b2bfa529-b7e7-45de-b33b-68db89d77472,efcb7889-80a3-4932-b815-6c2f9212f5cc,61776620-ce04-49bb-b4d2-e92ca3ba9d23,"{Hindi,Vietnamese}",29-09-2024,
3645cfd0-9240-40c3-98e3-980d429b3cc1,7a2976af-7c29-4647-b0b1-1d73bf047a32,650d329a-7e10-4d4b-9c3d-3fd20692987e,636e7379-c1f2-4da4-9d99-cf817001cbd8,"{Japanese,Chinese}",24-01-2017,
a573b7ee-d7c4-47e6-9515-898e4517b0bd,0d86dec5-8489-478f-9b5c-797b3fc29956,82a7f17d-094f-4537-ba53-6b0c3d45f7f2,c7c37627-b6f8-43ac-b1ab-801fd636175d,"{Persian (Farsi),German}",25-11-2022,
1c5cd1c8-e9d5-4af4-9f07-cd0bb2144fdf,309474d2-e517-4350-bc39-6a7663a9d8ac,197a672a-ff20-43f4-9ce7-e6e6c126f5de,e64f11a5-d1fa-42e6-a84a-6e454be38dbc,{French},05-05-2017,
26565553-47d1-4985-b6dc-abb23985c5fd,a5c46554-6375-47de-bed5-284bb3510476,7472cc89-e878-47a9-afb2-a782f8b14080,563e73c8-a61c-424d-83fc-e024dd821f95,"{Japanese,Spanish,Tagalog}",19-10-2016,21-05-2024
660eebc0-c25e-4cbc-bf02-6a576aa73125,2133f47d-5228-47f5-af03-485d32c86ec8,ce01fff8-d5c6-44f3-822e-9f97f3e6d072,dfb2ed83-5561-4f8d-86ce-e68df1ac504a,"{English,Vietnamese,Korean}",11-06-2018,23-09-2024
151bde20-610e-4db4-a8b7-7e0cfe3a976d,c5e2efd1-24c2-481d-aa3f-5186a0b0b564,a31d0e59-934e-4f67-84b6-ce797c22794f,e5a3f9a8-df46-44d2-a919-55d3f4c53d8c,"{Chinese,Korean}",25-05-2021,
bd46393b-5ab0-478a-a450-e1fc7e3a7ada,486468b9-6ab7-4bd2-bc67-3cd486417390,a6ebfbc6-f6d7-41ed-8597-3c0ef88284bc,60bba21c-8af2-4316-81c4-a6f69055724d,"{Arabic,Japanese}",02-02-2023,
a704329e-7263-4e31-84aa-db8bdbdce188,2fae521a-8600-4cdf-9f6c-ab144ea98796,343e9ceb-87c4-447d-83f4-7b60c46cff13,558f75cd-8b0c-414c-ae0f-ce2b9e0eaa3c,"{Japanese,French,German}",19-01-2016,29-07-2021
57195a45-e159-4170-9004-997168c4c3f5,63065764-4c26-4bea-b08e-876d0ab8f14c,3cc17c63-e45a-4486-9369-66308c9ab53b,89905592-13c2-4b5c-9cc0-fbb0774bb736,"{Japanese,Spanish}",26-05-2022,
f2dc3884-ece5-4abc-a178-5e40bfcdb3a5,0f83daea-d834-4d51-b93f-ccc81828d7d2,8bce2715-f732-4a39-9ae9-436a19f7b165,cb7abd69-f2b6-42a6-94a0-a1383cc238cb,"{Vietnamese,Chinese,French}",02-07-2021,
3473f5d3-b1ef-4497-b138-2309f2a06f8d,68da3d6d-0904-4ca1-9a81-92fdb31c115b,c69c37f3-f56b-4097-82e8-3eab9bd60a7b,5efe27bd-5d18-42ee-9507-8396e010e800,"{Chinese,French,Portuguese}",26-02-2023,
e04be954-de45-44fd-a0df-da1c90bb255c,d44f80cd-2880-407b-b9aa-89fffa0b04fe,62014c38-5bff-4548-b32f-39c938405da5,1351d950-48bb-4215-b085-a2094e6174c5,"{Korean,Spanish,Japanese}",05-10-2022,
e07a698f-47f4-482b-b122-47b63ee10a7a,2688a773-a42c-4e97-9622-5bb4d4419490,3c94e4e3-5f82-4c45-a2ad-e986eb6fa494,2f0d3231-6894-418e-9fc3-0c94a9d67d69,"{Portuguese,Russian}",09-04-2021,
2f4d7ca8-d22f-4d77-aacd-3d5dadbd6240,bd889ddc-39fc-45de-a073-8b176df9eb15,d7be60b4-e93e-446f-bfa0-71f3e3dcb8f3,fcfad7df-9929-47ab-aa6a-53ae0ce7ebc6,"{Persian (Farsi),Portuguese,Tagalog}",23-04-2025,
ef4169d5-2dfc-4fd2-9dbe-261551a392b0,47db9d5f-7d2d-4b4e-98b7-774b438e36a1,9db744f3-372a-4c20-a1b0-161a3f182728,7a57eab9-4983-494d-904d-80680cf0cd0e,"{Vietnamese,Spanish}",17-04-2018,03-11-2018
1adaf071-9594-4d14-bef2-eb1fb7cf7cae,0e2906fe-0aba-4e1d-99a2-205f0ab780f3,1d6605f7-6cf8-4fba-9048-cef349d44780,56d592e4-3d13-4df1-8bf0-0ae0636c196f,"{Chinese,German,Vietnamese}",26-11-2023,
0b4f6698-9165-4802-a91e-41b900b2e56a,427602b2-2702-4fe8-be05-b22f06715ae5,a20f46aa-6549-4719-9885-137f07964d21,5ad84032-b41e-41ed-9993-f796e4ffc120,"{Korean,Hindi,Tagalog}",12-10-2018,
7e2de2b0-5f7d-4604-b104-bda72b85b184,75cb6445-6e1f-4bdc-91b7-32adb510ead2,544bc565-d7a0-4583-ada4-843f30e0c080,26f1f99c-c5d8-47fa-9134-2388f3dd9a77,{French},12-05-2019,10-09-2019
9aee2143-ca41-4cee-b840-6cbd4eb6b4fb,38001740-51c8-4d2a-8463-e5350c25d128,60206d94-fa5b-45a1-b1cb-fdd4b62ee500,dc8d7194-45d2-4674-8016-5a930461ca50,{Russian},21-09-2018,
b4d00ee8-c39e-4038-b575-2c82d0a85c19,83f832ee-7452-4337-8aef-97ea023a7793,97ee96ab-ef06-4d1e-83d9-90e3c33f6c82,d4810add-2946-417d-88bf-d7e33361e55a,"{Vietnamese,German,Persian (Farsi)}",12-02-2016,
3656183b-94df-499b-9f18-ace627b582f7,11750dd6-7a14-4256-8957-bb536e9dcd32,653aa412-a330-4ad2-a033-8333a9de57cf,c25a80b0-d1c2-4996-9f93-6e12022ed791,"{Chinese,Russian,French}",09-10-2017,
c0b57a45-313a-49de-bcda-e84e50b25529,7cd6041f-4a54-4723-9208-cab1459a3362,69c782bd-f731-4b2e-a8c0-2a6d0ae68f66,113adcac-744d-4de9-a0b5-4cb395bf4c73,"{Russian,Spanish,Hindi}",05-05-2016,
c748ce66-4df5-4f7e-a370-7981124df9d7,6b7dee77-5c11-457b-908b-22337fc58125,11ce80d8-4834-48a6-9720-a214f6b98017,e6a96fdd-5f61-4932-8c1e-29264a17f927,{German},03-03-2016,19-10-2022
feff6280-5003-440e-8c62-cf54da1dfe07,bb4eba45-e0c3-43f7-b2ab-fc7d8ee3d970,8e3123e7-47a8-4cda-8b27-53519645e032,a35d5973-59cb-467c-8800-4ef87d4f979c,"{Hindi,Tagalog}",15-12-2019,
fadf69a3-962b-4d83-86f4-e75949f19783,cb4c5d1b-39fe-422a-844a-f4740da83892,9c0ab063-4703-499e-952b-0e15d751fa5f,c098e739-3f7e-4994-aa5b-b5993ecc9959,"{Tagalog,Arabic,French}",18-06-2018,
87b406c5-996f-40fa-93ed-047f193f69c9,70c75069-4d99-47e0-96a5-f00a2016beb0,a980be71-1c9c-4b29-8318-9bed1fe71aaf,e7c991e5-3273-40b7-94ae-07e499fe9473,{Polish},20-07-2023,
0f1136fc-f9fd-4789-954c-5ed92d3cce10,ca633dab-1d2a-4ec8-85f3-1c8993eaf8e8,69976e67-989e-4bc3-b943-73fbe8aca9f1,ab25b64a-345c-43af-a6b3-c82e39b78384,"{Vietnamese,Korean,Chinese}",27-10-2022,
20e31f74-23e0-493a-bb0b-e26b5a7e50a9,6085f830-1659-4b8b-9479-fa8478c0f75b,7fd47e1c-92c1-4c69-8ff2-320a9c2dd118,c8fab818-8b65-43cf-ba85-c1dfb71d1257,{Hindi},30-01-2017,
0b94f880-94d9-4d29-8105-5884193ab5d1,7bbb0dad-2dd0-4077-a423-96a13e0283d3,47ecc7c7-7a3d-47a3-a669-f438ddfe1650,e2c103d5-9bcb-4851-a0c9-92f76c8a47ca,"{Persian (Farsi),English}",14-06-2025,
f01f4a3b-96dc-4932-b131-f31807c4e2ca,d1ecc235-7e2b-4bd4-afde-4c80f75cae02,1f0f8ae2-d8ea-41b8-a9f1-41c0892b7f7b,74c4a6f7-390b-494f-9169-b29da4efc59e,"{Tagalog,Arabic,Vietnamese}",17-05-2021,05-09-2022
2652cead-9375-463b-8d36-789c4c526925,0c4538c4-49a0-40f9-9d6e-a9a98fde7fab,c30ad4af-4364-4207-a9a0-bf53b7d883a2,60360b62-6a6e-4e05-8f95-e35850e94703,"{Portuguese,French}",14-09-2023,
2dc2805c-f927-4bcd-b3a5-f02dabe8dc0e,f76a8267-5d1d-4845-b0d1-eaef661162e1,e0dc4d35-6341-4f27-8759-47208b7bbb5e,2fcbfb24-1770-4142-bebe-8dbafc13e5bd,"{Arabic,Chinese}",11-12-2017,
74a661fa-13fe-4adc-923d-e0a5f3d81361,e878fee8-46f7-4e15-9b22-1ec6ee308105,39ab9839-ba7e-43ad-ba94-910bcf55212b,cc906335-e885-4c09-9511-ec6d5a63d1a3,"{German,French,Hindi}",12-09-2024,
47039281-e64e-44be-b719-9c4f00c0c6ab,283ab112-96c0-4810-9e89-81db91636596,c1bdae47-0a80-4653-ae75-a60e7805f2fc,98471c58-94ec-4b67-b165-40fec0efe681,"{Arabic,Portuguese,Korean}",20-09-2016,
43fdb000-c9d4-4843-8eef-cb131d5b1061,6ee1f784-5398-4d93-a95a-2c370c66e2ed,598b3e15-725e-46ac-b90c-2fa8630e6b25,fa562eed-199e-473f-9ab1-fb4f990fb0b8,"{German,Persian (Farsi),Russian}",19-12-2015,
ceb0d322-3b79-4c0f-8a6d-333db0480a20,2719b362-2949-4408-8126-e35afbcf6a6c,d7319dec-9661-4840-ab5d-9f023d046c16,85f418b4-fbe8-4fc4-9dd8-5e8e6de33031,{Hindi},16-05-2022,
034c0247-d3f7-4f86-8550-e421b5221134,bf516424-8b9b-49f8-854f-3e6d2821936d,a6bbac89-6579-4da1-8a42-e19b902606cb,aea39e1b-e087-4c1d-b2f4-5e73c4c78811,"{French,Russian}",02-12-2015,
f730dc41-4218-4a8f-9848-a8b0d81d3f9d,4ac4a3f2-25eb-42ef-b6d7-c2be79d96acd,91cf3258-ad6c-452e-98b5-aba0c9dcd32c,19fb8856-a0eb-4664-ab05-745fcd3a70d0,"{Hindi,Spanish}",18-02-2016,20-10-2020
5ae66fd8-d74c-46ce-af69-c46af016ce3e,abcfd6b1-e842-4734-abc2-d79dcab28bf4,af59201b-3d09-4c73-9e15-1a436fd30f5f,3d6f69dc-db9a-450f-9c6c-a31dabfc2d7d,{Spanish},23-02-2024,
3dbf4243-7705-4d90-83a6-53aced768d2e,28cebf69-2f73-48be-9cbb-601db6825da8,6a49a72e-5f36-4e14-bb20-e08a36ca7838,c0017577-34bd-4ab8-9890-14bafc5c8a18,"{Arabic,Vietnamese,Korean}",06-10-2017,
9508fa95-ed8c-423c-a037-2a3f8d3c37a7,ec0a0a23-72b5-4fc8-a8c2-d3625ebe7fe1,941b2c36-450b-448b-88e0-e7cbf582da73,8c4253e7-d966-4a09-a750-9ae2a485e9f0,{Hindi},05-02-2021,
960a7cb6-cbd0-4c85-af2c-59435d0b27e1,58df1b14-840e-46f2-b0d3-f4dfb6ebe41d,33c09d3f-8627-4052-8fcb-608fc853e587,8912e8a8-5340-498c-9383-4b5b5acffee8,"{French,Polish,Spanish}",22-09-2021,26-04-2025
b22b2e3e-531f-4cc2-924a-62d968014ae4,b33f2bc5-cd9f-48ec-8ee3-f954212f6d11,c694e93a-aa75-4d17-859e-a7d10d49dba0,20776f14-f616-48d5-b4b2-74a19f09b427,"{Korean,Hindi}",12-01-2019,
f548e223-eee9-43f1-a1a4-54aac33d93a5,494b4716-9693-4c8e-bb0b-63e8e7fea2c9,6982997b-42fd-4f26-a512-bb589180e29f,39feb50e-d670-4e10-b8bb-d9f3ab1a241e,"{Persian (Farsi),Spanish,English}",21-01-2020,
d838dd4a-491e-4cd3-817e-e94dfe72c7dd,8a899894-05fe-4066-9e08-8015c07d58d5,dc5ec572-4120-4f6f-bda3-976bebaa9802,d6c5a1fb-7991-42f8-8da8-33170725fade,"{Polish,Arabic,Russian}",16-10-2017,
11374f9b-0ea7-40e8-8410-30261cabed54,c214f79f-36d2-43b0-8b8a-687b9f8c398c,15b91f2e-1f52-4907-a8b3-d4849b08d1a3,914c2137-4ef8-4508-9b16-dd2c2088f246,"{Hindi,French,Polish}",31-12-2019,
49705736-e315-4660-b177-cca6b4d5637e,d882c8de-5467-46ad-adf5-86d06c122294,fc18bf66-b152-43b2-b9e0-fb096ba606d2,f6340a75-717b-4fff-aefc-516898e6be9f,"{German,English}",09-10-2019,26-06-2023
8e2b54cc-77d4-47c5-adc3-1dcca96d3e10,b016c948-e740-42a2-99b4-4fcc5a08beb2,8c1b9a7c-770f-41c1-b331-f874d1dee613,d35c72ed-38f1-4d3c-83e8-90572230fa41,"{Chinese,English,Vietnamese}",22-10-2024,
27afb522-0901-4ed5-97f2-fe5aa4a67cd1,ac04edae-c34d-456c-8c0b-b3a8007fba64,1c6abc45-ba72-4143-9a0f-2455166f4fc4,a601195c-699b-4e73-8610-fc90ea66c3ea,{Spanish},04-07-2024,
bedc0d21-ff66-4eba-844a-2550e556903f,879dbfe6-2de1-4d4c-a5ca-9587149de5b4,5b745a0a-47b7-4888-a2f9-4c1621283bb6,d6632663-e067-4b82-8e1c-f13ab8639b1c,"{Russian,French}",22-01-2020,
98711d09-0a96-4277-a86d-2d7dcc77530f,c1ca49f3-aaf9-4533-91e5-93dc5c053746,0311b0d0-7aa5-47a2-95a8-0b5fd8d2e34a,1b9288d4-500c-4bed-afd9-ee3f5968fd48,"{Persian (Farsi),German,French}",20-04-2025,
255e9797-9289-4fe6-b6ab-428d33b85432,f1996a76-54a8-4d6a-ab8c-39e29bcb818f,55c4665e-bc6b-47b6-aa8c-54b80905a8d2,2e6b0b26-622d-44ce-87e6-2b2966ecfff6,"{Tagalog,English,German}",22-12-2019,
d82f082e-d4b9-49b8-bbb8-9902f33cf145,39bd1a18-945c-42fe-8491-3722c223e0a9,d3c10a29-28be-4915-b028-79246c478d5a,fd32165b-3a35-4a66-bba2-d9253702a313,{Spanish},21-12-2019,
f69e21ac-a9ba-4b34-9839-5eb0e4ddc33f,48e07bb9-db16-49e8-b0c5-af1ba817f4fe,5964c65c-ca13-4d54-82ae-e927c026f67c,4226f0da-407d-40ad-97f1-7ce8fa0620b6,"{Hindi,Tagalog}",17-01-2016,29-05-2018
2f025e0d-a99d-4b62-b768-3c5bd51eacf4,94d635af-8686-45fa-bbd2-a36b5adfddba,f9209b82-0eb8-446b-9c55-6b52e4894334,0018ca4d-62d8-474a-aca6-8b1f23a0a5b5,{Vietnamese},21-12-2020,
39daa89b-2957-40e5-9f46-4ac03289b426,5e7f85e9-5ee2-4976-a43a-2804c6e08968,9e99f71b-04f5-45c7-a5f4-987f960ab641,16db7a3f-90df-4ffc-a5b2-7f04abe4e75e,"{Spanish,Persian (Farsi),Chinese}",29-12-2015,
4c52793a-1b5e-4178-97ed-9d7b58e6abed,a9096ff8-180f-4607-b4e2-4126a52ce215,6856db39-3bcd-4b22-9379-4c2418fcaa08,7340a324-db3b-4115-8aaf-c3d570c6dedb,{Tagalog},20-04-2025,
f8148d07-54b3-40a6-b01d-b990cbd85273,c642b697-17be-4a95-bbd9-8ac393985e7a,38316e2d-e097-44c2-897d-2906bf572721,11799ec7-ccac-49d3-a1d0-0c1129451a9a,"{Russian,Korean}",15-01-2020,
db90acc6-3a8f-4f92-bbf4-2fbcd6c82172,7e9c0792-fc05-481d-8ae9-52020aca128e,cd6230cc-4cbc-4be5-9660-99d404965bf6,50181a75-d1f8-498a-b09a-4aa8ef70df2c,"{German,Russian,Chinese}",12-06-2024,
b296fc69-7165-4b6f-b4e3-297575cedcb4,444b399b-7e5c-4bfa-a6a6-b9992b08ada4,d834e285-d821-4b84-aac6-2e370388a2cf,bc6359ba-c51d-4a22-9d3d-e7ba8dfc7e27,"{Portuguese,Polish}",17-09-2016,
24c7f8fa-5c15-434d-9de6-9f1f8786e7a7,2ec6b5f8-49c9-47e4-9c84-e5e763d83595,bba8b9ff-d3c1-4427-95fc-ca31ca4fbcb1,cc53fd01-f854-4a40-a3a2-595da72aa681,"{Russian,Tagalog}",13-01-2017,
d4531e54-780e-4ff9-922b-3e978e6e5700,666d7dab-8cc6-4e92-b438-b6c550dc80a6,c55f5f0b-bf42-4875-aefd-c0d359b92e06,2646037a-fcc7-4d8d-9202-94a670254950,"{Spanish,Vietnamese,Russian}",06-06-2024,
e29e31d5-2a91-4272-b11e-61dbaf5fd9e1,771c0164-c90b-42ca-8612-935c11b162ff,b943020d-2453-4370-bd2d-0b847c367549,ad0ed51c-dbb0-4fbf-9604-8d89f6a9ccd6,{Hindi},11-09-2022,
a1b03392-33e3-4ce5-be2a-17ca89aa9689,b8df165a-b2dc-48c8-b4f0-55d2f48b6c8d,f657a9df-db3b-46e5-8aed-86f9ead716bc,4297c3b4-4127-4e17-89e2-976e3c4abc72,"{French,Tagalog}",22-03-2022,
66130f68-d439-4e4f-8efc-b69708a9b533,ec0badcf-a9aa-4d3e-a746-73f5f4cbefb9,cbd0229b-5a6f-40cd-ac1e-7bc541bdcf1b,bf0fc277-cddb-43fa-85d3-f47898a2826a,"{French,Arabic}",30-10-2015,
6a1468f2-8142-4949-9f6f-8e3bf356c1df,9e208879-1184-44c5-b2ec-0aff0da4663d,384530ff-2950-4266-aa17-4332fe7cfe9b,de1643dc-2d6a-495f-b826-5fadead522da,"{English,Persian (Farsi)}",12-12-2019,
6aa46237-ba37-4e1d-ab71-887cc4c56eb9,42552847-2367-4528-aed3-9a414c99f96d,ae4a9358-1f95-4633-b36a-daeb57fbfcec,02aa8c21-515c-42db-8372-8bdf491bc3cb,{Japanese},16-09-2021,
e32b4c03-8e55-4f19-b97c-234ac692c3b7,b7901b4a-21bf-4449-922d-a856bb9f2f27,eeec5fea-806e-46e1-865f-226b4492bf91,1323c393-6269-4390-8fbc-63ba391c3324,"{German,Vietnamese,Korean}",20-01-2017,
54904c22-c620-4454-a139-8eefd482702c,ae274bc2-4cda-4439-a62e-3a5358159ff5,74390177-5187-4d6b-a369-434fd69be2bb,d53faa0b-b931-4273-a3f6-a001ce64686d,"{Japanese,French}",17-05-2019,
ebfb84fd-570b-4be3-b916-fe1c4d82e867,e1435a53-540f-40da-9cbb-cf58abaa8f60,6718cf0b-2f82-423e-bb1c-47ce935a1597,f985d810-3d14-4756-8227-c0233a578217,"{French,Vietnamese}",12-07-2015,
c0ac4cca-b195-4e04-94a2-38c396c8cf77,546fcabf-d874-4284-802c-42f95e3f688c,e70ae8d4-d46e-405a-99ab-d5321acae583,09757f82-eb09-4025-813e-16fbe80a2dc7,"{Korean,Polish,Japanese}",13-09-2022,
87d17b65-f766-4e23-993e-5af06d91ded1,28e6b0fb-cccd-4147-be64-3d514ae0d51f,f6a29cdb-3334-4730-aba4-5b0fec68b59c,8b9a9b1c-b7d7-4c5c-8794-f73194323bb9,{Persian (Farsi)},13-12-2023,
7a7e8e44-3cf4-4a55-8bb7-363b0ce80393,982f05f5-bf6a-4ef8-9f72-fe8e029aeed8,5afa87cd-645f-443d-acd4-23216bb4a892,bf877be2-2afc-422e-a9ef-b7b86a66cfc9,"{Portuguese,Russian,English}",22-04-2018,
d1a49062-8bdf-4032-add6-bf6a704f0f8d,164e5172-7350-40ba-a1b0-2602ec506a7e,05dc2c30-d1cf-495f-81d7-db092dfad207,40b6ffc9-882c-44ad-b898-b1ae28084ec1,{German},05-06-2025,09-06-2025
3b5dd9ce-9e6a-41c9-992a-f243eba70ac0,928b8e7d-16ba-484d-901d-01188ab04b13,8623172b-6fcf-4094-9fb7-971fbe5e186f,53909936-b444-4ae6-ab7e-a714b13bff95,"{Vietnamese,Persian (Farsi),Russian}",06-05-2023,
65625e88-929f-4e61-94b4-1944e9ca6d96,b932d6a9-af3b-406e-86c1-8d3d87a89bfa,08765c70-933d-4238-80df-d1e99d3aa24e,0b527198-0494-4d13-8c67-769efbf58496,"{Chinese,Japanese,Hindi}",27-11-2019,
31d7840e-f754-471a-9e0c-ed449f5464bc,8305f3b8-ddc4-452b-8fe3-42ac65f594fe,2fb23181-4943-4b33-9668-9fba09f7eba6,2f91d322-4178-45f6-8b28-3a3d49074192,{German},07-09-2017,
3c1785e2-2ea8-4892-b39b-01a288bcd3df,7efa8e7a-2849-4ec2-bb76-82250e03a1b3,84911cc6-5b37-473a-a5ab-f8235f67cbac,e33b54c2-7aca-4f8d-96cd-eca5c7af7a77,"{French,Polish}",26-12-2020,
d0a5b6fe-deb2-4d4b-aacc-49eba6973ed8,2018c310-c2f9-49a5-85b4-865d04979ac3,4300f116-77ea-417c-9564-f2bdf84325df,a1b55d59-9d2e-48b2-b42e-c9adf66da0bc,{Tagalog},28-11-2016,
616268f3-5dcf-4e58-a051-192078a4ef87,0a47da03-0c68-41f6-8b2a-778c464896c8,b5d3e371-cce6-431b-b492-acecf6a6bf09,968cf8e3-a40f-44d9-9433-d020199df532,"{Arabic,Vietnamese}",01-08-2015,
f962f7d5-b796-4fe8-9a5e-55340221cae5,6c4bcfc2-c7d2-4325-9311-637b74505630,f087048c-9380-44d1-bcbc-fb7730d62283,0d4cdcae-e474-4eaa-bdc9-a13d98a0e411,{Chinese},26-08-2024,
2e1d1125-5264-4fe9-9bee-45509d6e0f44,d5551a16-8ee7-4972-b8a8-33492e3e4e19,7b82ef9c-66a3-4d6b-944e-0e036cf352cb,32c6c740-e892-486b-94b8-6f01cb81392e,"{Arabic,German}",13-08-2017,
651ab812-bc18-434d-98d4-80dd61d8b622,223c67f3-4724-48b7-bbd4-d78a27e07851,b8e4576f-a243-496d-ad8a-8048a420ffd4,f02dfa66-05a5-44bb-97e5-f307e49a8e81,{Tagalog},20-12-2015,
58395804-6a9e-41aa-8609-578188b1efb7,97428306-9cf7-42da-85c6-b4b8800bcc91,95abd99c-1411-49a5-9bd5-477aeceb0ff8,6b21e4f2-558e-4a18-8454-255fc57c025b,{Tagalog},01-08-2023,
ed17af7a-5042-4e4d-861b-948861c24e03,943aa7b5-f44e-490d-b1d7-03dd56a80aee,8794f008-1562-4508-a448-f8b67e5085f1,d629d675-ece9-4818-8946-e819cbdbebba,{Russian},11-04-2022,
96d44e79-0fec-4672-a452-ad524d805486,8a52fd15-58bc-416e-a5e3-75134df27a77,d3268539-aa95-4734-871b-aa6da8cff4ae,b702a87f-7b08-4ebf-88d8-121c036cd645,"{Chinese,Russian}",14-06-2022,26-10-2022
f2351619-c857-466a-91f3-39da1bd42903,3b83af94-9e8d-4de8-82eb-cd4f78775595,5409caf9-4ef7-4b28-b47b-4e1a51d586a9,85992047-2123-4326-a61b-861d8da2ab4d,{Portuguese},20-04-2023,
02244c1f-a1b8-47a1-b778-0722e495ef94,41cd1708-682e-4338-9fa4-bc5c4a60dc7a,4a86e2dc-6303-4078-99f1-a39f686b4537,7e4aa372-6715-4c88-959c-c083946b3e97,"{Persian (Farsi),Hindi,Japanese}",20-03-2019,18-11-2024
364bcc27-2e3b-4b0f-a450-b741cdf56ca5,4ee9784c-1f0a-4004-afb4-dd1590ce668e,bab5dad5-3a4e-468a-87ea-18fb4d7ec08c,467737c6-de19-48b2-9ace-4c465f9d0b42,{Korean},04-03-2017,
73dbdd8b-23a5-4cd8-a420-b68c52344c13,affd32b9-0581-4c02-aca2-6fd9e34435aa,e9f84016-70f7-4695-9812-41ca377e3623,ceafd596-e014-45d5-8518-c0557626c5ce,"{German,Vietnamese}",01-04-2016,
8cb10fe7-015e-4ff2-bec8-bce9b2e22b65,2f59ccc1-15e8-4a9b-8190-c31937a8bd0a,aee7e913-14d6-4902-ae25-d636af253821,3e6518c0-3e05-4cb8-ad64-ea3f430f3420,"{Persian (Farsi),Vietnamese,French}",29-04-2020,
b6607d5f-3222-4578-8633-d84f9d286cd4,7a24d9ea-6d76-44e3-a460-677d3e471d54,7ff78718-61cb-447d-8719-1c4b31900542,34d1e158-f200-4c68-a577-bcdfaae1cf69,{Russian},19-08-2018,
c3bad9d5-6e88-42ce-abbc-f92bc66cf3b8,1d357650-5852-4dea-9a8b-c107962473be,d1470d44-081c-44ed-bf58-795652005e29,567ec6e3-a778-4bd6-a595-66726af57cc1,{Portuguese},15-08-2016,
c3c9b467-c1c8-41c0-9244-a3bfa9ed6c13,8452ba85-1836-4da8-aa5e-4e8fa31d9e4b,ee04794e-a001-4fee-a900-6afa0c05b611,22fcc776-4662-4023-8dbc-ee7629f42b6b,{Chinese},29-08-2016,
5a6de9b6-394a-42ce-899b-75fd6c0ea523,c3a23246-6b44-4071-bfc7-df642ee5c877,d91da5f9-d1c8-4636-80c0-c35fde0adafd,a6f4d8f3-39d2-4fed-a7b8-41ecd6dcaac3,{Persian (Farsi)},08-05-2022,02-04-2023
e3828c49-7dc1-4c95-b0a6-016945c45d64,ae3071fb-6296-4c6a-aac4-2a22d8a86253,3ff215bc-10f8-48c8-a5e3-7cf6d6a30ba9,fc332246-801f-4ee6-9427-7a361c763465,{Vietnamese},20-08-2016,
fe90cdae-41a4-43db-abf2-b743d93660e0,5074185d-7560-4849-a4f8-8cf13a001880,3392cadb-ffd5-468e-8dd3-287eae1b9916,c0e2cc99-ab77-4e90-b3f7-2bbcebb6bcf2,{Portuguese},29-01-2025,
57627c57-321c-411f-ba29-66e1415140b0,55d7d615-833e-40b9-a5bb-d51ec5d1baf4,4ba06191-61b9-421a-9499-d997035511ca,ed33c1b1-61cc-41bf-8c39-41839717593b,"{German,Chinese,Japanese}",15-12-2024,
94585c52-04f9-4edd-a2a8-fa703144b2af,ec8db6d9-cb50-4e9f-bcfe-0e8123226894,ec27c113-6f94-4573-a47c-3bce172d744e,1bd064fd-628d-4da3-9855-a68f10eceb48,{Tagalog},22-05-2020,
3c9aee8b-0e0f-4538-88ae-caeb955a9927,6a6b72d3-84c2-4c4f-af4b-6964c4a51286,1cb8a88b-ad25-41a8-9739-ca7aac17c338,e50e75e0-08ac-4d24-845b-8fe1ccb6ab47,{Persian (Farsi)},22-01-2016,
0f1708c3-a841-463a-b8c8-9030c6ceed9e,62d36fff-cdbd-4591-bac4-45ecd5989cc7,73149fff-0d4b-47b7-9735-9be10acc68a2,9abd5f72-b57e-4357-ae97-88fc2174c8a9,"{Portuguese,Persian (Farsi)}",28-05-2023,
67982755-432c-434e-aea7-b8d8f08c9ae2,bb9cce4f-c82b-414d-bf9b-cb9c961cfccd,5a9bf60c-be8b-4057-b6eb-ffa9a29edefd,a4078f33-3f35-4ef0-8929-c59a8b4424df,{Polish},18-02-2017,20-10-2020
7d61e437-4085-4858-9869-c8b4c1817a39,8bca4526-6c96-4bd6-aed3-73403f7e4059,9b6af42d-b711-4b8d-9ef2-d8df01938b98,f6aca845-f71b-4ca6-bb95-df844ee76af6,{Japanese},13-03-2023,
21fbeb04-b2aa-42eb-a7a6-6f4b8b7ea32c,175df438-0949-4438-8267-3316765811c4,8bce6111-0523-43b9-a4de-102e87d02449,ec31bd98-3383-4ba8-8a39-7ec9acd9d826,{Portuguese},01-10-2015,
bb4fca88-4889-4f7d-909c-b10c8a98ca75,3ecf2f16-3104-43d6-85dc-bcecc2885293,6e1d9f15-a152-4d40-92cf-f751e0baf703,0f4dd580-a608-49bb-a5a1-0b76c0033de4,"{Korean,Chinese}",19-12-2016,
c45ca270-ac2d-4bbd-b14f-60aa02e3721a,5eebbfd0-a444-468b-85ae-b99606bc5777,deafacd9-3872-4d49-9774-4826573f2e9b,e09dec4e-319d-42c4-82ca-0a7a58416525,"{Portuguese,English,Japanese}",28-08-2017,
c0a6388c-93aa-4e54-99bd-29425a2c44c2,936a5949-4973-4de1-84e2-83ec424d481e,6103017f-df75-4a80-9b64-2b591b01c3d6,b0776cbc-4b1c-4039-8438-09dc062d7110,"{Korean,Arabic}",11-09-2019,
e5fee8df-2729-4279-81ae-95b7d5584a2a,9e91106e-b402-4b26-b24e-a4693b301db7,2e9aa67a-8209-4bd6-9610-598baa83470f,adb5c72c-2b8a-406b-b188-7dd9392da256,"{Spanish,Arabic,German}",15-12-2022,05-06-2024
99c67880-b1b5-4e4a-bec5-8bfe3acd3f1e,fce1a277-f99d-47cc-943c-c67de8c79854,ae939f78-1c91-453c-9eff-98734fdfe8fa,f088ed37-77e8-449f-977d-fb5f58ff80b5,{German},04-12-2021,
e2f2710f-c63f-46cd-a148-396ed87b013a,f4d306fe-c3ea-47f9-9f7f-1794d213e64b,ff44182b-18ae-47a0-a13c-41edc7bfb36f,6fd5c4a5-1812-440a-8541-2f16aa9fd8fd,{English},08-05-2024,
41e583c9-4c79-4f9b-9cbc-e5e7694df10c,b178a726-3977-459f-98dc-ac636e4138e5,b103f306-d21c-4e1e-9631-34f6a3b874ed,85c8c3fd-ac61-4074-9050-7afdd22b1a1f,{Arabic},29-03-2020,
9ca2d92c-5a67-4a58-bd92-baca047d0730,2646a1c9-a933-42a2-bcd8-ca3c606a526c,112ead7e-80db-4b6a-826e-026b0a59dc3c,27620eaf-aa99-4e2a-bb51-5d247e56ba52,"{Japanese,English,Arabic}",17-06-2020,
6c512ee7-d7d3-44dc-b5c4-17d1b2c3f9e8,bcbb2c8d-ec67-4414-be28-b95ecc71b72d,6ad5ccdc-748a-4354-a2ba-04ff4e4e38f4,32c33290-b24a-4439-8796-7a1714a30158,{Persian (Farsi)},20-04-2023,
fa5c304d-ae4d-4b20-aefa-1fecf6e7a7c9,3c18275b-8235-4996-ad93-069faac999aa,41dd3325-6c64-4efe-acb7-6e56a9c53a2f,7f5ff033-116c-483c-b0ae-4f2c25592de3,{Portuguese},10-06-2022,
50297db9-a6d1-4576-939e-09bd720b5b9c,e59f7e99-393d-4b41-ba77-8074469f2739,0caeaec4-5575-4ac3-be90-6e9218954f47,a4fca925-8212-4ccf-83c1-cc0a4246257f,"{Polish,German,Hindi}",23-11-2017,
813df733-2223-4846-b3e1-f47bc5eaff53,2b681c8b-8826-4f94-9d1f-f88c06bfeb50,58d90897-c66e-425f-b53c-4403306d3ddf,feca1f30-86aa-4cba-b812-64bd83a0f4f2,{French},02-07-2022,16-03-2023
6968c6e6-81b8-4b17-b795-00d91c9105c1,8321b210-9300-4a23-9da0-4fe794f5a365,90b8264b-f61a-4ce9-8661-19779cf15870,29367d3c-84b3-4f30-96fc-990769ddda05,{Vietnamese},07-09-2024,
ebf55009-8ec2-4a0c-ba0f-d80db1c41aee,dce8697b-c42c-4a95-84aa-299f21c7fe54,12eda76f-26c6-4fda-b2e1-22ae949b5566,8a34cff1-8dbe-4259-bb87-d84338c05994,{Polish},19-11-2021,
25bac828-b0ad-481f-bced-6bd2ede66a1f,017cb78b-3ee1-4a09-a60f-9c6c901ddee8,a2b58441-3c13-415d-8071-eb217edd24c4,60472ef1-17b1-4458-8588-38f3fa46a426,"{Korean,Polish,Tagalog}",27-02-2023,
6ebc9ad8-64c1-4977-8fed-5216f5066665,cac89626-37cc-4926-9804-495fce17a36e,1d767750-e657-4913-abea-8965cab4a841,83c904f0-ac78-411c-aa52-22c3ac91a180,{Vietnamese},17-03-2025,14-05-2025
7d60354d-83f2-403d-9a2d-1a9f4f9a800a,4b3de676-40c5-49cf-afcc-5f4d5c33e83e,58bb8074-f3e8-4efa-be61-479a5569466a,86cdee3b-82b4-45c0-a75a-691531179bc4,"{Tagalog,Spanish}",15-01-2025,
766f4107-27b5-4f9d-b9ac-4639e2daff1c,aab03622-fad7-4d34-8141-3f7df6cef0bb,6becae78-3130-47b4-b203-b9f302dabbcd,05f10158-3d88-4000-ab9d-6c1697e66f27,"{Arabic,Chinese}",10-06-2020,
3ae9a8b8-fd03-4dc2-aeea-71f6e9757b18,c3e73462-72c3-40e1-bbbe-7cc66d8fccc6,c406ada4-85ce-40b3-9371-7fe4508f1974,252cf788-c3a4-4f86-b9f3-a2fee5921c85,"{English,Spanish,Korean}",06-11-2018,14-07-2024
2852c92f-7eb2-46f9-87b8-f5c1d6076a75,802e918b-de82-46ef-8e98-c97539020ed1,7876b0d6-5240-4b50-8943-edbfaffd843f,f8a68c61-06a5-4caf-b26c-b7f0aade9123,"{Japanese,Korean,Arabic}",16-01-2016,
e813cfee-4283-4a27-afa9-0ed297e07b33,5a0acba1-d6ca-4ae9-9569-3d3202ee5689,5626432d-6bb9-4e16-b3f0-7d49a61c15dd,00709a3b-65c2-4f20-895e-bc695790a12a,{Russian},23-01-2021,
96b8cf1f-ab12-4dfd-a54e-69c7f2cd2226,7fe54a7a-5bf4-43ea-a522-42640e1dff94,16d61317-f0cd-4682-82a6-e436e67f38f3,50e5750e-e980-482b-b229-ab2664262ec5,"{Russian,Portuguese,Hindi}",29-09-2016,
fef7fc87-dde3-4835-85b7-924fa36fe563,9607ff69-09a7-4739-adfc-14854fbd9a53,618190d2-47c4-42d9-a66c-38632a1d9320,c8558db6-fe7d-4351-b309-d6e9b18ea72f,"{Polish,Japanese,German}",11-11-2015,
23cef61d-8e1c-410c-b50e-3910f6537c21,27f3b0c6-9bd7-4de9-8226-078498f98ae6,574ad22d-637d-46c2-98ba-2aedea57bf79,ca0047dd-4681-4a72-ac6d-87433c9fd8c7,"{Polish,Russian,French}",22-06-2020,
79099135-a6c2-4be6-907d-49dce4398228,4d90fdc4-2070-44c4-801c-20b65c8f4aa7,fc87e22b-bfd5-40f4-8b15-898b51c0a07c,083015af-ad77-419b-9b4c-b60c9ab3a222,{Chinese},25-01-2025,
b84e346a-836e-4563-8d8b-a83e9691961e,0f216500-4de6-4b9b-ab21-d96b1be90cd1,5f53f7ba-120d-4cdc-81d4-bff199f88215,caac4477-57ff-4518-a86d-55142fa6345e,{German},29-07-2021,
0ddd5fac-8517-488c-8d83-c0f61801a60f,d76fa6ba-ada1-4a62-bb0a-9880a2d5e089,9bc7424d-0073-4543-9a3c-367d2cc97d1d,1d95644e-9564-47e9-addf-c093416e5569,{French},03-09-2015,
60259701-f8d5-43fa-aa2d-4ced4b58f3f6,c2858c52-c2bb-425b-a875-58137fc93688,1d88a9dd-3306-4ace-bf08-7f29c4b7c005,89bb7502-816d-4d4d-9609-ace2b661a25c,{Hindi},30-06-2022,
ad1d2b55-3522-4162-b638-fe4cd87e0c4a,fdec3442-616c-4f9b-9371-13249ffc78d1,5e0f0e35-fb51-4b6e-afd8-1f8acba459a4,0e4368c6-24dd-40d8-b8c6-d90b23f439b2,{English},02-11-2024,
c7a4acd6-b657-481b-a695-95451864be3d,dd43cf3d-339e-4b47-8f09-d642401aa2e9,3f0d6082-8f33-4769-93c5-79c9413d7c68,c7c97bb9-a58b-4f4c-a456-945013c9259c,{German},20-06-2023,
1b7f03d8-79cc-46c4-993d-607ac8ccc685,d11f0f83-aacd-45e7-bfc1-ec9f6cb81d56,09751837-2f22-44a5-9d9b-46d506f2b020,4d9da6d1-e973-4af6-887c-73f05a24612b,"{French,Tagalog,Korean}",25-09-2015,
5da90d44-f3e5-4218-87bb-5f4967444c6b,e8690109-9384-4225-b8f4-666c570a2884,05257812-5b1e-4267-a383-05ed80c11a20,35e69112-4fa6-4e21-8c5f-f29701ad40f2,"{Chinese,Russian}",24-12-2015,
3f2c5199-5de8-4a90-8516-658d2ff0e132,8cd85086-498b-4366-8704-5684f838b8cd,ca96dd66-812a-4a6f-bbce-e17bc684a9d0,ac627857-72aa-4e5e-b31c-521546c9a647,"{Chinese,Tagalog,Korean}",01-07-2025,
29919f41-0063-4631-adc1-9271626486f6,e183ebd4-9c8c-4f24-add8-92c4747013f6,3c4c6bca-2946-4935-995e-a40c74849153,2ab1d0f2-aeb1-40d6-b816-a6cae0b8f52c,"{Korean,Russian}",27-04-2016,
c12e5ca0-988a-44ed-9d10-f3c654fca610,175ff31c-ce29-4851-8f14-fac007f9769a,5bde6ee6-1951-4a9d-be2e-613f2f591391,d6fe85a4-06f0-4236-81f4-457145db1cdb,{English},05-01-2019,
c43bf63c-f9ac-4247-aacb-7ef6bbfb1c47,986c1140-afa7-4b73-b3a1-992efb9cf01d,f59e9565-d6f7-4ad8-bf54-f3d7009084ef,beb392bc-74e4-49f8-a108-da4b9165592e,{Polish},02-10-2018,
f8b25db1-c62b-4db2-98df-81fdb2fc59a0,10380831-9fce-4d3e-a975-8a45010dc4d3,bdca464c-8481-42cf-9848-920bd862c16a,19128538-38b2-41fa-8677-ee3a89c8703f,"{Spanish,Portuguese}",31-03-2019,
f8ac050b-e547-4aeb-b765-fc493ec2b03f,edcb9a56-9bc6-43fc-bfba-7563030f1073,e659c70a-7ee5-4cea-adc8-c110a70f3049,58d9f7f1-042f-48d1-ad6c-91329139c0bb,"{Spanish,Chinese,Japanese}",28-09-2017,
3700b90f-f79b-4834-bb62-c43a864c5d7f,91d78d66-7792-4c2e-ad35-73587741f4cf,9942b8f0-8107-4c4c-92eb-2d6b83d586c4,4823116a-fbe5-455b-8758-035c2427f0b3,{German},15-07-2015,
7c280098-4123-4397-bd47-db71f37c6e32,40d223ff-fad6-4b65-b64f-65a91ac6bcfd,250f0947-91ad-4f4f-9b71-4165e59648a4,ab92ddb1-1f00-402b-9f16-39ec224dc6bf,"{German,Portuguese}",30-09-2016,12-12-2023
a4bc6f4e-00a3-4067-9e59-e64b150ef2e5,748ffc2c-b6f8-4038-91ab-cbad4cf314e2,eabe8981-ac71-4bdb-af77-8bba15df3eee,50b356c6-e549-4a3e-9ac2-082947b4a30d,"{French,German}",03-02-2016,
3f9b59f7-9ac0-4546-9d11-eadc15598edc,cda482c8-dae4-46b7-9e22-4aaefcefeebf,142e0bf8-3a00-4ad1-9d72-410abc34e66e,e7a00c46-c5ce-42bd-82ce-50d4c031e73f,{English},16-08-2024,
433b2286-601e-4560-8f20-d8f7f9f36a72,352ddec9-135c-4cfb-bae1-dab860897ac7,9df0198a-4a49-4839-be88-899fef612105,97ab700e-4a13-468f-834a-08ff62f96834,"{Persian (Farsi),Russian}",05-12-2022,
a3aa6f61-b3f0-42e8-9a35-92b0ae66e145,e0368a89-2d37-42db-97df-c70100f37dfd,2628b99b-81ee-4259-9b63-575184803340,0674d5b8-0ddf-4995-b3ab-b7ef62c47d97,"{Portuguese,Persian (Farsi)}",24-06-2017,
242d7a69-c114-4f12-af65-4e9a9a9fed78,9a7f4524-5c4a-4f02-9131-ddb0783dfd85,617d7c53-cd4d-4f3b-b38c-3aa69c232c7c,3d5e86b6-041e-43ff-9388-5b3c19c802bc,"{German,Arabic}",18-01-2024,
f780f55a-e99b-416d-b9e4-38a2a0d7fac0,3c018a57-a4e5-427f-8009-983368f31497,0c9423b9-54c7-4462-97e5-cc902a0ec45a,c349a6f8-181d-446c-b9d5-2e3a439d51ea,{Russian},15-02-2021,30-07-2022
6a5d2ee3-edb3-46ce-a8b8-62ba2e6c9980,087042d8-7c33-440d-86c4-c8e8665d5b90,cf4030f3-7fb7-4de1-8106-fdb651792a7f,afe14915-bb2b-4742-9fd3-ad0a4143757b,"{Spanish,Arabic,Polish}",08-04-2024,
85269e4f-64cb-4dfc-bab3-833856650100,2dc9bb93-2456-49ee-84c6-557662862edd,852259c7-4975-46c1-9c3c-0af58d8fbbdf,a39e631a-34e8-433a-a734-f1eadc546d76,{English},27-06-2023,29-09-2023
7c2e0858-2594-4a2b-b4a9-e34142a99018,9a15e31a-5a37-48d8-9f1a-facd8142387a,feecddf1-db3f-4e5b-8051-96a72ac54b81,e7f60e27-bf33-4cbf-ad8e-d536b02c6304,"{Japanese,English}",11-08-2017,14-09-2021
a8c5af18-38b2-449d-af8f-7becd2e16958,8a826238-5f1a-42d8-a00a-844753da28dc,685726dd-fcf1-4495-bd28-20ddeae36ea9,375f38eb-4a50-494f-8dd1-dfb22d43c528,"{Portuguese,German,English}",09-06-2023,
7df079da-1470-4415-af4a-6282c0755598,caf09792-29dc-4350-b884-270b83ff5300,e44e2cd4-2107-4c5b-b3bc-2e8579f80947,d21f62fd-c5f9-4ab6-84c4-95a045c6a2c7,"{German,English,Spanish}",02-12-2022,
9a52adbd-9dc6-4135-859c-553c8d690578,a458d9ac-d3a5-459a-849e-bda8c43fa947,c5df9fa3-f621-4685-b0a5-5efe8cdf0d45,e608f248-033a-484a-a3cc-1f741278970b,"{Vietnamese,Arabic,Persian (Farsi)}",12-06-2018,
c1190e18-cf8c-411b-894a-d78d033fcbd7,33997304-24a9-49fb-909a-1ed2e1e1daa7,633e2bfb-7163-48b3-8c1e-1aa2380b59e5,c26ccb60-bae3-4372-8cf1-24d27bcafe0e,"{Persian (Farsi),Chinese,Arabic}",31-03-2017,
ca1fd840-d184-41c4-8028-678afb006125,f18b77da-b644-4109-a0b3-70b2ed3306e5,166c5692-9a39-4832-8bce-eb853f27bbed,d70156bd-445b-46d6-94b4-53d47ef55af3,"{Vietnamese,Russian}",23-07-2019,
a66e68e7-6a40-4d8a-a64d-890fe6697510,57d75a56-235c-4b97-b7cf-cbf5438a4607,646a5b62-5e22-4553-a327-9051be26363a,4b8fcbc3-c9ff-43a5-8c18-37fb90d8ab0b,"{Russian,French,Korean}",12-05-2023,11-10-2024
026aaf55-42eb-42de-9c88-4a8620b6f4b4,63ba7f6c-c9e8-44dd-8434-824733bea064,2e5de153-cb72-4ebe-b371-9f1f5b244301,e8a7da5f-6077-4a37-8d04-5eb5f46a7b40,"{Hindi,German,French}",11-09-2024,
bfa8c701-b6d3-412c-818f-7dd881cd3444,b1d335b5-2e16-4abe-9bba-b9dfa6663676,67d4f966-ee3a-4cf6-bfbb-f52d9aad9a1a,6be12961-13c0-45de-96b2-bf5440b4e230,"{Russian,Chinese,Polish}",20-03-2019,
373d9058-f0f0-4b79-9f79-a7bdf0d591e0,b00012aa-3f7d-4447-9404-a3675b7948ae,a70efa23-8aa9-49b5-b3d6-35078b7f5e38,241e9b46-e836-440a-94c8-83b7c4d5afb9,"{Spanish,Portuguese,Hindi}",27-03-2016,
c755e6cd-ac5c-4153-b381-94708e9f7764,8c749c2c-676c-4d0c-9228-7fd0355c7379,b73d218b-eae0-4fad-9225-795d40826c07,e07c46ea-f39f-4494-8a5e-1c743a3c18c1,{Polish},09-10-2024,
c5c4b5be-57bb-4d36-b1ad-5b1833195499,60e4429d-6381-4c1e-b855-b91af97a10b9,3cad28d6-e585-4654-b813-139f5a0cd201,7019ef96-8e10-4adc-a9e4-fa23062b05bd,"{Polish,Korean,English}",21-02-2022,
66518bdd-d89d-40d4-b1ad-8d116eaaa5a7,3264ba94-50cb-4773-8722-cf92e3f1a3b2,874fe7de-cb61-40d4-b81f-f7bae965ec8c,1af7fb45-d2e8-4a72-9f5e-a3fe15fc87f1,"{Portuguese,Korean}",04-05-2022,
72b0225e-4ab3-40c4-9ece-e240a1bbe460,bdccaf20-4d62-48db-8419-66b8bf22c700,9fbbb02e-f6f4-470f-a63c-6501a4bdeb38,537e53a1-e341-4fc4-ba8a-0f2f29e3be1d,"{Polish,Arabic}",11-08-2017,
78c2fa62-2239-48d9-93d6-9c443391e2b2,0b6ee206-57f6-4e36-92a5-ed1124da0f65,a900e633-5036-46e3-bceb-82dfce7641fc,05da2bf9-05c9-4b89-ad61-6065b7ace5e0,"{Japanese,Hindi,English}",16-11-2016,
aee69205-5406-428a-8b9c-b5070bc53100,f70f6b74-453f-4dac-92a7-194c1aabe7cc,42fe1bb2-61be-4854-91ff-ba1447836b35,217173a2-de54-4352-aacc-df3471a5384c,"{Polish,Hindi,German}",30-10-2023,
ec9d1cd4-5af9-448d-a9c4-ab58d7273224,4cb8d60c-c2bc-4aef-851b-0c034eeae08b,376069a8-c634-47fb-8ac3-0d4867b6833e,2bd397c3-19c6-47e1-80d1-2fc727d7e995,{Persian (Farsi)},11-08-2017,
b4dc2688-4317-414f-9bae-bdd513069a07,23082e45-a3f0-424d-a811-b6329217940b,6abcf3bc-6aa4-40f1-8f4b-87b14a730ad3,015d3dba-f15a-48d9-a069-dc2a76f83cca,"{Arabic,French}",01-08-2015,
78af4176-d3b5-4eaf-8fc1-2c2c57176b90,b70481f6-56c1-414a-a160-ad729554065c,f659b6b2-de3a-46a3-8a7d-6e64da1ede7a,2ba91cb4-4221-4dcb-ae3b-ec9a3066bab0,"{Spanish,German}",05-01-2023,
6924d804-8737-423c-9c67-211442af2438,c921d6de-818d-4574-aee2-719c65eb1143,f8a598ec-7e2b-4a12-bb1a-94508abdbaa8,5b0b1c1e-b15e-4afc-893a-db350579d174,"{French,Hindi,Vietnamese}",12-04-2023,16-04-2025
c377dea9-8d1d-4e42-b33f-d4349ad4d273,0bc05831-1936-4825-89ff-74c8792d6c1a,2a5596d4-a0c0-41bb-b689-19cfe2843f30,4e72094e-aad5-4643-b630-1dadc61d7237,{Hindi},23-12-2015,
d40aa927-240f-43a5-9cfe-936ead8fc6aa,8ea6ec22-2cab-42b5-b05d-605b6cd8dd2c,c9c96935-777a-421e-aed5-997accb5ef55,51c5c903-8eb7-4cde-80c6-13969d281789,{Vietnamese},27-01-2017,
d01d8e1b-33ad-46dc-ae92-34d4b52a0f26,c66e2044-b7f3-40bb-b676-a75de1641dff,e8d97cc0-1d07-4faa-b7b8-1963debb7490,265b1613-6d8b-48e0-ad0d-a35c9ab49115,{Japanese},28-08-2023,
a2a5e43b-e030-4723-a5a1-0d66075de26c,5c097ac1-a84f-4079-a310-5fbf3ee59b0f,dd50c532-11a4-483e-80f4-017a7de95728,0cca3eb7-1f00-4a02-80fb-5226557169ef,"{Tagalog,Korean}",15-04-2025,
bb7cda28-5eed-4262-8984-4cfc9d01ed91,4e55eee6-097b-4f51-84e5-f0dcd617aad7,3e1bb9e0-83ad-45a6-8cb5-9a839359b1ac,eca731f0-f5c7-412c-adcd-f02cfe97a062,"{Portuguese,Persian (Farsi),Tagalog}",04-10-2018,
9f98a4e4-6ca7-4b6b-b1f3-ef86d815a240,0fef2b86-cefd-4df2-b8c4-84a5887e0881,fd894dbc-5a42-479a-b77c-dc5d805831a4,b3211c9a-d938-4db6-abee-8a770785d495,"{Tagalog,German}",21-03-2024,
d1557fbb-708b-4945-95d0-2a93253348ac,bd29318e-7391-401a-bdae-04251fd6a5b1,baa5bdc8-f954-4caa-94c8-b84b469859c2,a61f02fc-226b-41ec-9472-e60024a0de98,"{English,Hindi}",08-02-2020,
902ba2e7-b89e-45bd-b1c5-2f70299e77d9,5f94c1c3-4a42-4aa7-b725-985f00040160,733d500e-3ff8-4350-828f-8ebbaf690546,fc1d4688-2865-43a1-8492-10e70b86617e,"{Korean,Vietnamese}",23-02-2017,
067f47c9-01fe-475d-85e8-1ecca5eede40,70c7ac23-48bb-45ea-81e8-fafbe6f2629a,7e257c1a-05a5-4967-a101-3464637a6318,2d762daa-0719-409f-9f5a-da2804e5e257,{Portuguese},18-02-2020,03-06-2020
8a44ce48-cf40-4af7-9e98-afc1f5d81f7a,51064cb7-12db-4b01-a1b8-808b4a64e381,7ce23c28-96fd-4309-a79d-ec353acb1103,9a25facc-b6ee-4e33-82d8-88294fd75eba,{Arabic},01-07-2021,
ffd8ea93-44f9-4c0e-8c56-e83cd6f210fe,184f0c0b-2907-4787-9d6c-a472dbe2ce36,e29d3d3a-73bc-4866-9580-6a8d814a2fc5,a5f4f213-821f-4a29-b527-ee77de99297c,"{Vietnamese,Persian (Farsi)}",15-11-2015,24-04-2016
e4ac24fd-6dd3-44ee-8657-292eb91e2ca1,6248681c-b8b9-4afe-9a95-59e6a24b59a5,dd9e4569-cb4d-41be-b66c-4cbd277e1061,3498bace-d05a-4731-9425-b0fb5de3767b,"{Japanese,Hindi,Portuguese}",18-03-2022,
c3cfb9f2-7c06-46cd-a46b-e04744771d34,bf5cb0a1-64a0-4c81-b924-56163028aaec,5f13c891-47ca-4761-8a10-2b33bcacb196,99c25242-2bb5-425f-9c1f-f34ce2ee6c58,{Chinese},28-01-2023,
baf5276a-c9d3-4507-8bf8-c344588c5fe2,e438cf21-f442-4c1e-b8ba-c1a6348fe1cf,c0550007-0a11-4cf9-80b1-49966ebe8ae0,50a72b5a-3acd-43c3-b131-35aa28eee6a0,"{German,Spanish,Hindi}",02-05-2023,09-11-2024
7c54d9fd-934e-4a5f-ab6b-c362660f23ea,b6e7552f-064c-4cef-ae14-01d97bd79f12,4e885f9e-34b4-476e-872b-f3c3b90ba559,87566362-bb94-4531-a55c-83b514754da8,"{Chinese,Persian (Farsi)}",29-07-2022,
20f25e27-2bc1-441d-a41d-eb6e0dcfc197,61342f48-75cc-4cfb-942a-08cc25e80cb6,363ab78f-975f-4e50-9715-e8cadc66a16a,5a8e6f3c-203e-4782-b705-f27330031925,"{Polish,Spanish,Tagalog}",02-03-2024,10-03-2024
631bdb69-9459-4449-bfe1-77518713c5ff,fa12cefd-84ec-40b3-b4e5-93593d639134,3e9a1957-8931-4674-be3f-3e4a501c42a7,0ca5c257-fffb-4cae-970f-2adca718969e,{Spanish},22-05-2019,
5ef0ab88-143a-4cb8-a214-cb338dd72b3c,c8549884-cf54-45cf-b72e-bf6ab46f9bbe,3070b4f9-9776-47db-9d3d-f8b1720ecd72,b74756a8-6956-41b9-bb6e-61783d28c9c2,{Arabic},01-06-2022,
34ff2619-29eb-4665-a3ba-a719c8ca501b,0721fe0e-572f-495d-82c3-9e37ecc9cdd8,4dbf45da-5e2f-459d-bb3c-b6ee81c0628e,9e2570ec-d344-4c1f-9f68-33a8323e547a,"{Arabic,German}",26-06-2017,
60b55d9b-0a06-4da9-aa00-5c7236a4744c,46f45fa9-c486-4fe2-b7a6-24108caca7e5,cdc9abdc-38b4-4c0b-a9f3-e2dca6c5e2b8,dde2a2b3-8359-4d12-9928-3f0b80c5c9a3,{Polish},26-06-2017,13-04-2019
a0dcb9f5-d3bc-48b1-8daf-055834147b5a,00d71d8d-8757-495d-85ff-8ab72bba5953,e8adaf6c-56d2-43d9-bb81-79363a90b55c,e0b5803b-b420-4d17-821b-b5d735a607b2,"{Vietnamese,French,Korean}",20-01-2024,28-02-2025
fa72ea89-362a-45eb-ba25-b5aaf347b37c,217c6d2b-4fe2-4a83-af04-9c338a00a4ca,8f0998ae-2655-4ad9-84cc-bbb76e51397d,ce35f208-4956-4f8e-9d03-1e878c33ab42,{Persian (Farsi)},05-06-2024,
d1b31246-c8e2-4396-9a15-3d5526af8809,b06449f1-8f90-4399-a4cc-fe7281670fc9,7ed590b2-b509-4f83-947f-37f9581c2768,d7775dd9-33c8-4716-bf98-f9470cccf1e1,"{Tagalog,Portuguese,German}",19-03-2017,
33c85f84-d703-4b42-8f56-224ac8a2becd,06c091af-e582-4cab-b17e-7a7ff04ac084,cb493caf-e7a0-4359-b0bf-7a79166f6f4f,44c3cb6f-e805-4e84-9fb4-fe5f13842477,"{Vietnamese,Chinese,Polish}",02-12-2019,
2665b3e9-5926-4595-81ee-ba83786aed46,71146822-03d3-4d2e-b1ea-1dd3e9c789f4,409408ad-b120-4a0d-98c2-a2452e8ea75b,646655bb-6549-46f9-84af-6a8696915c53,"{Chinese,Japanese}",09-02-2019,
88c024b0-b053-4706-81d5-0475104fa2da,a463223a-3241-43bb-b0bb-eb9984cf8a49,52afc321-4168-4c67-bdfa-412f1bb25eb0,a59c1551-581d-4e64-9af6-53d00c28b595,"{Spanish,German,English}",20-12-2017,
ae2d44d2-e1c2-41c4-8a6e-3b611e4bd9ac,cb36304c-0cc8-452a-8660-2a228685e650,dadf9811-b88f-48e5-94a4-d7ccbb9fde2b,c5751b72-0d06-4e09-be8f-01dc4a39ccb7,{Japanese},27-05-2022,28-08-2022
0c75e100-6297-4dc2-8027-ba55f5074ddb,c47a50c1-45cc-4a37-813a-b415157b1cbd,80e70e67-cfa6-4e01-9f20-6cfb05b640e3,8956a984-7c61-40cc-9956-ac76d7d6707a,{Vietnamese},20-08-2024,
83f363a9-9ed9-4718-b9f1-5bd51fba80dc,adc30352-ed41-43f2-a452-399574caa882,984edd78-46c0-432c-b0cb-ccdc32ca1fb0,25d11a2d-e676-48a8-8d44-db3dae996345,{Vietnamese},25-08-2021,
22d05672-5edc-4237-9497-319a0509ade2,80744507-7a92-468c-af7b-bb7397134624,7d525a8e-fdbf-44a2-a765-67c08383ca58,9961cf24-e160-434d-baaf-dc26bf67fc2e,{Persian (Farsi)},27-08-2020,
5c9aa87f-f474-46b1-9b16-077545efad3b,e5740c33-e5e8-461d-bf98-87723fb48c01,fad8c366-bf70-43b1-97c4-cb1cafec7198,9d8e03a6-d2f9-46e5-9fcd-9f4ab1c8889b,{German},20-02-2018,08-12-2023
cc6f4a9c-ef4a-4f6a-aae1-91825a16f32b,ea2df662-c19d-4376-b26c-558712447c3e,14eeb748-32de-41ef-9984-90162ed373da,0147f52c-37a5-4bf2-b166-90f76148e9ee,{English},01-08-2020,
9c226801-4e97-4777-a419-bbe1fd161296,b1e59ffa-04c5-44c5-862a-0423da73e0eb,1c2da95f-b3ed-4006-a084-28d89f2bd0cb,5c9547db-e773-49ef-8435-c7287e3682e8,{Polish},20-05-2018,
eed5aee2-b21c-4f3e-99db-5ccfd6a490e0,d33991b5-670d-4fc9-aa44-093fbb5ead20,8a775907-b1a3-4cfc-a9f0-f8375897fbf4,5b8eeb4c-2636-4390-9b83-daed55390bf7,{Tagalog},23-12-2015,
87c9dbe3-af1c-4b43-bf8b-33d3806dc6c5,b089ea8d-ba5c-4a68-b7d0-9a46bb48ac06,92175884-6f61-45e6-be48-14f9cc5cf2bc,372e373a-1852-4066-84e9-314b20426a8e,"{Polish,Persian (Farsi)}",29-03-2023,
425f00d5-04d1-4539-b1c1-8e168143dd49,943fc1fd-2be6-40f5-bb2b-74f57bba3e88,bb62cc3d-9fc1-4e3c-98e5-17638b8f35c5,85f26d33-bfea-4852-85ff-5d4577c2bf22,{Chinese},07-04-2024,
8f34e9ad-1414-485b-b7bf-d73a0a4343ec,2a80efd1-4df4-45a7-8d9c-5e088bbbff66,c212640f-4dbf-494a-acb4-dadf5958a454,86d20f4a-18d6-461e-b8d3-3fdc09a2226e,{Polish},01-10-2024,
6d2facf6-4bdf-44bb-865f-b974f96eb260,0881988d-d208-4fed-bcb2-40860f583a4d,dce54a8a-3436-4402-8fdd-2340b16a8b4f,4682b498-5957-4918-b2b3-0d8faa6f69b3,"{Persian (Farsi),Tagalog,Vietnamese}",22-05-2024,
f6f5f316-cfe5-4567-a287-5218a5ff3732,99dbc2af-0953-445b-9ea1-e6e5631890e0,51edbe06-7eea-460d-8332-247db0d8c0bf,578b50da-8a07-4a08-972e-d48c9882b6d7,{Arabic},06-09-2022,29-05-2025
940d4427-b0da-499c-80f5-d552db89d468,cae33f96-d781-48f0-a96a-ac1d74ae089f,3870a8f1-e8cf-48f6-8c88-bb4f9e4b1037,39d056e7-105e-43ad-87f3-f4fcf85ab6a7,"{English,Polish}",10-05-2017,04-02-2023
955bbc4e-e976-4126-9953-963b5bf727ed,ab71b0fd-3084-4782-ad37-f7bce9275605,dc29bf92-3670-46f9-91cd-ccf9a8b875c1,563df39c-74ba-41d8-b3cd-fc794b78a3db,{Vietnamese},19-01-2020,
58882f6f-4b7b-4d44-8e01-bfe1585ac82e,e6e958db-92cf-4807-83fa-95317651b117,6e4efe01-8631-49e5-99a7-b1e553b5c86f,ace81c59-eff3-4e15-8a4d-75bd7dc9e6f1,"{Portuguese,Chinese}",07-02-2021,
cae0d17a-9dc0-4ed8-b860-c24e91fdd923,a33905b2-7a39-4030-8248-6ec8c2f8fdec,c00c7f5e-d91c-4f63-ab30-f888073e525a,9ecdf7e6-af14-497a-8437-4bff4415ba0e,"{Korean,Tagalog,German}",05-06-2016,04-11-2019
b394ed3e-ee68-480c-b883-35369a99cb1f,ccda887b-420a-414e-85ec-fb1b0e6590be,d00b47d3-1995-4107-93ba-19e2809c402e,d57f84ef-504d-42db-8b79-737e64ba8772,"{Polish,Chinese}",27-08-2021,
30d0b26a-69be-4e29-9af8-4c14637418eb,3cbc8d69-20c9-4ecf-9e97-1b2ec3b9fd77,625d3ffb-1ffa-4200-9c6b-75c35b9443e3,c00e204b-6669-466e-afb7-a305e98c4461,"{Chinese,Russian}",26-09-2017,
232378a2-e703-4d07-95fb-824c23527488,89a08fa7-432c-4195-b6c5-9aab113690e2,281c1225-c26d-49f2-8c09-2b8d2d4653a2,4a12f089-1c1e-4298-84e6-57daba3ea632,{Russian},03-12-2024,
68fc03d2-2aeb-4d0f-97a2-f061f7b34f43,b9535c53-f20e-4ea8-b561-9ea23fb88046,b61997c6-b6de-415e-9ee0-c2ed964d9070,a8955df6-9e1d-447f-92a5-61dd28e7124b,"{English,Korean}",20-10-2019,
efc272ea-94a0-4e65-9eac-00b8d3d701dd,a8f479d7-96a5-4f2b-adba-db5acf15fca6,93c3ea30-4582-401a-a6ac-c5b1fff07487,86c8742a-5790-4f20-9809-b20fcca2d362,"{Hindi,Russian}",08-11-2024,09-11-2024
788f2809-88ee-47f4-9b6d-18910470a737,386b7454-2fcf-4999-9cbf-180d24b27962,8b3eba62-0148-4b88-83e2-f1424b1100cc,9fda86f0-93e3-489d-87ef-85e5999ea0cd,{Tagalog},29-06-2020,
de59c213-ec29-4de1-8e0d-2d12011e6483,714047c5-da38-48ea-bc8d-520717f6a9d8,5c985eac-9b10-4661-99ce-73f91547f0ad,57204ad5-838f-450d-8835-e2cb3222bdb4,{Hindi},26-11-2024,
39078957-6512-4e08-861c-cb6f6f7652d2,19c50246-644a-4e38-9a35-59a0fec701e8,72753b1e-44bd-46f5-ba0d-8529fbb504c2,d7b34582-d433-483e-949b-533623799474,"{French,Russian,Chinese}",19-06-2023,25-08-2024
b82ae12b-e002-4edf-bc08-6193e7ab0479,890f8447-a9d7-4ed8-9238-c20123df70c6,0b99b526-67aa-4c2b-954c-abd9f6e1c9ed,27c809ab-f962-48c5-907c-d615dee18f5e,{French},07-10-2016,05-04-2018
f288b29e-afee-4fd8-ac6f-151f2650875d,f64ec4bf-f26e-4fd1-9642-92185e6e34ac,5910a91e-d8c1-430a-b76a-5c966f75a1a6,834e97d2-5888-44b1-b8d3-18a6c569f4fa,"{Spanish,Japanese,Polish}",01-04-2021,
d5a87867-f83f-4a4b-b7c6-49e9e7d18a9a,deecd384-955a-4f8d-87ed-d274b47f56b0,8cf3265a-53a9-4462-ba8e-f4cd457f05a5,553d043b-08a4-47e4-8f64-4ee7b83c2bee,{Tagalog},10-05-2025,
9a835e03-0429-4b8c-920b-f3b0d12bde12,fc2913a3-65ee-428d-ba0b-95edd30b1270,16d87e94-5b27-42ec-a93a-0327c78881d3,b9a354d9-3339-43ea-960a-5edb5935114b,{Tagalog},21-04-2017,14-08-2020
9496764b-0774-46c1-9dbd-a3912803e145,65632024-40de-4bed-9738-92f0dea775d8,442351b8-6097-462d-a6ed-57a80a0a3441,7b5b4ef0-f1f0-42c4-a6c9-af300b8ebca8,"{Chinese,Arabic}",19-09-2016,
550e3e81-7b2e-4d76-a749-46eb27375682,36b7d5bf-cf40-43e5-8ebd-591998a77976,8d21a2fd-94b5-4c92-942a-bd18c65f696f,db1faa03-0cf7-4f00-8117-07fe2e109921,"{Polish,German,Chinese}",09-11-2017,
53c336e2-1d1b-4a01-aec2-01dcddfa3872,edb9d9dd-0d8d-4f9c-8bf3-72814b69da8c,f2392502-19b5-4586-a2f0-1ee4179f417b,92e2c7c3-8243-441b-827d-01d6e4414d56,"{Hindi,Russian,Polish}",17-06-2017,25-01-2018
411bbb3c-e555-4072-a673-d1eb27de0930,3bc0d79d-14d6-4d70-ab40-50e78a6bcd8c,d0ffbc98-1d54-4932-842a-1362da974c4b,6898209b-f8a7-4ee4-9cdd-fc982a5eee8f,"{Chinese,Portuguese}",20-02-2022,
c5a7b05c-801b-4142-bfd6-41d4a03ce2a9,e1fb55fd-a8e6-470b-a09b-bb9ba0bde429,646875cc-60bc-4f8f-b335-dc8d797b11b4,d382d2e0-f5e3-4347-87c1-4323d8fe28b7,"{Polish,Chinese,Russian}",16-10-2023,
53155f06-a54a-4d20-b369-38364a769250,9cb08952-d7c5-4d7c-a058-c4201ea32673,6f23a3e7-8aed-4f7a-b7a8-0ca5a1df2c48,238074a1-6a9c-4245-9667-279c20a3ae0d,{French},02-09-2020,
ad23cb6b-657b-41b2-bb7c-94b1381d47d8,c294a03a-7e34-4013-84f6-8c42aabca00d,7c587873-a7f6-43fe-8df8-b0e25a1f1d5a,197edb2b-a93e-40f3-b898-8ebd829c3f4c,{Vietnamese},22-08-2020,
1304770b-1043-4330-a372-7d4480333005,9f2456aa-d1b1-45c6-b9d7-4b201b625938,10ab0628-6a22-49c7-bfdc-23bc37f0a841,fcfd1fc3-5c99-4137-b704-53b1f54dbf71,"{Arabic,Persian (Farsi)}",06-06-2018,
8cd7cc01-9645-469c-9953-91cdb792a645,4aab3ccf-0411-4bde-8880-793f96b2df35,ce3ec190-f3a5-4a64-8530-92e3fa15ea16,89fda790-8837-4b25-a6b4-27630faaec2d,{German},04-05-2017,
31671aec-2301-47d8-b543-b9742475b5db,ff72ced9-f438-4d60-b158-7f5bd58ce66f,9d2f08f5-cce2-4b37-bfdb-f047dd8cd4d4,546e4c23-7256-4025-816d-3e0d476565b9,"{Hindi,French}",01-05-2019,
371d1217-8cac-4fcd-a5d0-a10508c249dd,04118b73-49ee-4f90-9b85-75545c4f27e2,5a40fd2d-8fc7-41fe-ae00-aab523ba9545,cca1305d-b7b2-4244-8339-3daefb798f4c,{Spanish},23-08-2017,
d41501b3-dea0-4b57-ab71-ba409d0c245d,b94d9b80-249b-4c15-aced-5a9b4407dec7,6a9179a5-2996-46d8-b856-7e27fbcfcf7b,81949801-6eaf-4e3a-ab4c-97bdaebc9343,{Persian (Farsi)},22-04-2021,
47401a38-2250-45d9-8deb-f4a9d3b79e0a,bd572760-5aac-451c-91cb-91ac01fe1ae1,52e85e21-828f-485c-a323-4dc6599b8d6f,479e0dd8-a05e-475f-8896-4967e33d73fb,"{English,Russian}",21-06-2017,
6a4dcd6d-e863-4d23-a35f-7712208af39d,70d03277-bbaf-49d2-bbe2-45a2431349cf,a65cf747-b045-43de-8ae8-288787cbe394,94a06488-ff6a-438e-afa5-ff5bd3caf529,"{Korean,German}",25-05-2018,
9f845ba4-6c65-437d-ae97-d675d20be111,c2a261fb-a4d7-47fc-bcb4-55b8ff2436c9,8efa9de7-d8f3-4114-86a5-08ec581708ac,aeddddb7-0597-4625-8c80-042174550cef,"{German,Japanese}",21-08-2019,
10f3f0e0-0e2f-4b47-9b98-a59ba386c7da,d5d19f16-5ebf-4da3-9b9f-2c8fb5b02c10,ed36017a-684c-4e2f-bb4f-ea1c33839eeb,60ddc5e6-e327-4da3-9eed-31aa1fa82d2a,"{Arabic,Persian (Farsi),Japanese}",24-08-2023,
36a2e4c1-455f-4259-ba49-20c0d55f4422,f1262095-5d25-4cdf-a969-960ce064a1c9,390b5a7b-4f3e-45fe-b02d-306e90a2ac06,485ef616-b4ba-4e3f-8dc1-2436588a5fda,"{Korean,French}",11-09-2024,
b9fa4bf5-110c-4da8-b7b7-85f0ffa4ef45,92a95434-ceac-485d-b3d2-5fc520f498b9,aac9db83-58f5-4ebf-9ec3-5a515f6d8777,3803fccf-6cf8-4349-9e53-8d451ff8f7da,"{Polish,Portuguese,Chinese}",29-05-2021,08-03-2022
33eb5c53-1af4-4024-a61d-fba5602e8b5f,b6b8d2ca-ffb3-46a2-b919-5174b0ac89b8,f3dc7b89-d2e6-4bb5-9966-390b952c64b4,8adb9fc6-b19b-4f17-b44c-fc947891d64f,"{Japanese,German,Chinese}",13-04-2024,
927b9af9-3115-4350-997e-bdc232acc198,98b5d642-15d3-42a1-bbd5-925ab812ad92,ab8f0a94-34b7-4d60-954a-0be92f7b0a11,5868cd0d-c6c0-4b84-8763-a09637a9c80a,"{Arabic,English}",23-02-2024,07-06-2024
86990b2c-c465-49a5-bfe9-adf8815cfacb,88b8900c-79aa-428c-81da-ca8a5a25fdfa,b4804588-4bd1-46d0-84ae-aa059d30e498,78c03a14-f074-4d61-abff-57c6b743f209,{Korean},23-08-2023,
53379960-66df-4fdc-a749-a08178f6e129,9c2f6269-dbca-49ff-adf1-57ff4093ec1d,8e89a3e6-8317-41a9-a35e-7c268e533314,4524077f-6a80-4e91-be13-8592011bc291,"{German,French}",12-02-2024,
d7d692a7-54b6-4dfc-8526-d05a2a690fd0,b7eb595c-942e-49d2-a25f-9703094c8181,f5c400f4-5e0d-41bb-ab68-4ff874ea2de2,a9b35f3a-a680-425a-a943-96e72f9a98d2,"{Japanese,Hindi}",24-02-2021,
94af71fc-5283-4bf9-8193-fe331afb6d45,790ebcf2-2e2c-4eb4-9666-1274fe7a746e,362d4d68-87fb-46b5-b922-37637f6f9077,0b8759ec-4b72-477c-a4d9-0f3d926c9b52,{English},11-12-2022,
0174ff41-e7d4-4dfc-a6eb-a4d89ba72f11,34823d6c-e0c4-4219-b2ba-8e0a75a22f15,b9256b95-d901-497f-804b-b72aa8fdb9f6,d76cbc07-e989-4c64-bd05-102125bcc0ab,"{Korean,English,Tagalog}",20-02-2023,
ba13d028-be42-4457-9b63-927ee978f4a0,1233004b-a0ac-4c13-b0cb-abfb1388869c,7e84cf71-67d1-4a13-b565-09f991b4702c,fcc12bba-6356-4c48-b34e-d85fbcaeadac,"{Russian,French,Spanish}",12-05-2021,
497a81ce-f463-466a-b01d-b4749cc4c1c3,7b2fa288-3a54-4572-bc04-04898fa913f2,79b9041a-f55b-4c47-9aab-075726c3de0b,35334524-afa9-4f6d-9bf6-bdb00ee54793,{Russian},01-05-2021,
c6bdeb04-2fee-4e77-a1e6-d86fdc46b211,f1e958c5-3ac8-4c34-bf2c-ce360989b591,7b073518-43a5-4f38-84c6-7f3f666654aa,dfd168e3-bdc8-4f5a-8556-0ddea1faed62,{French},16-12-2017,01-02-2022
5b077dbc-a0fe-43b0-b0d9-bde0e70e8c6d,13ff5876-527c-4f20-b640-ad20c0a42f8d,8c4ca710-819e-4cae-b0ca-8e903b7cca06,93fd043f-379b-41f8-9ac7-90b285ba9b72,{Vietnamese},19-02-2018,19-02-2021
66ae4f7f-df35-4a0f-9156-2e2195b67ee1,19cc0a44-7f20-4b8d-a4fa-91a532c79c65,285e2e90-5b83-4dfe-ac01-0d8ced138ca5,fdd93069-e15f-49ef-9a76-5446a30fcaa9,"{Spanish,German}",24-05-2016,
253228d2-9ad8-4867-8320-56ea13b374f9,8d87ea88-1f51-4341-94c6-88cd66baca12,b21ac957-e197-4c35-b8ac-20ffad18922b,6fcf94d2-b528-4d78-823a-a3cd9a55b01f,"{Hindi,Portuguese}",25-02-2025,
b22ecd6e-0239-484b-87ee-76db7bcdafd1,a887ce83-f079-4ed9-bad3-c95f41e9c0c4,b1557fa8-6e4c-4e3b-8d1f-2e03a58fcf44,77aef7eb-ebd8-4586-a52e-144c5e58ba68,"{Chinese,German}",25-05-2021,
63dee882-3bae-40a4-91c3-9bafebb6528a,3c66e6fa-4577-46ef-af9b-b2e558b8dd75,d1987260-155e-4066-ab9b-ce8aed854c62,50399bd3-0e36-46ef-ae10-a8eb278faf0e,"{English,Tagalog,French}",02-08-2024,
3836bee8-a5c1-450d-b51e-f8ce112e4321,1b597948-7a36-410f-b6de-f11cce119664,4587dda5-7654-41de-b4d7-fe3724c69311,35c3c661-43f6-4787-bea0-75ea2078bd35,"{Russian,Hindi}",22-08-2024,
60f3665d-64b5-4ed0-bece-21e81580ff8b,5f70d424-5d26-4acc-b259-6d38592a99cb,e5e7426a-1017-428e-8020-599dfeb44ea1,41ad98c9-711b-4504-8217-c22e2cc6be7a,"{French,Russian,Hindi}",13-01-2020,
870a2d4b-9d2e-450e-a0cf-b08ffb09edff,28be4c2c-06ef-4875-bdc4-e5308f039833,d2574a13-9b00-4b36-adac-a7e7baa242a8,1d38b4e8-e1f2-465e-b37f-a874a5eb88a8,"{Japanese,German,Hindi}",25-02-2023,23-02-2025
1b98d0ec-3e59-4670-b722-725cdb388496,bc8f09c4-a3f5-4ebb-8355-a8055f01770f,3b09ae84-7261-4d74-abd5-9dded649564d,90f81429-3862-4222-b3e2-40f2ff631c31,{Spanish},17-12-2019,
78d908bc-c06e-4ff9-acc8-cba99e085925,57365a31-a636-43b2-b0b3-ddefe1a2393a,7a4dbf15-8961-4da5-ab19-ea9ac3779815,a552bf5e-d7fd-4e95-9e9a-af31c16cf582,{Japanese},02-05-2021,29-10-2024
1c8b5cb7-6b55-438f-87e2-5d9b589df70d,9d573e44-313e-43b8-a37b-ba36336d5b2d,578271b9-20d2-42e4-95c1-27e912011947,4e3287b7-c143-47cc-8e2a-ee0373ad16d8,{Vietnamese},31-12-2021,30-12-2022
efaf501a-ecfe-447e-ba22-a6f0c6a555dc,f78c6b07-c470-4218-ba78-74e629c9ab21,8789c536-51b0-4cf4-957b-66853e1e344e,b4a6a995-83a6-4ce1-96ac-ca73984cfd79,"{Arabic,Hindi}",05-07-2022,04-05-2025
f8f1d731-2d28-4673-8a60-4d006c7afb71,cdd15d0a-a21e-43a7-ac46-13805c4ec4da,c4b9e62a-6db0-4390-8bea-f51d8d83d17d,0ed42b6f-439d-40db-afe6-8824afc84f17,"{Hindi,Tagalog,Arabic}",15-04-2025,
e688bcbb-a4ec-45fd-8af6-4e5b4df944b6,81548d81-6c06-4715-869a-bda147089f09,2fbb4304-3fb4-4ed6-b172-970af8eb6744,26740bdc-51b1-48b4-930e-17beedc39505,"{German,Russian,Spanish}",23-09-2017,
e4bbc4ac-4847-4d44-8a77-9381e47783e2,b2c14081-2c4f-40eb-a17e-427c161b02b1,899ef8b2-03ad-413f-8fcf-08ea1c06ec88,887493ff-92d6-40ab-b8d5-e4250bdb512d,"{Hindi,Portuguese}",19-07-2020,
6eecee86-b548-488a-8ccc-f8d05bd48abf,36f2f3dd-a416-47bc-9fee-d09989a52dac,9e980d6a-236d-4aa1-874b-437702c9abd1,ca39138e-ec88-4bc4-b33e-58d813fb48d4,{Vietnamese},12-07-2020,
33ae113b-f090-4500-b37a-72b96004712c,f13140d2-6adb-4e91-bf78-961631485f09,ada4c149-d2ed-487a-964c-99f4a53d46e9,23116da3-b1a1-4832-b64f-bba3503fbb72,"{German,Polish,Japanese}",02-12-2016,
3bcffe7d-6000-4c67-a1e7-d9018cea40d6,d237c515-f6c8-41ef-b9da-8f3ff50cdab3,ade89ffe-1e10-408b-9965-08dc0682a9fe,7657365e-ff08-449c-909a-b836e1001fa3,{Vietnamese},30-05-2020,
2c238a00-e18e-4cda-9043-811262201a20,63d964a8-162b-45ce-905d-a77e0dcab28f,389b2154-8251-4097-a41c-d6fd7e859ade,18620f2e-24f7-4bda-8da7-8b492d550bc2,"{Japanese,Korean}",26-11-2017,
3eade53f-5ce2-44d5-a5c5-f9034ab8cb01,92748e58-600d-42ea-befe-2c7812d62997,fb42eccb-2f51-4966-b70f-bd992aee10fd,3e0de5f8-e3c3-4cdf-aa9d-5a7363e876de,"{Japanese,Polish,Persian (Farsi)}",10-09-2022,
4c1ebc99-b18a-4020-a2ea-73035e993a44,1fbd93a0-3700-4463-9a3f-3ba33bfa93c0,c23cc621-0b8d-4ac1-9c1b-f3ee7d998118,535acdc1-72ae-456e-ad9c-f9affa028fab,{Polish},26-09-2018,
2bbdb333-43b1-4bbf-a210-f8709b02265d,0d5a4805-a8ef-4f8a-bf0c-6c9d5ea33509,8fddb93c-8632-4d66-8dab-cee17bf75f5d,d09eb8e5-5811-4f46-8b84-a8f4332c7ca6,"{Chinese,Spanish}",31-12-2022,
b85e8eb1-5a6d-44a4-9dcf-f430acb93074,434dd665-d9df-478e-b717-6caf0e60b5ab,387d0b77-c192-47a7-8de0-9ad6d933be79,83961a5e-b49e-4ef3-b78d-9323e0dfcc3d,"{Russian,Japanese}",31-10-2021,
589fe925-cddd-4180-998e-b7e2a6563f7d,dcab8b6b-6c17-4033-ba3a-8465e059f71e,6bf24d10-7565-4e14-b1d4-0b09b0fc35ee,ce7b53d4-2e6a-4ce9-9d9c-5a41b536b8c2,{Korean},02-01-2023,
4dc40c9b-261e-4aa0-b74f-3d12939b9bbd,b680df13-ea46-477f-92e1-61714cb2f5f3,d747821a-d788-4d90-84cb-4c90b5f04384,502d8fc1-a4a9-4b22-8201-e23868af256e,{Arabic},24-10-2024,
eda7af16-8322-4e00-810f-b0a6bfac83d4,d2138323-7307-4338-abc4-a72174bbd205,78960ff3-56bf-4941-b01f-e64be536aa21,34f1a217-d856-406a-8a43-b0f82b2bd9a5,"{Japanese,Chinese,English}",29-12-2018,
a4243f2c-08e3-4b55-9e1f-d84acb48cf1e,ceacaf84-7783-48e0-9dd3-daba5a6960ca,19aec704-65f8-4a9c-986b-f115541cf6c6,7830eb5a-7c2e-4fae-a453-132ffa0f5ecf,{German},25-11-2015,
416fdc93-f4c1-4656-b487-1b4292882181,b5652f60-b235-4538-a92f-aaee3f8a7b73,1e2ec82c-efa9-49ff-b6eb-97096868238e,1406d0a4-fb48-45ca-8e59-a2c403ed2296,"{Japanese,Spanish}",22-03-2018,
fb9bf792-31cc-4322-9d9f-8a390056e9b8,81d0ab9d-b198-40a8-8a67-514fd636691b,c9ae9a27-6570-45d5-8dbc-5f30cfb9bec7,5f6ee643-fd94-4ef2-a62d-96517942aaa8,{French},04-07-2024,
9cffc5b1-f47b-4b94-9b79-91825db09e17,bbe35d31-4056-493a-b62a-bdc3351ec736,cb9d3c9c-5e4c-4805-9139-b73e69d70ccf,80ce46c0-aa7d-4499-b058-0f889aa0a4dd,"{Vietnamese,Russian}",25-03-2022,
f46a7cc7-edfb-4aed-b603-b1947432732c,91acb36c-75c9-49e0-a114-d3325f6e745e,425f456b-e6fe-46b3-b4bf-437ee7ad16aa,df22511c-d3fc-4a45-bb47-4a05342b26f5,{Spanish},12-11-2021,
e438ce42-4e9f-4051-9a95-c3a102fcd662,715c11af-6f61-48d9-b142-3d02af60c3e0,441b2e0a-8977-4935-a270-4b2f51f07545,8aed6374-af25-4d98-8f1a-787a3370d8b0,"{German,French}",26-09-2022,
0f78ef9f-cc1e-492a-b8fb-257fd33a68e3,2e5fb0b4-48a1-4fb6-b8cc-c212e2c84cb2,a31dc4ed-2b34-4ac8-a0ca-65d363e9012e,8c768a04-6974-4c03-9b74-b8d81db58361,"{Vietnamese,French,Tagalog}",18-10-2024,18-05-2025
8cc4eefb-01e6-4d60-88a6-f3880462e08b,5a13ca05-be21-4e8e-9d8f-6c561c090dea,c4d3d2cb-050f-4a8e-bbde-b053d9eaed35,29153115-67e2-4c18-89d1-e58da9bb8736,"{English,French,Japanese}",04-02-2017,
997a51e8-3464-4ed9-ae3e-8129cc7513e5,ed8ce28f-c4f8-4b21-b0c6-f6ae5d330208,eddbf1f2-3add-4477-b941-dc529d67061a,c8da9371-1544-4ad6-81df-9ce69e63d00e,"{Polish,Arabic,Hindi}",21-02-2025,
d96c5401-d125-4d00-92ab-dc6f1339f810,b88ffffc-4f90-4e3e-a27e-0b85286f0cac,889166a1-f870-45cf-b1c1-01a772c6f1d3,b4237639-0dd7-418f-84e6-991fec0256d9,{Arabic},23-07-2023,
c6c1c206-b10f-43d8-a3c5-fbebbc86534b,792bed72-bed1-4a3f-a5db-e263468cd54c,953c7b0c-fc2b-4a18-bf87-65566a6382b5,0a95089e-73b1-4bda-857b-994f721ceaca,"{Vietnamese,English}",18-04-2023,
d6951472-e91e-4eac-a832-6f55aefced69,b7e27606-dc5b-4f99-aaae-267205b3889c,3f8e7a61-5104-4d6c-8e6c-0b2e74ec84a9,b317a260-1351-446d-a6a4-5ada8eaa98b4,{Korean},22-11-2016,
9f64bf9e-beed-4064-9323-e27b348c2a3c,7f475534-8c72-4c8f-996b-4b38604864ec,cf63ed5c-69a2-4290-9aad-fc21a3cda5c8,9dc5ed4a-418d-4d1f-b584-6c0b2e811e20,{English},23-08-2015,09-08-2020
9263ae27-73f6-49b1-aa5f-26df6674f379,8bc99890-6487-45f4-a1a5-ff522c62a13d,f6d696bd-c82e-405f-99fa-9bbf9248b194,845e2b71-a40f-431e-8793-975e08171221,"{Vietnamese,Korean,German}",22-07-2016,
bc10fdcb-fdb8-4bc0-9671-f80cee5d6177,97270cfb-ace5-4d98-9681-53f2d8540ff5,ff8e390f-d0e1-4025-86dc-eee1b79eb3eb,c4a22c41-6e15-4a71-a7e7-4883f0252279,"{Arabic,Japanese}",25-08-2018,29-05-2022
3c846906-fce7-4f3a-b711-d317d6176483,564b436f-5e1b-4f98-a47e-cb223df4367d,fb9900d1-fe24-444b-902d-6383f31640eb,b00cb2e4-bf22-4842-b077-e9afc5df28b2,"{French,Japanese}",29-07-2018,
5b2f5c5b-c3b1-4545-b61f-d7352b7c052a,1677cae3-1c07-4c1c-8d68-8592f9bf22fd,14920274-5bdc-4105-bb42-d731d6a1cad5,d0fadf48-26ee-4065-910f-5cf808afc2b5,"{French,Portuguese}",08-04-2023,05-06-2023
d420559c-c658-4ba3-89ad-389799b6ca28,0952acb8-67c2-469a-b8b8-4ed9dcb22289,c5f448d0-3184-4cc3-b0ad-65927009cee2,e0220ce1-7a0b-4876-9da1-ed3b75b51071,"{Vietnamese,Korean}",07-06-2017,
9bc8069e-7879-4e6d-b94e-ee078176837b,59fbd2b6-6925-4581-bf1e-60e9df8a1c08,2a4700dd-9152-4e27-904f-383ed3869e21,c45d1f07-e130-4623-8105-4ddd5186551c,"{Arabic,Persian (Farsi)}",18-12-2022,07-06-2024
cd66eb65-1e41-43af-b444-59d26476667f,0cddb95c-08b5-4675-9e59-ec7b50a7ab92,982935e8-c0af-4e4b-b1b5-0b8660b2bfba,088e4c64-4f75-42e5-b85f-987de1ca3e9d,"{Portuguese,Hindi,French}",12-07-2018,
557cc903-2be6-46c9-b989-cab4d7ea2e2f,8febf243-a86b-4171-95a3-a52ef9d65aa6,03785597-c7c8-4a57-bee2-3c3479ba222c,e11b89c1-017b-48e2-81ef-7f88651f80d7,"{Polish,English}",08-01-2019,21-08-2022
c48cfeae-1fc2-491f-b696-bc49a18842b8,42c56c3a-bbb0-42c1-83bd-7e1cb468105d,658b1cc9-4120-435e-b967-6b4a8fafade8,001024f1-4a26-40e9-975a-04336711d347,"{Russian,Arabic}",24-05-2020,
9967f44a-059f-4216-abdd-dd5bd04cafe7,e74db8e4-4e07-48da-a29f-fcdf3e305b78,074393d1-7dd8-40a9-b6dd-b12449370389,fa949fe5-a082-4834-9f7a-f86d847d85d3,{Arabic},14-05-2021,
7c5152fb-aaba-46e3-8857-cc89ba443676,3297af63-aa4a-4449-ac9d-72d2566cda86,e9d05757-6cad-4f56-9cf8-fa45c5ae4904,0ff6f693-62d7-4e9a-be8f-a2c0eb2a7f88,{Persian (Farsi)},06-03-2023,
c8b92b7c-9353-4a83-aebe-292b55efa23c,c03eef97-967c-4cf1-9f99-46b893b15abe,acf2ac7c-7747-4c72-b3cc-86b2d461182f,4d933f05-db1d-42ac-89d7-e3b883810950,{English},04-07-2016,02-07-2017
e59c99b8-1a42-4687-9335-b51f9c5819e3,d7a847cc-abdf-4579-babf-5c27c574c80a,e7c8a767-88bd-4507-9cb4-761cdb414e95,b543dd5f-f12d-4f55-948b-4006a69396f1,{Persian (Farsi)},10-03-2025,
05de0d1b-47f5-4b21-adf5-ad19b8919249,572b0edd-dd28-4d9a-b7b0-34b85538bb6e,b800f838-4eb6-40fc-b154-fd64d002b4e4,f1b92da1-1e88-4b7f-80b9-aa97a7d23865,"{Portuguese,Hindi,Chinese}",23-02-2016,
0bd29a75-d5ef-455c-a25c-17fb64c5f235,946b48e5-e930-423f-a392-a0b7df324d15,312d86b4-2170-4d3a-9ee9-dfcf1c0d4fe2,e2f81982-a5cc-469f-94be-6d5efc42ef4b,{Portuguese},30-06-2023,
fe73353b-40b7-450b-8a2d-f7ff86d5f117,8132d77a-4d43-4451-be4d-f5269ed41250,c2d2c560-c44c-4558-87c7-418b74f0f098,1a847791-9ebc-4095-b5cf-c747a6b2a322,{English},21-03-2024,
f44590c7-c974-4703-93a8-2d7054016606,698be342-9bc1-4903-965b-ab22ee47e9ab,461267f0-d335-49b1-baa3-91fede0eff4f,80102f2c-5dcd-4bbb-ae8e-40e9fcd80c17,"{Portuguese,Hindi,Chinese}",06-10-2016,
ad6333c7-515f-4c72-8bf3-dd3cf38cd072,b4fab4e3-bb27-4edb-952c-ee7f5b8518bf,1efe2c5c-08b4-4bfd-ad49-5c94c1ce205f,ae5c1c2c-d4aa-4cfa-998e-97d705a1794e,{Persian (Farsi)},20-11-2024,
5cf086bd-6fe5-4544-a35b-d5f1f167405b,76c96fad-f1bf-43c4-8fec-4c4799a91970,7e1b71a0-0f6f-40e2-92da-d1211e1ce834,ce553242-c7a0-433e-a8d9-f96878169e09,"{Korean,Chinese,Vietnamese}",02-06-2022,
dbdb1e65-0a0d-4bdb-97e4-a41b086c5c45,51a292ab-dee6-40fc-b776-15c5228ea05a,4b3306f2-96cc-49f0-8a2c-afd8c74f0de6,a116b5bb-ab14-4083-aa6c-b6e0130b2077,{Chinese},28-08-2024,
8788eda3-adb3-4eaa-ba7c-761a306f0a41,e993034b-b834-4423-8c50-8564d02713f6,2008aff0-7c9b-495d-b1fc-283e3ddb38d2,af7124a4-79eb-439e-a312-f6f07a76fcca,"{Japanese,Russian,Chinese}",07-09-2023,11-10-2023
8e5b9653-7ef5-4f65-8bb6-b464839af621,0ebd85e6-b87f-42fd-bd75-405d520360e4,9644bf10-ee01-41c3-9e9e-92ddb73d1e9d,bc05b0e3-c52a-4428-8303-667b069329b5,"{German,Hindi}",27-05-2020,
612a9d0f-fed0-4446-98d3-9238617ddb01,6db68162-5d47-472c-b7c6-4f220cadbd34,1e83923c-35d3-42b0-9d39-8939658e9fe1,b82d59f4-4f79-4876-8b35-c41518cbf36e,"{Japanese,Chinese,Russian}",12-11-2020,
69b20390-ccff-44f5-9d1d-2802005b1d28,9ca355a9-2b7e-494f-a2ca-de51abb909ad,d0be6f4b-f722-4ac1-9564-df54b7ac6f50,16be5d8a-4f63-48e3-96cc-b67804925263,{Arabic},14-05-2022,
324d5b11-5c0c-4141-91e1-91c6b03c5b73,66d43ce6-a9a6-4fcc-b0f4-8ef1f3b52d8f,a3d77275-c931-4622-a5e7-10a1e462ed1a,e2fd4e52-d5ae-4b00-9563-407d5ded54a3,"{Japanese,Korean,Hindi}",30-07-2021,20-05-2025
ec614145-1a1e-4825-bd06-82646dbc4fec,53dd895d-c6aa-4d5e-be4e-87f582914864,4cb3811d-ec94-4bd5-80ed-e619f576fbfd,786610be-2ca6-416f-8882-871042279e49,{English},09-04-2016,
9e6cc9e2-5058-4733-b3e9-586939e38727,417c61ce-210b-41fe-9e41-3b2dce8c2b9b,407eaa5f-2da2-42a6-a2fc-15cb1c5f2da0,0824d641-e262-4820-99b5-c18f6f9f5e28,{Persian (Farsi)},11-09-2015,
65606519-6c1f-4af0-bc93-cc3401b305d9,313d5b57-683f-48fa-9b77-9b0b9a735178,cf2b5b6d-7a0b-4e6e-82a9-e2df6e826788,3f097e3b-973f-41a0-a9f7-200223d82ae7,"{Chinese,Persian (Farsi)}",15-07-2020,25-01-2021
a4734952-21e9-4270-8919-9c7034b1270c,bed4d61e-9721-472f-8eb0-d7f0e815897b,3aec9baa-4e3d-4d75-a2f7-fdb75224896a,f47b0a0f-673d-4ee9-b2d7-1f1ffbd3912c,"{Portuguese,Russian}",06-11-2021,
75f126a9-f08a-40f3-9aa1-357a593c3dbc,2fab0389-17e5-44a3-ab0b-f8a6ee30d6c9,7e7039ec-3a0d-42b6-9d3a-3ff18fb4c00d,578bad67-1e34-435d-be9a-f3f5edb61d90,"{Japanese,French,English}",07-12-2022,
456a9d63-240e-4379-b9db-3244fceaee7d,52a27443-eaac-4823-ac8f-4b628a07057f,96aeac8c-e90b-4bec-bfe8-273f3db52025,eff82c70-73a2-45a2-9586-572b711b7518,{Spanish},19-02-2019,
c937c2fa-7472-4a36-bd39-460c753248e9,d8d8faaa-fccf-40a0-a22e-ed8696b2aea1,20ef623f-aee2-4cd1-894e-b98f8609ea34,a9db3e8d-8536-4460-9429-850db01e20d2,{German},08-07-2016,
86156bcd-ce86-43db-a1e6-0afa0bdbaa37,c8f30248-a6f9-4802-9a17-8d7d54c964e0,da6642db-15e3-450d-9b57-04004abbf49a,6a3eb778-4cfc-4055-aa1b-40e9e5937d6d,{Tagalog},22-09-2018,
ea397c1f-c54b-4996-9b00-058f89459603,1b19ecd8-9a22-4252-8a90-fc70bfc1eb8a,f79cdfd9-d8c5-4ce2-8a26-e14bcb30687b,c1e15cc6-5228-464b-915e-0e5745e99d04,"{Chinese,Vietnamese,Korean}",09-02-2016,09-02-2017
578a1d3c-1c7b-494e-9f4e-978bdb246c7f,0028c98d-3253-430c-b47c-450afbb4ae76,9c96bd55-94d2-4f70-ac1b-26d38f95efd5,6196baaf-1f9d-4447-81f8-52ea3283a53d,"{Tagalog,Portuguese,Korean}",27-09-2019,
9ed6d18c-8b56-4009-b143-d2114b721b39,47752f3a-ad59-4eea-8a85-6c6d1c2a93fd,826c669e-f381-428b-af35-257cd95f80be,106e9e26-16b6-4c7b-a3e2-38e326b86773,"{Arabic,Spanish}",30-04-2021,
8ded0764-e3fb-4438-bca0-12aaf7d1f43e,f84aefe4-3df0-4ca3-b220-1138920f73fc,e1b3e874-bba1-422a-bbe2-c9fd99f77825,8cd5ae5f-e952-4823-a522-b7399e44b82f,"{Arabic,Chinese,French}",06-07-2017,
f65c7933-6bcd-4ed7-b583-4b5ac05e468a,3fdff3f7-60a9-4080-aad5-deb340d60385,5dfc3e3a-28d7-4d10-8c1f-cdd192d72fe6,163e4396-14bc-4a82-b6e1-4a3fb4fa8778,{Korean},29-03-2024,21-05-2025
24a90170-e45b-4a63-8bef-abd42b209c2e,6a1f7d59-cf0c-4745-b516-733716cbe053,0cb69962-784b-4df0-8f9d-b1d76b8f19f8,fa634bc8-e11f-46ac-a5ec-f5ac741c03c4,"{Portuguese,Hindi}",09-01-2024,
8399536f-adba-45a7-802b-833ec5aecab8,6ac7f42b-92b5-4c98-89e8-6a9c958cbd19,91f8f897-15b6-438b-9105-73af2a9c4be4,8430ed9e-a05e-4dbc-8b95-825582a04174,{Polish},11-08-2022,
9845fad5-dd9e-402f-93c2-dc7db31ee860,3c3c8727-bfe7-4b52-bb98-56981eeda45f,6a07fe06-b6a2-4544-950e-2756ecf101af,2eac4666-d7e6-4eb3-9de6-67babf3a4822,"{Arabic,Portuguese,French}",24-05-2020,
04adedcc-a8e8-46f2-aa82-bd60e0d42a56,24663e9a-d8bf-471a-a765-f5a722984e7d,d586c9f6-46bb-4158-82af-83af3bf8a6c0,d6e354a0-1bc6-4a55-bb1d-b24eb2efd8de,"{Polish,Japanese}",14-08-2019,30-07-2020
d97bf523-af65-423f-ae56-cabcd943654c,49557087-1539-49b2-80b4-5ba357c67721,25127f7b-1506-4c49-936a-5cb372896170,1b4a4cf2-e177-4f02-b3b5-a911f7f5f43a,{Persian (Farsi)},07-08-2021,
1b1a047e-9dbe-4661-a1e9-021a34a0670b,b323d4ec-d387-48f0-bc53-132c1bf77510,45f037c8-29aa-4ebe-9072-b26168f05c09,440ab01e-0e14-49e8-a148-b156d0144418,{Korean},06-11-2020,
b98be24d-6055-48be-9cd5-2c9d88bf6e84,ebffe929-54ba-49d8-a0da-ea1767db8d6e,0ca012a2-249b-48b6-aace-f24fded44599,4f3a68f7-efa0-4536-8881-14f7ba4b9c97,"{Japanese,Spanish}",10-03-2016,04-07-2017
8bea510b-7cd3-43be-a973-ad04bd38e9d4,1d9c1e1c-f458-4f34-b7ac-028d0cc71a61,9b3d0f49-1663-4e6f-8508-a290b71a561e,84aca1d5-4f2d-4ddc-b698-aa6c2c2a64ab,{German},03-03-2016,
6e065e7e-2743-43db-894e-58498285d0d0,60c043e6-0177-4b99-84f8-760e2356b043,6e6e3e49-70a4-48e0-82cb-19b2630ebae2,1a63c61b-4313-4467-b82f-325adb1a3cf0,"{Hindi,Vietnamese}",04-05-2018,
2d8dd9b2-384e-4400-be21-0a2ed019e10c,d5c7165e-e8a2-449b-ac1b-fe033743f914,40098b26-3600-4b0a-9555-10e0a30597fd,c09b94b0-67dc-42de-9755-1a52178e3b7e,{Chinese},11-06-2019,11-08-2023
53db700a-2b83-401a-a60c-ad229a5243f1,3933f1d7-c8d2-4755-ba05-6fa0bace31d0,4218d4c1-c160-43fd-a34c-70305033817b,3ee433de-93e4-41a1-a9e1-af22a88aa0c3,{Vietnamese},01-02-2017,
f659a571-3df5-4e57-8a6a-9790467030ca,13698d0b-d804-4f9c-b734-6e615da9586b,35ac6ec6-4746-43bf-8e56-732fbb1c0c1d,ad67a68f-130a-48ab-b708-c04691f5960d,{Arabic},09-04-2025,11-06-2025
8d526ce7-bde0-45ea-8556-2ccaf55fdbdb,5fa53d42-111f-4370-a465-737117f3647f,df145e0b-4c54-4a72-be8d-5afec3eddeaa,7afb24d0-ea8f-4faf-ad44-9a13c9e0fbc1,"{Russian,Tagalog,German}",01-11-2018,
2753022b-d932-423d-a07b-ab8cef5aeaf0,f2a79a0b-64be-4cba-b60c-3e98de97cef7,c91000c8-8c42-422d-ae60-98586a54d9a2,525f95cf-241d-4391-989f-0c30d0595d3d,"{Polish,Arabic}",10-02-2018,
5cab0755-37a7-4eaa-9a66-6646e6e7ef82,bdca8018-f65d-4c81-b01e-126a21fdc864,6a78c41c-ea20-4625-963d-6f5c561d97a8,d4473f6c-b8bb-4741-8eeb-044b5622d421,{Portuguese},28-08-2017,
137bc13a-5be4-423d-be9e-8b4248ad05dc,31d60fa4-24be-4f5c-b8f0-18f796f8ffda,98d2fe11-57ce-4867-98f4-e25fd1fd6831,39e72269-8350-4ea5-a7ec-74f8e6aebd6f,{Tagalog},16-07-2023,
7b179c8a-0bac-4099-96f8-3df11aa97167,1ce747cd-591c-4496-a04b-977aa196dd38,e1066610-5f72-48c1-b65e-ea59561851e4,0a8f1b34-740c-4399-a3c9-24d8bcb81644,"{French,Portuguese,Chinese}",16-01-2016,
ab0e9611-0de9-45d6-977b-03a69100f4c9,0515ab3c-ea8f-4cab-8b42-3750e3ead322,fb7fbfa8-2513-4be3-b6f7-44e583422f45,5094dbcd-866d-4b77-bd69-c9c8e1b097b5,{Russian},22-01-2020,
fa578dfe-3f60-412d-b292-e54a688dca88,413f9b61-bb28-48d4-811b-c77ce40d8465,e6be753e-c02e-4a22-ad25-dad6e8b79404,6b700463-347a-44ee-9f34-a392524772b3,"{Persian (Farsi),Portuguese,English}",20-10-2018,
6c68c773-0395-478b-846b-b7aa15eef71e,959f983f-a72b-49f3-9734-5c626423e70a,ccbb150e-3358-4a57-815b-8d43b138fba4,2184b202-6387-443e-aded-54148c48c638,"{Arabic,Polish,Chinese}",06-02-2022,
5454619c-9e62-4167-ba2e-f806948b83ec,92d41757-e146-4181-863a-2dfe67838ff6,a33bab2e-9e74-4bab-8f1f-f86d99d1d8c6,79d2f796-cad4-4408-922c-4b61cd9784b9,{Polish},04-07-2020,
e1decbea-d41f-4e32-a3fb-eb2e5430c947,2eb02b6c-58a5-4d3c-89d9-ff9f41053eb5,ab506c05-e595-4594-a1a7-79ca80183a42,48c34e95-0ddc-4009-ae58-1ebf03573bae,{Spanish},26-12-2019,
883fd216-7cbf-4931-aca3-73413eb92aef,27ae536b-9104-4590-9c8b-c11b2aa7a66f,6e09073d-11ea-4748-b3ee-16f4af013325,e33b9d2f-0b58-4861-b121-a5154998629d,"{Hindi,English}",09-02-2024,06-06-2024
2658322f-618e-4218-bd0b-becef3c1fa99,b870cdff-971f-41d4-a459-c2cf56c8f5af,666f79d0-810a-4de1-bb5b-fac3180d755e,d3d251a4-283c-47c8-8aa7-9d45ef58d91f,{Polish},06-11-2024,
62745fac-5dc4-458e-a2a5-8762f409c03d,0b680bb0-28ab-4904-a964-efded2a822b0,8925aa78-8101-4a13-a748-88fc79f97e74,d66ed7b4-b144-4a84-88c4-c6fb3265d4a5,{Spanish},01-08-2016,
a2a87a8f-6669-470e-9ea4-d6068b32ce10,c9dd4b2a-0942-459b-bba8-11842571b16c,239e172f-f317-43c1-96f8-e6e248b6cd0a,269c9ad0-428e-4052-9758-4232f430a538,"{Hindi,Chinese,Tagalog}",27-07-2023,
d41ab4ca-ffee-4f4b-97d3-fb0e6bac52e3,0eef54c2-802d-4c80-a5ca-1af133549693,a875a43b-d505-444e-82e8-668d93966d03,b150362b-f07b-4835-870d-fb56929b7e14,"{Polish,Hindi}",23-04-2023,
4d1d046e-290d-4c4c-9982-c94fffef8bf2,c8f34333-c60f-483c-ac35-d3857358fe5f,c3b0f6f0-e513-4aca-b3cd-0292b8accec6,f1533c6d-78e6-4a15-b9e0-bdd7b47d8014,{Spanish},20-12-2021,
a9dc93bb-f407-4f85-aede-0d2d76a5375d,e71a562e-6d4a-41a4-b475-32f2a07a5f11,15c9cbf9-b314-46fa-82f8-43d77e3b35e7,3b8aaa54-837b-4ebd-bfb7-d4d89a3922b9,"{Arabic,French,Korean}",08-07-2019,
6d99529d-de1e-4def-a48b-91d3818f3667,7f9ec7cd-50bf-4883-95a7-15ae5800cb21,099aa6f4-38ea-4ace-bf14-f8f7121d2e03,17add408-ee79-483a-83fa-4b133515aacf,{Portuguese},14-01-2016,
bae36928-2356-4f3a-9cf9-d54594885dc6,754338d7-354a-4796-a731-f613b278287c,593c63d6-b613-46ce-b94d-756be353bbf5,5b1e7bd2-e970-4193-842b-fb41225279c0,"{German,Spanish}",11-11-2023,29-12-2024
820284f4-c613-4db9-9498-03d05af319bb,b4af3aa3-baa7-475a-8ee1-9c1cdd719be9,0fb75afc-6765-4829-8b81-ff24c32fc6d9,4372c5d0-7bd5-40c9-b21d-217dc01dbf0d,{English},28-06-2018,
1e7b4187-935d-4634-9cc1-742abe688881,2f00f39a-6b2a-4899-8ed5-5c9d3aba8f75,f7d3c363-d3c8-4a70-be70-3617cc40e153,8a6d5c53-4287-4fc1-b7a4-44694f34e11a,{Spanish},07-09-2018,
6899e90e-82f8-4bcc-9f0a-a2c71eefadc7,e01cbc2c-4b5e-4b03-9973-ef7f60f49dd1,9f26eb31-ad2c-4b4e-8f5b-bb283e812f3f,a5a710c8-39a5-4c99-9537-4bb1a8651327,"{Vietnamese,Hindi}",15-03-2022,
70979d8c-ae5b-47cb-aebb-f019ecbef057,ab5267e3-1073-4aa9-8c7f-a73a4dafa7b8,a3ad5342-d307-4309-9e1b-f5e271f538ec,1ecb3ead-fb62-441a-bc22-c696b18a6a0b,"{Portuguese,Hindi}",04-04-2017,
b47ea7a2-0e8e-48d7-ad12-007b0631d35f,b59d6436-d42a-48c8-85a2-580575f4ffeb,9c983ffc-0c8b-4e78-b950-9d0209ce70d6,90b55534-af54-4722-8015-63fdba97e8ed,{Tagalog},05-09-2017,
cb86e415-bc35-4239-9235-488196784bcf,a6728382-28c1-4fd8-bbb3-9015bec12dd7,107aac0a-0d3b-49b8-90d4-8101c2fa62c7,467b15be-16c3-4241-8198-2234c1e0af31,"{Polish,Korean}",23-02-2022,
9dad7c1e-4873-4c93-96b0-5643e1377a72,b8b70484-5583-4159-95e9-47c6f06ec5a7,5cf9eb1e-2fa7-4457-a9f5-b66bf4a1615a,110fec8b-7d7a-4003-b5e5-f625bf34a8c2,"{Vietnamese,Persian (Farsi)}",19-06-2019,
9cc6fdee-5a03-496c-b451-494f1c93623e,064efeca-0ec8-4c83-b2a4-a1900ddc52b2,b6ba1d73-9aaa-411f-aef5-29d8988060d4,b044faa8-1455-4f92-b4db-a02893e2ebfd,"{Hindi,German}",30-01-2025,14-06-2025
6b8474d8-0559-4ee8-869b-947c7833dd5f,c5dc770f-c08e-4d9d-af82-b61c0067e29a,f17035a2-2cf6-4044-a0b3-052482fb95a7,abec3d61-9c38-4e1a-b05d-48f36bf4921c,"{Polish,English}",08-12-2021,12-11-2023
3f695cad-8bf9-4f8b-8f23-198902727fba,5154f4ea-d80b-4cf8-950d-cb0b595ff74e,79e9201d-2c72-41c3-a527-053295cc6605,0133636d-61b5-4edd-ad1b-006c9aac99d8,{Vietnamese},17-08-2022,
ed3f72b7-4605-49fd-920a-2e5086d027c0,714f20b2-5386-4452-b1a7-3f2262a54217,f131b194-c293-47d6-ae13-2e6430a1d0f9,5b0d33bb-8814-45b5-97c6-8f150031c626,{Hindi},15-05-2016,
b66e5dca-3446-46f9-b4b7-9e530a022ef2,df4341ab-74af-4ef4-8afc-60802e985b04,80ebadde-bd07-47e9-82e5-56c8a8713820,40c62f39-3642-4d3b-8c1f-38fb7bc4caaa,"{Tagalog,Polish,Vietnamese}",07-03-2023,
5baf4398-9acb-4f81-8ba8-33718593e4f8,dcecaba6-c110-4944-9096-077a421e5d8e,c5f3dc31-f2be-4efd-9904-de078d685c48,89c973a3-8d2e-4e1c-9697-3d2bd2c198e4,{German},28-11-2024,
a994f633-d362-47c6-b862-b0e5b42e8d84,aa50584e-7fd8-426c-81e2-c7abca432d73,6e156345-2eeb-49dc-b540-4dd9f3b9c9e7,98c3c5d8-0282-4c8b-adbb-0e7cc47253b5,"{Chinese,Arabic,Korean}",22-04-2022,
d852b01a-c820-4b22-a0fb-d14c4f3ee081,33e42f6f-5966-4808-8f6c-e46a61013d3c,1dc8c413-12ae-473b-93f0-2d97d92b6bd7,11c216b2-7844-4d8a-aa0a-9aca2d2cb95d,"{Spanish,Tagalog,Korean}",02-08-2023,
69e051f3-428a-44d8-87f9-bebf7157c935,e40bff9b-1c0e-48d2-b9c0-2b540f5dc04f,4d19fd05-ca94-458a-9784-963ccf6b177e,19f69d80-63aa-427d-baa1-548a7a5adceb,"{Korean,Chinese,Hindi}",01-09-2015,
66c97055-257d-4336-9815-fd4ccc75ca6a,900e5451-973c-482b-8701-004e1acf580b,6630cb94-8768-4948-9a1d-3cb3281ff44e,b20f7869-d1d6-4242-ae75-17ac9819eb3d,"{Tagalog,Hindi}",22-12-2024,
7fc6a128-4e89-441d-8763-32fd51a88440,c3cd0de3-0b51-4381-bd1a-9e6d7e5dec97,0e742713-6bcf-40a5-8675-32f56b985211,59fd5d02-b5d5-4189-93c0-21cbb4561cb0,"{Portuguese,Chinese,Vietnamese}",13-09-2023,
766b2ff9-9c44-4593-82b6-474e1891afdd,314c19be-caab-419a-9c10-8a9e9cfddb28,72a570a3-9175-48b3-9e7e-9e0039ed097f,50d10e50-7934-4fb2-94aa-c8cd59cd3fde,"{Portuguese,Japanese}",29-10-2019,24-06-2021
7b0d691e-1a4b-42a2-b4cc-519a88a930f9,1ee80718-39ba-4bed-9f98-d6ce5549c946,928727b2-b42a-4c7a-9409-47566b24dfd7,bdbc2276-4934-4e79-a939-12a9d0f184df,"{Hindi,Spanish}",03-01-2022,
6963db33-3a56-4115-8a5e-a5f26b96d63e,096998bd-8351-450b-b98c-301899859307,6c89ba13-d97b-4448-bf24-54f9c55a8df9,fe3e70fa-f5a2-450c-876b-af9e66f96e6f,"{Polish,Portuguese}",18-08-2016,
77e40d2d-63f2-407d-83be-7939c28327b7,ab64347a-f38b-40fd-90d5-20c885c6e679,c2528130-200c-42e4-b6aa-503c0ac65e28,64dc9821-5801-4b75-b32d-0687c5bf54da,{English},03-06-2017,
15da2b00-72b3-496e-8a19-049cf3dfd562,ec2d6740-5198-4689-a7d9-dcb55452fcd4,573b509f-fcf0-47d7-962a-2f465793c52d,cf48ae60-4754-4717-b756-431fd0cc1b9f,"{Persian (Farsi),Polish,Portuguese}",29-07-2018,29-02-2020
8674dc19-6b4f-422d-80c9-735fd4e0c937,16a5988b-3f8b-4312-bc84-c5ee6ab2fc75,bf1bffe3-314a-492d-98a2-c5a4139cd5e5,07113e8e-7946-43db-abfc-d3da55ea487a,{Japanese},11-03-2023,
c5cf6ebc-d7bb-4e58-b955-f9648112c054,ba00405e-ed31-46fc-b974-69ce131ef8f8,7ec45438-edfc-41af-bafa-92ff58756895,a9f67945-0393-4e57-b940-71742e4d695b,"{Chinese,Korean,French}",06-05-2016,
9add0445-a017-499e-98cc-066a5c4efb6d,045320e7-3031-409d-85d0-6f1d380c265b,f4bba457-bc9b-4d88-9323-18d09904e87f,bb908032-a05d-4008-939e-c8a6b81d1aad,"{French,German}",03-07-2018,
7f4abd77-27f3-4fc3-8497-50e2d3adcc8a,0de66b11-a981-47fe-9b72-f732c11c704a,08d3eed2-2689-421e-afa3-cd0a370d715f,b227b394-5621-41bf-8e2c-2aff4406297d,"{Korean,Hindi,Portuguese}",25-04-2019,
680b26b0-06c6-4479-acf5-0e6217645e0c,a4b33154-ac46-42ad-9b1e-d72ef5f19c6c,ef238431-fa53-48ee-83f0-07af9a1bdf15,2286b161-e404-4ff3-8299-b1c8058a08a9,"{English,Tagalog}",13-10-2022,
f24a9388-3f67-4ef5-b915-65966ebe180d,42c4744b-cdeb-45cf-b007-8272e09ea6a4,04f75fa7-53c0-4cf2-b793-b1a67d47096c,4b4a2349-ba00-4882-8b26-46652962a20f,"{Russian,French,Portuguese}",25-05-2021,
1145e3a8-d84d-4e6a-9d30-e8f704acccbf,933a8006-703b-451a-a41e-a0624b044d24,e14275e2-4c94-498b-9ae3-0c3f5b3184d1,b0ef36c1-8421-42f2-ac79-95c6c1a225d4,"{Vietnamese,Arabic}",22-10-2022,19-01-2025
28d96055-525b-40ec-a0d5-90ffa0a882ce,73e10821-f698-4ae5-b5dd-99e5ac13b76c,7dcb9371-3e15-4bc9-ae81-8e1b5098362d,43285c86-f92a-47da-80f0-9268a1725535,"{Tagalog,German}",26-03-2016,
390feccb-8f75-419e-a3db-677fe1cc54f5,ea3d9ae8-538b-4abf-87ad-0d05f0dc2e83,2c706092-b8ac-464a-87ea-2f226efd6606,f0e51d62-4098-4770-92fb-ac6edfd7a228,"{Korean,Tagalog,Hindi}",02-11-2022,
e2096a17-ca7d-41fa-a4ee-a3a714fb3bb6,74f36f4c-11c2-4737-956d-1e9430a872a8,9852f280-e6d1-4b39-b9e1-163e8fd5fab3,899c5500-2972-4718-87a4-66a6695d3a32,"{Chinese,English}",02-10-2022,
c1450403-c243-41da-a299-9c9ef899ea25,ec181938-449a-4e8e-be48-613096832010,3cf6cc5e-dddb-4253-9cfd-e15a1a4c98ac,56eb0b7d-2e3c-4382-9f8f-bbbbc72bb968,"{Persian (Farsi),Tagalog}",24-02-2021,
57ae64cb-c9d6-4827-97b0-03e8fc117ede,02b98aab-dd7c-4d23-9888-19aa7e4d8fbf,d07a0469-3ab8-4e65-9b96-b2754828359e,bbe90a70-b797-4592-bcb8-95a0b0e22647,"{Vietnamese,Hindi,Polish}",04-08-2024,22-11-2024
5f25646c-ce6c-4e27-b287-a1ea6cbeb67c,84be3d2a-5bf6-4d4a-906a-2ca40276a8b0,f58b6613-7ba0-4700-8dd5-4338229b7a73,ccf5b71a-cc45-4bd5-95c9-32fea8c164f3,"{Russian,German}",21-04-2024,17-11-2024
a83f00a4-cd66-437c-b319-0cf31d39169c,c761aa3a-068f-49ae-ad7f-c2e6c2426ef5,c2529ce4-21c6-4abb-93ca-c2c3b5f136d6,464a6176-5e63-4f0c-8fa1-bb6dacca6f2f,"{Tagalog,Hindi,Japanese}",11-03-2017,
1e26881c-3d3e-4d19-9106-e1c35ba6ba4a,5518b9a7-be91-4410-ba2e-c96afb90a2f6,40d0cd19-6d4b-473e-9d09-bf69487da9fd,75a59434-35d2-4c29-a66e-be9aad33a1b5,"{Arabic,Portuguese,Vietnamese}",27-02-2016,
aaa8445f-8f15-490d-828a-02c678cba50f,8b32d27b-ea03-4b1c-9aeb-de460ed75774,82bd4350-6bbb-4c7c-a6a7-f9a9300194cc,7f9fa988-0cac-41b6-bfda-47edd5e85eff,"{Vietnamese,Portuguese,Polish}",27-03-2016,
d8ff3080-6e31-439b-a6d1-fb47d974009f,81f340c7-c4ee-4ef2-ba27-f185356271ef,d7880784-a624-408f-980e-51c8792a06da,a5da276f-d3d0-4c33-b8c7-c429a481aa58,"{Spanish,Hindi}",24-06-2023,
40c1729f-e89a-465b-9625-8dd96f0104ad,859028bd-9db7-484c-a02c-7e0d28ca8fed,056be489-275a-4fb1-b0d7-cb0391d9d38e,b3950ada-64d2-495e-8218-c4b02b5651c3,"{Polish,German,French}",16-09-2015,
0ce7fd74-02ef-4e39-80ff-44d1b627f794,f5d57ac6-8cd8-40b3-8236-1327057235f8,1fe5cc8e-49bd-48fe-ac48-c1fee55b6dc3,cb7afbfb-35b1-4d01-8620-3ada49fdfb4b,"{Spanish,English,Russian}",14-12-2015,
f9e805d2-f965-4bc4-847f-1d0d12e2af7d,12d812b7-ee2e-4fbf-b4d6-f72b4624c260,bc23ee01-f0fe-4b06-8014-7199935d5f6c,55da151a-3b31-4fea-9a11-562b72c31ce5,"{Russian,Korean,French}",13-06-2024,
81119895-094a-4162-a755-eac0326cde7d,1dd3df6d-7b94-4acc-875c-c09634519631,bca0109a-911e-4a7e-bcc0-a0dc1af788a1,846fa91b-938c-4cc0-abd3-3bfb423093fb,{Portuguese},07-02-2021,
ad75011b-ee1d-4e17-9d28-2d19c909f584,a84b2779-e503-4a01-a98a-f06c0e435fc0,2df2540f-7095-4737-9f57-19b28917348c,c22bb098-0929-4367-94aa-08d85d5ee834,"{Spanish,Polish,Arabic}",09-05-2022,
88e9e5f1-d031-4d39-a2a0-fbeb00e33a66,2f4eecb2-8180-4d3c-be05-3a480af378ea,19705ae0-16c0-44ce-ba14-42e3879a4582,06d1f978-8614-4559-9419-a6f4ce09f657,{Portuguese},19-12-2023,
35b99541-f2c2-488e-85ef-c2809809e1b5,7e78fd91-ace6-4387-8c75-c884ff9f3cde,df650271-fb92-4470-8cd2-9916c22bfc89,b096e3fb-f8f3-4f3b-a714-969a7c7bf38c,{French},01-07-2021,
b47b4f68-6ea5-4880-82f9-b2507d3710a5,172fa4df-4ab5-4e11-a9b1-f092613cfdd4,85e5dbf7-c96a-4f58-80a3-d29888d76fc2,4452c53e-64e7-443a-96cf-e1ad4b44936c,{Arabic},15-06-2023,
01d6d33a-4485-4f5a-a1b6-f11ee2c53365,f69e85af-f27f-48fa-bfa9-79aee4d2f583,f18ad013-4949-42fb-849b-a5ee9c247608,fd7ea32b-52cd-4e35-bc6b-b923bc65e361,"{Chinese,Spanish,Hindi}",13-03-2018,
3445346a-2638-46a3-86a5-a98c657be09a,8f5c822e-97ce-497b-a79a-e8d1b79784ab,afdc7dc9-1596-4600-a5b7-dbacdb475bc5,312a10c2-230e-4493-a2e1-ce7c7be7e464,"{English,Chinese}",21-10-2019,
7d3d18f1-5714-41ea-b3fa-996aff2ce0d1,59e8f48e-3232-494a-a83a-8a54e89848a0,fe1083de-f689-4b87-b624-1d52e146c179,3c944241-626d-488e-b7bf-1ee281ae2128,{Arabic},15-02-2017,
28c27583-275c-4f6f-96f0-bc68a1b0c11d,d3c9a0bb-bd43-48c2-8201-5cebdc5a0a77,41067db4-c1e9-495f-b7e1-fa04282cbffb,89aebd45-1516-4fc4-80b7-c47732a87835,"{French,Polish}",25-02-2023,
91a3a90e-dc67-49be-b7b6-312b4827e3cd,7f721104-5c00-42cd-b919-29b7a0fa510c,874058eb-e50a-4026-b255-ef9edc72fc8b,887057d5-2c50-4cf0-b664-b589d57b06d3,"{Japanese,Tagalog,Arabic}",12-07-2024,
cda5152e-0c88-452c-a476-bcb39ad78f5c,a9cf5e4d-9003-49e4-8fab-e49c8774002e,858d429e-cecb-4763-8f27-386690d6649f,d057c539-4e9c-4c0c-b441-8c6515b64316,"{Arabic,Russian}",19-08-2017,
e2d7dbc2-420a-451f-b499-a5be9b19586f,679bd6d1-3fa0-4e27-aa5a-7a43ee986e1f,30e8d249-1501-4dde-baee-95d2571b59db,5807250d-b995-4f42-bda5-08bb8c00e627,"{Vietnamese,Tagalog,Hindi}",18-06-2020,
4248427b-ade9-4c7f-9287-d8e308e97466,1b27430e-12e1-48e0-bef5-f48d4ebe346c,b2bb396e-be9b-47f4-99e9-d4de8674a848,6d38c6c3-861e-46f2-9389-9d661a69c371,"{Vietnamese,Chinese,Japanese}",28-04-2017,
47bf90dc-533b-450d-82f1-5f8adf25b8f7,3107f2b9-4773-4ee1-9d47-ccd182e690d6,97e242de-f951-4fdd-bcaf-a9080241cec7,3d994e83-f99d-4873-b3c6-485f89600cd3,"{Polish,English}",03-11-2017,06-01-2023
ecdac723-b1fd-4a31-b6c2-53fb0d099755,e251fbd1-eb64-4fd0-965c-b43b9eaddbac,9b68c3ec-226c-4bc1-9608-fb860df321f6,ebf51855-72bb-4960-a1ad-0f46ab5619ba,"{Chinese,Tagalog,Hindi}",07-03-2019,
5448f606-451b-469e-96d9-8c292083a171,80629e7c-5888-442f-8c7a-b0df53bfff73,925571c6-979e-4713-9016-a51555fd82c5,13c8f20a-8813-422b-ae07-945179f886ca,"{Portuguese,German}",25-09-2023,
45b123a3-5fdc-4c4f-a827-c1037a332d86,51764151-8ada-409f-8a6c-c3fa90074449,7bcca962-0bc1-4f71-ac5b-ad5f84640397,8c670e62-cf97-4bec-a215-bc7ea8fe51c2,"{Japanese,Korean}",14-09-2017,11-11-2017
693bbe30-8886-44cd-95f9-f00c952011be,e3322659-82d6-4a7b-9b50-3176d5c64f15,344e2682-5f9d-4fed-99e9-d129aa4dc7bf,0585f8f0-c3cb-4fee-bd19-f49b8edf163d,"{Vietnamese,Persian (Farsi)}",12-06-2022,
79734ff8-5dca-455e-ae84-39e4ac8e8170,2eda7e23-97e5-4749-b5fc-4e19340bc706,dd38ecc2-d034-4fa2-a26a-06215dc8d4ed,f9ff7ce7-ed7a-4756-b572-c72c418487da,"{English,Russian,French}",15-11-2024,14-02-2025
738e5861-b5f7-4302-b706-f98f3f2eb22a,b858ed4f-e1a0-45c5-9a7c-da39ac5ba4f9,fe940f5b-46b4-4f53-8513-01b1ca04623c,c08ea16f-61d6-447e-bb20-d92361fa43dc,"{Persian (Farsi),Chinese}",18-03-2020,
b53137cb-19c5-43fd-8475-d863bf80c3f2,ecc42924-60f6-4adc-9fb2-43703f852795,4e193eb6-e8d4-49c9-be44-791fe75ca6ec,28da38df-f000-4125-8d8e-392114153da6,{Korean},25-09-2023,
ecf7e9b0-9dda-4f47-9152-99996ee71276,18aec44a-80be-4885-9c10-2108f64dde91,209a05a7-db82-426d-8b9b-9fab0b638d13,c7e85c40-146c-4957-bc58-a27ea03bc6b5,{Vietnamese},12-08-2020,11-03-2025
a55ad52c-6093-4b10-b6b8-cd3d95e42e84,04e7fb12-d950-4aef-834d-204f1a5b2e46,9bbbb9f9-0072-4334-82e5-d9adc61bd1a0,0e7b24eb-0ddf-4e20-b235-8a26cba092e0,{Tagalog},21-12-2018,
0c972deb-0e51-4789-8159-fd8cd8a1eef5,bae1e11d-50d3-4f39-9ce8-42306e023e48,9176f3da-fd3a-4dda-a958-04cf9c6ebde2,fb3f4dc9-1f5b-4a58-93b6-fa9e47c92bce,"{Japanese,Persian (Farsi),French}",04-11-2015,01-11-2024
459118e3-69f7-409c-a39b-a0e0b9e44bf4,303baa56-150a-4d8c-95c4-cd24447a0b77,904842b1-bd43-497b-9fc1-508ae93153a1,f6aed8c0-1088-4baf-b4f3-2b3e786fb88c,"{Vietnamese,French,Korean}",16-06-2019,
1a957c37-952e-4dfe-ae94-e647ee04f9ef,2e09210b-88f7-4c4b-8468-8a1de611907e,32aef15c-ded1-476c-a63f-692a7e68c334,ed250b50-f494-4751-98b2-8d703eb771cc,"{Portuguese,Hindi,Persian (Farsi)}",25-10-2016,08-12-2021
1ce2f203-e1d6-4f74-b27c-164264da7df8,5ef4281a-019a-454d-b045-415a55f8ac0f,d6f50764-0bdf-4683-b382-4761eb22e12c,e3fd84f4-fde0-4659-a3ad-1a6c1cc0cbb3,"{Hindi,Japanese,Chinese}",04-10-2018,
e0cd062a-0aff-4d1a-a0b4-a09f8aa7e339,366cf19b-acd7-4840-b58e-cb0d48dd26d4,fa0ea174-9168-40a5-921c-2b5ad6297521,8a33070e-578e-4e33-baa0-691c390b0c03,"{Tagalog,Arabic}",20-02-2020,
fdf2cbd0-8e0a-485a-a750-3281aff969c4,be1f8b8f-e39e-4672-bb86-88c9b511ceb9,0e2d3be0-f01d-4887-b87a-5838c1d10568,89964105-858e-4f00-b66d-8ae29db309bc,"{Chinese,Tagalog,Vietnamese}",09-12-2018,
1687a6a9-cfdc-4a43-ab75-25359d9d29c3,2b342600-f375-40cf-a033-eecfa2bccec7,572c3215-40e1-4931-9b75-9dcd4b22ae71,b625d89a-d494-48e8-b750-9cda175eb0cb,"{Korean,English,Tagalog}",10-10-2023,
7fa7da85-6c70-463c-8fdd-7f3857bcb50a,e654ded6-e411-465f-aed8-861a8c313c49,cd62602e-35cb-48f2-9266-16b72aabc8ed,5830bf35-e552-4473-8cbd-041ee34eb90d,{Spanish},29-07-2024,
2c151ac5-8fb8-4b5f-bdc2-29eb38ed2d06,ff1caf99-5456-46c1-bd4b-8c3d1d7caaeb,2513288b-f15d-47f3-910b-400593b7578d,efe18e0a-2187-4b4c-a3c0-0389d1cc960d,"{Vietnamese,Japanese}",06-12-2022,
b8b0b1bf-ff1e-4311-aace-ef3c704ffc20,4a9d107a-704c-4248-8ad7-f2cc4e9134db,ad90a9ca-ed27-4648-8e4a-d9af04db3057,f145b762-4d6f-46ab-8a82-97fbee8cbbf8,"{Spanish,Vietnamese}",04-12-2020,
bca726ad-fc19-4882-b9ca-274706e96107,117108b3-3f5b-4889-8f19-9f5ccd76b768,5539e2f8-685e-43d8-8f79-4e3932d7c84d,d62d8a15-43f1-40aa-bbc3-b79378fd58e0,"{Hindi,Tagalog}",01-06-2018,
9d52b47b-65d9-4d0c-91a7-512aaedcc3cb,a646862b-4b08-4422-9014-7798b3e0be68,20ad25ff-1508-43c1-b535-b3820417d2f1,d57c2538-94de-4cc8-ad39-6cce2ec5834b,"{French,Arabic,Vietnamese}",02-06-2025,
c1702598-3f7d-4be9-b399-ba4c1d5aad3b,991a1253-0997-487a-a49d-13a09c295ebb,20fe9533-57ac-4440-9ce8-e845d6ebbd46,e9cc489c-f98f-4436-8439-46ea1403e987,"{Tagalog,Chinese,Portuguese}",29-09-2018,
9b6fd9d7-0418-47dc-8737-cf5e21ed8e11,38edd323-57d5-4a0b-ad1c-b796f2df151a,e608b8c4-0406-4161-88e9-c32fb4df0e72,b3b76d54-a771-47fe-8e02-c7e29696c294,"{Arabic,French,German}",23-12-2017,
ed1db043-944b-48f0-afed-d94bb26b714d,00d31c07-7208-4406-8c44-029935e2593e,68d77924-e5a3-4866-8d5e-ce6e9ec29026,8dcb9cdb-2e73-4af8-83a6-6e89d9190148,"{Polish,Korean,Russian}",31-07-2020,
